Annotation,Word Count,Character Count,Search Volume,Follower Count,Last Updated,Annotation Id,Category Tree,Category Tree Links,Annotation Link
entryway ideas,2,14,"623,960",0,"Sep 15, 2026",939790496305,Home Decor > Entryway > Entryway Ideas,https://www.pinterest.com/ideas/home-decor/935249274030/ > https://www.pinterest.com/ideas/entryway/947659681346/ > https://www.pinterest.com/ideas/entryway-ideas/939790496305/,https://www.pinterest.com/ideas/entryway-ideas/939790496305/
entryway decor,2,14,"285,862",33,"Sep 15, 2026",921715628295,Home Decor > Entryway > Entryway Decor,https://www.pinterest.com/ideas/home-decor/935249274030/ > https://www.pinterest.com/ideas/entryway/947659681346/ > https://www.pinterest.com/ideas/entryway-decor/921715628295/,https://www.pinterest.com/ideas/entryway-decor/921715628295/
entryway table decor,3,20,"150,637",0,"Sep 13, 2026",908598867824,Home Decor > Entryway > Entryway Table Decor,https://www.pinterest.com/ideas/home-decor/935249274030/ > https://www.pinterest.com/ideas/entryway/947659681346/ > https://www.pinterest.com/ideas/entryway-table-decor/908598867824/,https://www.pinterest.com/ideas/entryway-table-decor/908598867824/
small entryway ideas,3,20,"148,125",0,"Sep 15, 2026",899791538691,Home Decor > Entryway > Entryway Ideas > Small Entryway Ideas,https://www.pinterest.com/ideas/home-decor/935249274030/ > https://www.pinterest.com/ideas/entryway/947659681346/ > https://www.pinterest.com/ideas/entryway-ideas/939790496305/ > https://www.pinterest.com/ideas/small-entryway-ideas/899791538691/,https://www.pinterest.com/ideas/small-entryway-ideas/899791538691/
entryway table,2,14,"74,509",0,"Sep 13, 2026",922445970389,Home Decor > Entryway > Entryway Table,https://www.pinterest.com/ideas/home-decor/935249274030/ > https://www.pinterest.com/ideas/entryway/947659681346/ > https://www.pinterest.com/ideas/entryway-table/922445970389/,https://www.pinterest.com/ideas/entryway-table/922445970389/
small entryway,2,14,"48,310","23,427","Sep 15, 2026",956370616562,Home Decor > Entryway > Entryway Ideas > Small Entryway,https://www.pinterest.com/ideas/home-decor/935249274030/ > https://www.pinterest.com/ideas/entryway/947659681346/ > https://www.pinterest.com/ideas/entryway-ideas/939790496305/ > https://www.pinterest.com/ideas/small-entryway/956370616562/,https://www.pinterest.com/ideas/small-entryway/956370616562/
entryway bench,2,14,"48,037",67,"Sep 17, 2026",937964322991,Home Decor > Entryway > Entryway Decor > Entryway Bench,https://www.pinterest.com/ideas/home-decor/935249274030/ > https://www.pinterest.com/ideas/entryway/947659681346/ > https://www.pinterest.com/ideas/entryway-decor/921715628295/ > https://www.pinterest.com/ideas/entryway-bench/937964322991/,https://www.pinterest.com/ideas/entryway-bench/937964322991/
entryway decor ideas,3,20,"42,631",0,"Sep 13, 2026",947544304992,Home Decor > Entryway > Entryway Decor > Entryway Decor Ideas,https://www.pinterest.com/ideas/home-decor/935249274030/ > https://www.pinterest.com/ideas/entryway/947659681346/ > https://www.pinterest.com/ideas/entryway-decor/921715628295/ > https://www.pinterest.com/ideas/entryway-decor-ideas/947544304992/,https://www.pinterest.com/ideas/entryway-decor-ideas/947544304992/
entryway storage,2,16,"38,791",16,"Sep 17, 2026",898874309453,Home Decor > Storage And Organization > Entryway Storage,https://www.pinterest.com/ideas/home-decor/935249274030/ > https://www.pinterest.com/ideas/storage-and-organization/896864884493/ > https://www.pinterest.com/ideas/entryway-storage/898874309453/,https://www.pinterest.com/ideas/entryway-storage/898874309453/
apartment entryway ideas,3,24,"28,772",0,"Sep 15, 2026",961751633993,Home Decor > Entryway > Entryway Ideas > Apartment Entryway Ideas,https://www.pinterest.com/ideas/home-decor/935249274030/ > https://www.pinterest.com/ideas/entryway/947659681346/ > https://www.pinterest.com/ideas/entryway-ideas/939790496305/ > https://www.pinterest.com/ideas/apartment-entryway-ideas/961751633993/,https://www.pinterest.com/ideas/apartment-entryway-ideas/961751633993/
entryway shoe storage,3,21,"20,844",4,"Sep 17, 2026",894431585511,Home Decor > Storage And Organization > Entryway Shoe Storage,https://www.pinterest.com/ideas/home-decor/935249274030/ > https://www.pinterest.com/ideas/storage-and-organization/896864884493/ > https://www.pinterest.com/ideas/entryway-shoe-storage/894431585511/,https://www.pinterest.com/ideas/entryway-shoe-storage/894431585511/
apartment entryway,2,18,"20,232",0,"Sep 15, 2026",953963175458,Home Decor > Entryway > Entryway Ideas > Apartment Entryway,https://www.pinterest.com/ideas/home-decor/935249274030/ > https://www.pinterest.com/ideas/entryway/947659681346/ > https://www.pinterest.com/ideas/entryway-ideas/939790496305/ > https://www.pinterest.com/ideas/apartment-entryway/953963175458/,https://www.pinterest.com/ideas/apartment-entryway/953963175458/
entryway rug,2,12,"19,317",0,"Sep 17, 2026",943164933280,Home Decor > Entryway > Entryway Ideas > Entryway Rug,https://www.pinterest.com/ideas/home-decor/935249274030/ > https://www.pinterest.com/ideas/entryway/947659681346/ > https://www.pinterest.com/ideas/entryway-ideas/939790496305/ > https://www.pinterest.com/ideas/entryway-rug/943164933280/,https://www.pinterest.com/ideas/entryway-rug/943164933280/
small entryway decor,3,20,"18,860",390,"Sep 15, 2026",930559916670,Home Decor > Entryway > Entryway Decor > Small Entryway Decor,https://www.pinterest.com/ideas/home-decor/935249274030/ > https://www.pinterest.com/ideas/entryway/947659681346/ > https://www.pinterest.com/ideas/entryway-decor/921715628295/ > https://www.pinterest.com/ideas/small-entryway-decor/930559916670/,https://www.pinterest.com/ideas/small-entryway-decor/930559916670/
entryway light fixture,3,22,"18,568",0,"Sep 15, 2026",957533116362,Home Decor > Entryway > Entryway Light Fixture,https://www.pinterest.com/ideas/home-decor/935249274030/ > https://www.pinterest.com/ideas/entryway/947659681346/ > https://www.pinterest.com/ideas/entryway-light-fixture/957533116362/,https://www.pinterest.com/ideas/entryway-light-fixture/957533116362/
entryway design,2,15,"16,899",0,"Sep 17, 2026",907133521626,Design > Interior Design > House Design > Entryway Design,https://www.pinterest.com/ideas/design/902065567321/ > https://www.pinterest.com/ideas/interior-design/922773544354/ > https://www.pinterest.com/ideas/house-design/899991296769/ > https://www.pinterest.com/ideas/entryway-design/907133521626/,https://www.pinterest.com/ideas/entryway-design/907133521626/
entryway console table,3,22,"16,334",0,"Sep 13, 2026",905800724680,Home Decor > Entryway > Entryway Console Table,https://www.pinterest.com/ideas/home-decor/935249274030/ > https://www.pinterest.com/ideas/entryway/947659681346/ > https://www.pinterest.com/ideas/entryway-console-table/905800724680/,https://www.pinterest.com/ideas/entryway-console-table/905800724680/
entryway table ideas,3,20,"15,421",0,"Sep 13, 2026",918074945575,Home Decor > Entryway > Entryway Table Ideas,https://www.pinterest.com/ideas/home-decor/935249274030/ > https://www.pinterest.com/ideas/entryway/947659681346/ > https://www.pinterest.com/ideas/entryway-table-ideas/918074945575/,https://www.pinterest.com/ideas/entryway-table-ideas/918074945575/
entryway bench ideas,3,20,"14,515",0,"Sep 17, 2026",895229729758,Home Decor > Entryway > Entryway Bench Ideas,https://www.pinterest.com/ideas/home-decor/935249274030/ > https://www.pinterest.com/ideas/entryway/947659681346/ > https://www.pinterest.com/ideas/entryway-bench-ideas/895229729758/,https://www.pinterest.com/ideas/entryway-bench-ideas/895229729758/
entryway wall decor,3,19,"13,575",1,"Sep 13, 2026",935189839820,Home Decor > Entryway > Entryway Wall Art > Entryway Wall Decor,https://www.pinterest.com/ideas/home-decor/935249274030/ > https://www.pinterest.com/ideas/entryway/947659681346/ > https://www.pinterest.com/ideas/entryway-wall-art/924844456068/ > https://www.pinterest.com/ideas/entryway-wall-decor/935189839820/,https://www.pinterest.com/ideas/entryway-wall-decor/935189839820/
entryway closet,2,15,"13,495",3,"Sep 17, 2026",914937916147,Home Decor > Entryway > Entryway Closet,https://www.pinterest.com/ideas/home-decor/935249274030/ > https://www.pinterest.com/ideas/entryway/947659681346/ > https://www.pinterest.com/ideas/entryway-closet/914937916147/,https://www.pinterest.com/ideas/entryway-closet/914937916147/
entryway table decor ideas,4,26,"12,349",0,"Sep 15, 2026",914079566579,Home Decor > Entryway > Entryway Table Decor Ideas,https://www.pinterest.com/ideas/home-decor/935249274030/ > https://www.pinterest.com/ideas/entryway/947659681346/ > https://www.pinterest.com/ideas/entryway-table-decor-ideas/914079566579/,https://www.pinterest.com/ideas/entryway-table-decor-ideas/914079566579/
entryway lighting,2,17,"12,318",1,"Sep 15, 2026",948842234344,Home Decor > Entryway > Entryway Lighting,https://www.pinterest.com/ideas/home-decor/935249274030/ > https://www.pinterest.com/ideas/entryway/947659681346/ > https://www.pinterest.com/ideas/entryway-lighting/948842234344/,https://www.pinterest.com/ideas/entryway-lighting/948842234344/
entryway wallpaper,2,18,"12,045",0,"Sep 17, 2026",955084974818,Home Decor > Entryway > Entryway Wallpaper,https://www.pinterest.com/ideas/home-decor/935249274030/ > https://www.pinterest.com/ideas/entryway/947659681346/ > https://www.pinterest.com/ideas/entryway-wallpaper/955084974818/,https://www.pinterest.com/ideas/entryway-wallpaper/955084974818/
entryway chandelier,2,19,"11,618",0,"Sep 17, 2026",917520278386,Home Decor > Entryway > Entryway Chandelier,https://www.pinterest.com/ideas/home-decor/935249274030/ > https://www.pinterest.com/ideas/entryway/947659681346/ > https://www.pinterest.com/ideas/entryway-chandelier/917520278386/,https://www.pinterest.com/ideas/entryway-chandelier/917520278386/
entryway divider,2,16,"11,219",0,"Sep 17, 2026",908642265812,Home Decor > Entryway > Entryway Ideas > Entryway Divider,https://www.pinterest.com/ideas/home-decor/935249274030/ > https://www.pinterest.com/ideas/entryway/947659681346/ > https://www.pinterest.com/ideas/entryway-ideas/939790496305/ > https://www.pinterest.com/ideas/entryway-divider/908642265812/,https://www.pinterest.com/ideas/entryway-divider/908642265812/
entryway cabinet,2,16,"10,840",0,"Sep 17, 2026",918480542768,Home Decor > Entryway > Entryway Cabinet,https://www.pinterest.com/ideas/home-decor/935249274030/ > https://www.pinterest.com/ideas/entryway/947659681346/ > https://www.pinterest.com/ideas/entryway-cabinet/918480542768/,https://www.pinterest.com/ideas/entryway-cabinet/918480542768/
entryway storage ideas,3,22,"10,839",0,"Sep 17, 2026",929408517826,Home Decor > Storage And Organization > Entryway Storage > Entryway Storage Ideas,https://www.pinterest.com/ideas/home-decor/935249274030/ > https://www.pinterest.com/ideas/storage-and-organization/896864884493/ > https://www.pinterest.com/ideas/entryway-storage/898874309453/ > https://www.pinterest.com/ideas/entryway-storage-ideas/929408517826/,https://www.pinterest.com/ideas/entryway-storage-ideas/929408517826/
entryway wall ideas,3,19,"9,904",0,"Sep 13, 2026",924448885920,Home Decor > Entryway > Entryway Wall Ideas,https://www.pinterest.com/ideas/home-decor/935249274030/ > https://www.pinterest.com/ideas/entryway/947659681346/ > https://www.pinterest.com/ideas/entryway-wall-ideas/924448885920/,https://www.pinterest.com/ideas/entryway-wall-ideas/924448885920/
entryway rug ideas,3,18,"9,418",0,"Sep 17, 2026",907023245394,Home Decor > Entryway > Entryway Rug Ideas,https://www.pinterest.com/ideas/home-decor/935249274030/ > https://www.pinterest.com/ideas/entryway/947659681346/ > https://www.pinterest.com/ideas/entryway-rug-ideas/907023245394/,https://www.pinterest.com/ideas/entryway-rug-ideas/907023245394/
entryway ideas small entrance,4,29,"9,132",0,"Sep 15, 2026",952101155459,Home Decor > Entryway > Entryway Ideas > Entryway Ideas Small Entrance,https://www.pinterest.com/ideas/home-decor/935249274030/ > https://www.pinterest.com/ideas/entryway/947659681346/ > https://www.pinterest.com/ideas/entryway-ideas/939790496305/ > https://www.pinterest.com/ideas/entryway-ideas-small-entrance/952101155459/,https://www.pinterest.com/ideas/entryway-ideas-small-entrance/952101155459/
small entryway table,3,20,"9,130",0,"Sep 15, 2026",953407315799,Home Decor > Entryway > Entry Table > Small Entryway Table,https://www.pinterest.com/ideas/home-decor/935249274030/ > https://www.pinterest.com/ideas/entryway/947659681346/ > https://www.pinterest.com/ideas/entry-table/893952468325/ > https://www.pinterest.com/ideas/small-entryway-table/953407315799/,https://www.pinterest.com/ideas/small-entryway-table/953407315799/
entryway shoe storage ideas,4,27,"9,003",0,"Sep 17, 2026",896822190812,Home Decor > Entryway > Entryway Shoe Storage Ideas,https://www.pinterest.com/ideas/home-decor/935249274030/ > https://www.pinterest.com/ideas/entryway/947659681346/ > https://www.pinterest.com/ideas/entryway-shoe-storage-ideas/896822190812/,https://www.pinterest.com/ideas/entryway-shoe-storage-ideas/896822190812/
small front entryway ideas,4,26,"8,152",0,"Sep 15, 2026",942775170485,Home Decor > Entryway > Entryway Ideas > Small Front Entryway Ideas,https://www.pinterest.com/ideas/home-decor/935249274030/ > https://www.pinterest.com/ideas/entryway/947659681346/ > https://www.pinterest.com/ideas/entryway-ideas/939790496305/ > https://www.pinterest.com/ideas/small-front-entryway-ideas/942775170485/,https://www.pinterest.com/ideas/small-front-entryway-ideas/942775170485/
small entryways,2,15,"7,891",16,"Sep 15, 2026",918493910163,Home Decor > Entryway > Entryway Ideas > Small Entryways,https://www.pinterest.com/ideas/home-decor/935249274030/ > https://www.pinterest.com/ideas/entryway/947659681346/ > https://www.pinterest.com/ideas/entryway-ideas/939790496305/ > https://www.pinterest.com/ideas/small-entryways/918493910163/,https://www.pinterest.com/ideas/small-entryways/918493910163/
entryway closet ideas,3,21,"7,852",0,"Sep 10, 2026",958640993004,Home Decor > Storage And Organization > Entryway Storage > Entryway Closet Ideas,https://www.pinterest.com/ideas/home-decor/935249274030/ > https://www.pinterest.com/ideas/storage-and-organization/896864884493/ > https://www.pinterest.com/ideas/entryway-storage/898874309453/ > https://www.pinterest.com/ideas/entryway-closet-ideas/958640993004/,https://www.pinterest.com/ideas/entryway-closet-ideas/958640993004/
entryway mirror ideas,3,21,"7,817",0,"Sep 15, 2026",950296860099,Home Decor > Home Accessories > Mirror > Entryway Mirror Ideas,https://www.pinterest.com/ideas/home-decor/935249274030/ > https://www.pinterest.com/ideas/home-accessories/946284018351/ > https://www.pinterest.com/ideas/mirror/952415767028/ > https://www.pinterest.com/ideas/entryway-mirror-ideas/950296860099/,https://www.pinterest.com/ideas/entryway-mirror-ideas/950296860099/
entryway bench decor,3,20,"6,701",0,"Sep 17, 2026",898453241755,Home Decor > Entryway > Entryway Decor > Entryway Bench Decor,https://www.pinterest.com/ideas/home-decor/935249274030/ > https://www.pinterest.com/ideas/entryway/947659681346/ > https://www.pinterest.com/ideas/entryway-decor/921715628295/ > https://www.pinterest.com/ideas/entryway-bench-decor/898453241755/,https://www.pinterest.com/ideas/entryway-bench-decor/898453241755/
entryway partition,2,18,"6,646",0,"Sep 15, 2026",921034440399,Home Decor > Entryway > Entryway Decor > Entryway Partition,https://www.pinterest.com/ideas/home-decor/935249274030/ > https://www.pinterest.com/ideas/entryway/947659681346/ > https://www.pinterest.com/ideas/entryway-decor/921715628295/ > https://www.pinterest.com/ideas/entryway-partition/921034440399/,https://www.pinterest.com/ideas/entryway-partition/921034440399/
entryway wall,2,13,"6,446",0,"Sep 13, 2026",941747126033,Home Decor > Entryway > Entryway Wall,https://www.pinterest.com/ideas/home-decor/935249274030/ > https://www.pinterest.com/ideas/entryway/947659681346/ > https://www.pinterest.com/ideas/entryway-wall/941747126033/,https://www.pinterest.com/ideas/entryway-wall/941747126033/
entryway tile floor,3,19,"5,844",0,"Sep 13, 2026",925694444567,Design > Interior Design > Interior Projects > Entryway Tile Floor,https://www.pinterest.com/ideas/design/902065567321/ > https://www.pinterest.com/ideas/interior-design/922773544354/ > https://www.pinterest.com/ideas/interior-projects/912784777839/ > https://www.pinterest.com/ideas/entryway-tile-floor/925694444567/,https://www.pinterest.com/ideas/entryway-tile-floor/925694444567/
entryway hooks,2,14,"5,730",0,"Sep 15, 2026",935837502726,Home Decor > Entryway > Entryway Coat Rack > Entryway Hooks,https://www.pinterest.com/ideas/home-decor/935249274030/ > https://www.pinterest.com/ideas/entryway/947659681346/ > https://www.pinterest.com/ideas/entryway-coat-rack/908024983478/ > https://www.pinterest.com/ideas/entryway-hooks/935837502726/,https://www.pinterest.com/ideas/entryway-hooks/935837502726/
entryway ideas with bench,4,25,"5,725",0,"Sep 17, 2026",953514465274,Home Decor > Entryway > Entryway Ideas > Entryway Ideas With Bench,https://www.pinterest.com/ideas/home-decor/935249274030/ > https://www.pinterest.com/ideas/entryway/947659681346/ > https://www.pinterest.com/ideas/entryway-ideas/939790496305/ > https://www.pinterest.com/ideas/entryway-ideas-with-bench/953514465274/,https://www.pinterest.com/ideas/entryway-ideas-with-bench/953514465274/
small entryway storage ideas,4,28,"5,721",0,"Sep 17, 2026",907541606140,Home Decor > Entryway > Entryway Ideas > Small Entryway Storage Ideas,https://www.pinterest.com/ideas/home-decor/935249274030/ > https://www.pinterest.com/ideas/entryway/947659681346/ > https://www.pinterest.com/ideas/entryway-ideas/939790496305/ > https://www.pinterest.com/ideas/small-entryway-storage-ideas/907541606140/,https://www.pinterest.com/ideas/small-entryway-storage-ideas/907541606140/
entryway organization,2,21,"5,706",8,"Sep 14, 2026",952539941182,Home Decor > Storage And Organization > Entryway Organization,https://www.pinterest.com/ideas/home-decor/935249274030/ > https://www.pinterest.com/ideas/storage-and-organization/896864884493/ > https://www.pinterest.com/ideas/entryway-organization/952539941182/,https://www.pinterest.com/ideas/entryway-organization/952539941182/
entryway art,2,12,"5,693",0,"Sep 17, 2026",941173443438,Art > Art Topics > Art Images > Entryway Art,https://www.pinterest.com/ideas/art/961238559656/ > https://www.pinterest.com/ideas/art-topics/920590352323/ > https://www.pinterest.com/ideas/art-images/935571162621/ > https://www.pinterest.com/ideas/entryway-art/941173443438/,https://www.pinterest.com/ideas/entryway-art/941173443438/
entryway flooring ideas,3,23,"5,643",0,"Sep 14, 2026",913226032062,Home Decor > Entryway > Entryway Flooring > Entryway Flooring Ideas,https://www.pinterest.com/ideas/home-decor/935249274030/ > https://www.pinterest.com/ideas/entryway/947659681346/ > https://www.pinterest.com/ideas/entryway-flooring/911382513773/ > https://www.pinterest.com/ideas/entryway-flooring-ideas/913226032062/,https://www.pinterest.com/ideas/entryway-flooring-ideas/913226032062/
small entryway closet ideas,4,27,"5,487",0,"Sep 17, 2026",928639067536,Home Decor > Entryway > Small Entryway Closet Ideas,https://www.pinterest.com/ideas/home-decor/935249274030/ > https://www.pinterest.com/ideas/entryway/947659681346/ > https://www.pinterest.com/ideas/small-entryway-closet-ideas/928639067536/,https://www.pinterest.com/ideas/small-entryway-closet-ideas/928639067536/
entryway mudroom ideas,3,22,"5,467",0,"Sep 15, 2026",918379199099,Home Decor > Entryway > Entryway Ideas > Entryway Mudroom Ideas,https://www.pinterest.com/ideas/home-decor/935249274030/ > https://www.pinterest.com/ideas/entryway/947659681346/ > https://www.pinterest.com/ideas/entryway-ideas/939790496305/ > https://www.pinterest.com/ideas/entryway-mudroom-ideas/918379199099/,https://www.pinterest.com/ideas/entryway-mudroom-ideas/918379199099/
entryway console,2,16,"5,203",0,"Sep 15, 2026",904454657818,Home Decor > Entryway > Entry Table > Entryway Console,https://www.pinterest.com/ideas/home-decor/935249274030/ > https://www.pinterest.com/ideas/entryway/947659681346/ > https://www.pinterest.com/ideas/entry-table/893952468325/ > https://www.pinterest.com/ideas/entryway-console/904454657818/,https://www.pinterest.com/ideas/entryway-console/904454657818/
entryway paint colors,3,21,"5,191",0,"Sep 17, 2026",934876759803,Home Decor > Entryway > Entryway Paint Colors,https://www.pinterest.com/ideas/home-decor/935249274030/ > https://www.pinterest.com/ideas/entryway/947659681346/ > https://www.pinterest.com/ideas/entryway-paint-colors/934876759803/,https://www.pinterest.com/ideas/entryway-paint-colors/934876759803/
entryway styling,2,16,"5,037",0,"Sep 15, 2026",921731903312,Home Decor > Entryway > Entryway Decor > Entryway Styling,https://www.pinterest.com/ideas/home-decor/935249274030/ > https://www.pinterest.com/ideas/entryway/947659681346/ > https://www.pinterest.com/ideas/entryway-decor/921715628295/ > https://www.pinterest.com/ideas/entryway-styling/921731903312/,https://www.pinterest.com/ideas/entryway-styling/921731903312/
entryway tables,2,15,"5,018",17,"Sep 17, 2026",955830446970,Home Decor > Entryway > Entryway Tables,https://www.pinterest.com/ideas/home-decor/935249274030/ > https://www.pinterest.com/ideas/entryway/947659681346/ > https://www.pinterest.com/ideas/entryway-tables/955830446970/,https://www.pinterest.com/ideas/entryway-tables/955830446970/
entryway shelf,2,14,"4,989",1,"Sep 15, 2026",935713534633,Home Decor > Entryway > Entryway Shelf,https://www.pinterest.com/ideas/home-decor/935249274030/ > https://www.pinterest.com/ideas/entryway/947659681346/ > https://www.pinterest.com/ideas/entryway-shelf/935713534633/,https://www.pinterest.com/ideas/entryway-shelf/935713534633/
entryway design ideas,3,21,"4,975",0,"Sep 14, 2026",904588121271,Design > Design Ideas > Design Near Staircase > Entryway Design Ideas,https://www.pinterest.com/ideas/design/902065567321/ > https://www.pinterest.com/ideas/design-ideas/947141551186/ > https://www.pinterest.com/ideas/design-near-staircase/908288303115/ > https://www.pinterest.com/ideas/entryway-design-ideas/904588121271/,https://www.pinterest.com/ideas/entryway-design-ideas/904588121271/
entryway hallway ideas,3,22,"4,900",0,"Sep 17, 2026",936755511068,Home Decor > Entryway > Entryway Hallway Ideas,https://www.pinterest.com/ideas/home-decor/935249274030/ > https://www.pinterest.com/ideas/entryway/947659681346/ > https://www.pinterest.com/ideas/entryway-hallway-ideas/936755511068/,https://www.pinterest.com/ideas/entryway-hallway-ideas/936755511068/
entryway accent wall ideas,4,26,"4,895",0,"Sep 17, 2026",910633673197,Design > Interior Design > Interior Design Space Planning > Entryway Accent Wall Ideas,https://www.pinterest.com/ideas/design/902065567321/ > https://www.pinterest.com/ideas/interior-design/922773544354/ > https://www.pinterest.com/ideas/interior-design-space-planning/950303092107/ > https://www.pinterest.com/ideas/entryway-accent-wall-ideas/910633673197/,https://www.pinterest.com/ideas/entryway-accent-wall-ideas/910633673197/
entryway inspiration,2,20,"4,856",0,"Sep 17, 2026",928075607406,Home Decor > Entryway > Entryway Ideas > Entryway Inspiration,https://www.pinterest.com/ideas/home-decor/935249274030/ > https://www.pinterest.com/ideas/entryway/947659681346/ > https://www.pinterest.com/ideas/entryway-ideas/939790496305/ > https://www.pinterest.com/ideas/entryway-inspiration/928075607406/,https://www.pinterest.com/ideas/entryway-inspiration/928075607406/
entryway console table ideas,4,28,"4,729",0,"Sep 15, 2026",959008723937,Home Decor > Entryway > Entry Table > Entryway Console Table Ideas,https://www.pinterest.com/ideas/home-decor/935249274030/ > https://www.pinterest.com/ideas/entryway/947659681346/ > https://www.pinterest.com/ideas/entry-table/893952468325/ > https://www.pinterest.com/ideas/entryway-console-table-ideas/959008723937/,https://www.pinterest.com/ideas/entryway-console-table-ideas/959008723937/
entryway closet organization,3,28,"4,615",0,"Sep 13, 2026",915603127256,Home Decor > Storage And Organization > Closet > Entryway Closet Organization,https://www.pinterest.com/ideas/home-decor/935249274030/ > https://www.pinterest.com/ideas/storage-and-organization/896864884493/ > https://www.pinterest.com/ideas/closet/919930442358/ > https://www.pinterest.com/ideas/entryway-closet-organization/915603127256/,https://www.pinterest.com/ideas/entryway-closet-organization/915603127256/
entryway seating ideas,3,22,"4,565",0,"Sep 17, 2026",946081387490,Home Decor > Entryway > Entryway Seating Ideas,https://www.pinterest.com/ideas/home-decor/935249274030/ > https://www.pinterest.com/ideas/entryway/947659681346/ > https://www.pinterest.com/ideas/entryway-seating-ideas/946081387490/,https://www.pinterest.com/ideas/entryway-seating-ideas/946081387490/
entryway cabinet ideas,3,22,"4,511",0,"Sep 17, 2026",925433897378,Home Decor > Entryway > Entryway Ideas > Entryway Cabinet Ideas,https://www.pinterest.com/ideas/home-decor/935249274030/ > https://www.pinterest.com/ideas/entryway/947659681346/ > https://www.pinterest.com/ideas/entryway-ideas/939790496305/ > https://www.pinterest.com/ideas/entryway-cabinet-ideas/925433897378/,https://www.pinterest.com/ideas/entryway-cabinet-ideas/925433897378/
entryway furniture,2,18,"4,466",5,"Sep 17, 2026",925036716318,Home Decor > Entryway > Entryway Furniture,https://www.pinterest.com/ideas/home-decor/935249274030/ > https://www.pinterest.com/ideas/entryway/947659681346/ > https://www.pinterest.com/ideas/entryway-furniture/925036716318/,https://www.pinterest.com/ideas/entryway-furniture/925036716318/
entryway stairs,2,15,"4,429",24,"Sep 15, 2026",925613035802,Architecture > Entryway Stairs,https://www.pinterest.com/ideas/architecture/918105274631/ > https://www.pinterest.com/ideas/entryway-stairs/925613035802/,https://www.pinterest.com/ideas/entryway-stairs/925613035802/
entryway with stairs,3,20,"4,419",0,"Sep 13, 2026",896327206103,Architecture > Entryway With Stairs,https://www.pinterest.com/ideas/architecture/918105274631/ > https://www.pinterest.com/ideas/entryway-with-stairs/896327206103/,https://www.pinterest.com/ideas/entryway-with-stairs/896327206103/
entryway wardrobe,2,17,"4,364",0,"Sep 14, 2026",952605993574,Home Decor > Entryway > Entryway Wardrobe,https://www.pinterest.com/ideas/home-decor/935249274030/ > https://www.pinterest.com/ideas/entryway/947659681346/ > https://www.pinterest.com/ideas/entryway-wardrobe/952605993574/,https://www.pinterest.com/ideas/entryway-wardrobe/952605993574/
entryway flooring,2,17,"4,301",0,"Sep 14, 2026",911382513773,Home Decor > Entryway > Entryway Flooring,https://www.pinterest.com/ideas/home-decor/935249274030/ > https://www.pinterest.com/ideas/entryway/947659681346/ > https://www.pinterest.com/ideas/entryway-flooring/911382513773/,https://www.pinterest.com/ideas/entryway-flooring/911382513773/
entryway hook ideas,3,19,"3,997",0,"Sep 13, 2026",951655807851,Home Decor > Entryway > Entryway Coat Rack > Entryway Hook Ideas,https://www.pinterest.com/ideas/home-decor/935249274030/ > https://www.pinterest.com/ideas/entryway/947659681346/ > https://www.pinterest.com/ideas/entryway-coat-rack/908024983478/ > https://www.pinterest.com/ideas/entryway-hook-ideas/951655807851/,https://www.pinterest.com/ideas/entryway-hook-ideas/951655807851/
entryway table styling,3,22,"3,882",0,"Sep 15, 2026",922366368670,Home Decor > Entryway > Entry Table > Entryway Table Styling,https://www.pinterest.com/ideas/home-decor/935249274030/ > https://www.pinterest.com/ideas/entryway/947659681346/ > https://www.pinterest.com/ideas/entry-table/893952468325/ > https://www.pinterest.com/ideas/entryway-table-styling/922366368670/,https://www.pinterest.com/ideas/entryway-table-styling/922366368670/
entryway coat rack ideas,4,24,"3,833",0,"Sep 17, 2026",911052769781,Home Decor > Entryway > Entryway Coat Rack > Entryway Coat Rack Ideas,https://www.pinterest.com/ideas/home-decor/935249274030/ > https://www.pinterest.com/ideas/entryway/947659681346/ > https://www.pinterest.com/ideas/entryway-coat-rack/908024983478/ > https://www.pinterest.com/ideas/entryway-coat-rack-ideas/911052769781/,https://www.pinterest.com/ideas/entryway-coat-rack-ideas/911052769781/
entryway lighting ideas,3,23,"3,821",0,"Sep 13, 2026",931012846652,Home Decor > Lighting > Lighting Ideas > Entryway Lighting Ideas,https://www.pinterest.com/ideas/home-decor/935249274030/ > https://www.pinterest.com/ideas/lighting/898155178413/ > https://www.pinterest.com/ideas/lighting-ideas/913860092001/ > https://www.pinterest.com/ideas/entryway-lighting-ideas/931012846652/,https://www.pinterest.com/ideas/entryway-lighting-ideas/931012846652/
entryway living room combo,4,26,"3,815",0,"Sep 15, 2026",911035908406,Home Decor > Entryway > Entryway Ideas > Entryway Living Room Combo,https://www.pinterest.com/ideas/home-decor/935249274030/ > https://www.pinterest.com/ideas/entryway/947659681346/ > https://www.pinterest.com/ideas/entryway-ideas/939790496305/ > https://www.pinterest.com/ideas/entryway-living-room-combo/911035908406/,https://www.pinterest.com/ideas/entryway-living-room-combo/911035908406/
entryway runner,2,15,"3,726",0,"Sep 17, 2026",903754218816,Home Decor > Entryway > Entryway Decor > Entryway Runner,https://www.pinterest.com/ideas/home-decor/935249274030/ > https://www.pinterest.com/ideas/entryway/947659681346/ > https://www.pinterest.com/ideas/entryway-decor/921715628295/ > https://www.pinterest.com/ideas/entryway-runner/903754218816/,https://www.pinterest.com/ideas/entryway-runner/903754218816/
entryway paneling,2,17,"3,702",0,"Sep 17, 2026",901812111224,Design > Interior Design > House Design > Entryway Paneling,https://www.pinterest.com/ideas/design/902065567321/ > https://www.pinterest.com/ideas/interior-design/922773544354/ > https://www.pinterest.com/ideas/house-design/899991296769/ > https://www.pinterest.com/ideas/entryway-paneling/901812111224/,https://www.pinterest.com/ideas/entryway-paneling/901812111224/
entryway closet makeover,3,24,"3,620",0,"Sep 17, 2026",943615386348,Home Decor > Entryway > Entryway Closet Makeover,https://www.pinterest.com/ideas/home-decor/935249274030/ > https://www.pinterest.com/ideas/entryway/947659681346/ > https://www.pinterest.com/ideas/entryway-closet-makeover/943615386348/,https://www.pinterest.com/ideas/entryway-closet-makeover/943615386348/
entryway built in ideas,4,23,"3,467",0,"Sep 15, 2026",942310806153,Home Decor > Entryway > Entryway Ideas > Entryway Built In Ideas,https://www.pinterest.com/ideas/home-decor/935249274030/ > https://www.pinterest.com/ideas/entryway/947659681346/ > https://www.pinterest.com/ideas/entryway-ideas/939790496305/ > https://www.pinterest.com/ideas/entryway-built-in-ideas/942310806153/,https://www.pinterest.com/ideas/entryway-built-in-ideas/942310806153/
small entryway decor ideas,4,26,"3,447",0,"Sep 15, 2026",904977488166,Home Decor > Entryway > Entryway Decor > Small Entryway Decor Ideas,https://www.pinterest.com/ideas/home-decor/935249274030/ > https://www.pinterest.com/ideas/entryway/947659681346/ > https://www.pinterest.com/ideas/entryway-decor/921715628295/ > https://www.pinterest.com/ideas/small-entryway-decor-ideas/904977488166/,https://www.pinterest.com/ideas/small-entryway-decor-ideas/904977488166/
entryway with bench,3,19,"3,354",0,"Sep 17, 2026",939508513393,Home Decor > Entryway > Entryway With Bench,https://www.pinterest.com/ideas/home-decor/935249274030/ > https://www.pinterest.com/ideas/entryway/947659681346/ > https://www.pinterest.com/ideas/entryway-with-bench/939508513393/,https://www.pinterest.com/ideas/entryway-with-bench/939508513393/
entryway board and batten wall,5,30,"3,353",0,"Sep 14, 2026",933886471449,Home Decor > Entryway > Entryway Ideas > Entryway Board And Batten Wall,https://www.pinterest.com/ideas/home-decor/935249274030/ > https://www.pinterest.com/ideas/entryway/947659681346/ > https://www.pinterest.com/ideas/entryway-ideas/939790496305/ > https://www.pinterest.com/ideas/entryway-board-and-batten-wall/933886471449/,https://www.pinterest.com/ideas/entryway-board-and-batten-wall/933886471449/
entryway decor indian,3,21,"3,335",0,"Sep 11, 2026",918550873805,Home Decor > Entryway > Entryway Decor > Entryway Decor Indian,https://www.pinterest.com/ideas/home-decor/935249274030/ > https://www.pinterest.com/ideas/entryway/947659681346/ > https://www.pinterest.com/ideas/entryway-decor/921715628295/ > https://www.pinterest.com/ideas/entryway-decor-indian/918550873805/,https://www.pinterest.com/ideas/entryway-decor-indian/918550873805/
entryway aesthetic,2,18,"3,311",0,"Sep 15, 2026",902207555181,Home Decor > Entryway > Entryway Ideas > Entryway Aesthetic,https://www.pinterest.com/ideas/home-decor/935249274030/ > https://www.pinterest.com/ideas/entryway/947659681346/ > https://www.pinterest.com/ideas/entryway-ideas/939790496305/ > https://www.pinterest.com/ideas/entryway-aesthetic/902207555181/,https://www.pinterest.com/ideas/entryway-aesthetic/902207555181/
entryway wall decor ideas,4,25,"3,305",0,"Sep 17, 2026",907921190464,Home Decor > Entryway > Entryway Wall Art > Entryway Wall Decor Ideas,https://www.pinterest.com/ideas/home-decor/935249274030/ > https://www.pinterest.com/ideas/entryway/947659681346/ > https://www.pinterest.com/ideas/entryway-wall-art/924844456068/ > https://www.pinterest.com/ideas/entryway-wall-decor-ideas/907921190464/,https://www.pinterest.com/ideas/entryway-wall-decor-ideas/907921190464/
entryway ideas modern,3,21,"3,188",0,"Sep 17, 2026",918097306915,Home Decor > Entryway > Entryway Ideas > Entryway Ideas Modern,https://www.pinterest.com/ideas/home-decor/935249274030/ > https://www.pinterest.com/ideas/entryway/947659681346/ > https://www.pinterest.com/ideas/entryway-ideas/939790496305/ > https://www.pinterest.com/ideas/entryway-ideas-modern/918097306915/,https://www.pinterest.com/ideas/entryway-ideas-modern/918097306915/
entryway coat rack,3,18,"3,090",0,"Sep 17, 2026",908024983478,Home Decor > Entryway > Entryway Coat Rack,https://www.pinterest.com/ideas/home-decor/935249274030/ > https://www.pinterest.com/ideas/entryway/947659681346/ > https://www.pinterest.com/ideas/entryway-coat-rack/908024983478/,https://www.pinterest.com/ideas/entryway-coat-rack/908024983478/
small entryway table decor,4,26,"3,064",0,"Sep 17, 2026",953690962802,Home Decor > Entryway > Entry Table > Small Entryway Table Decor,https://www.pinterest.com/ideas/home-decor/935249274030/ > https://www.pinterest.com/ideas/entryway/947659681346/ > https://www.pinterest.com/ideas/entry-table/893952468325/ > https://www.pinterest.com/ideas/small-entryway-table-decor/953690962802/,https://www.pinterest.com/ideas/small-entryway-table-decor/953690962802/
entryway decor inspiration,3,26,"3,010",0,"Sep 17, 2026",943090947394,Home Decor > Entryway > Entryway Decor > Entryway Decor Inspiration,https://www.pinterest.com/ideas/home-decor/935249274030/ > https://www.pinterest.com/ideas/entryway/947659681346/ > https://www.pinterest.com/ideas/entryway-decor/921715628295/ > https://www.pinterest.com/ideas/entryway-decor-inspiration/943090947394/,https://www.pinterest.com/ideas/entryway-decor-inspiration/943090947394/
entryway storage cabinet,3,24,"3,004",0,"Sep 17, 2026",956324791211,Home Decor > Entryway > Entryway Storage Cabinet,https://www.pinterest.com/ideas/home-decor/935249274030/ > https://www.pinterest.com/ideas/entryway/947659681346/ > https://www.pinterest.com/ideas/entryway-storage-cabinet/956324791211/,https://www.pinterest.com/ideas/entryway-storage-cabinet/956324791211/
entryway key holder ideas,4,25,"2,992",0,"Sep 17, 2026",957386732173,Home Decor > Entryway > Entryway Ideas > Entryway Key Holder Ideas,https://www.pinterest.com/ideas/home-decor/935249274030/ > https://www.pinterest.com/ideas/entryway/947659681346/ > https://www.pinterest.com/ideas/entryway-ideas/939790496305/ > https://www.pinterest.com/ideas/entryway-key-holder-ideas/957386732173/,https://www.pinterest.com/ideas/entryway-key-holder-ideas/957386732173/
entryway hallway,2,16,"2,977",0,"Sep 17, 2026",942967209900,Home Decor > Entryway > Entryway Hallway,https://www.pinterest.com/ideas/home-decor/935249274030/ > https://www.pinterest.com/ideas/entryway/947659681346/ > https://www.pinterest.com/ideas/entryway-hallway/942967209900/,https://www.pinterest.com/ideas/entryway-hallway/942967209900/
small entryway design,3,21,"2,953",0,"Sep 15, 2026",918529380950,Design > Interior Design > House Design > Small Entryway Design,https://www.pinterest.com/ideas/design/902065567321/ > https://www.pinterest.com/ideas/interior-design/922773544354/ > https://www.pinterest.com/ideas/house-design/899991296769/ > https://www.pinterest.com/ideas/small-entryway-design/918529380950/,https://www.pinterest.com/ideas/small-entryway-design/918529380950/
entryway wallpaper ideas,3,24,"2,869",0,"Sep 17, 2026",940269031332,Design > Interior Design > House Design > Entryway Wallpaper Ideas,https://www.pinterest.com/ideas/design/902065567321/ > https://www.pinterest.com/ideas/interior-design/922773544354/ > https://www.pinterest.com/ideas/house-design/899991296769/ > https://www.pinterest.com/ideas/entryway-wallpaper-ideas/940269031332/,https://www.pinterest.com/ideas/entryway-wallpaper-ideas/940269031332/
entryway wall art,3,17,"2,859",0,"Sep 13, 2026",924844456068,Home Decor > Entryway > Entryway Wall Art,https://www.pinterest.com/ideas/home-decor/935249274030/ > https://www.pinterest.com/ideas/entryway/947659681346/ > https://www.pinterest.com/ideas/entryway-wall-art/924844456068/,https://www.pinterest.com/ideas/entryway-wall-art/924844456068/
entryway gallery wall,3,21,"2,822",0,"Sep 17, 2026",905492516490,Home Decor > Entryway > Entryway Wall Art > Entryway Gallery Wall,https://www.pinterest.com/ideas/home-decor/935249274030/ > https://www.pinterest.com/ideas/entryway/947659681346/ > https://www.pinterest.com/ideas/entryway-wall-art/924844456068/ > https://www.pinterest.com/ideas/entryway-gallery-wall/905492516490/,https://www.pinterest.com/ideas/entryway-gallery-wall/905492516490/
entryway decor modern luxury,4,28,"2,788",0,"Sep 17, 2026",902545127497,Home Decor > Entryway > Entryway Decor > Entryway Decor Modern Luxury,https://www.pinterest.com/ideas/home-decor/935249274030/ > https://www.pinterest.com/ideas/entryway/947659681346/ > https://www.pinterest.com/ideas/entryway-decor/921715628295/ > https://www.pinterest.com/ideas/entryway-decor-modern-luxury/902545127497/,https://www.pinterest.com/ideas/entryway-decor-modern-luxury/902545127497/
entryway bench with shoe storage,5,32,"2,776",0,"Sep 15, 2026",897970570130,Home Decor > Entryway > Entryway Bench With Shoe Storage,https://www.pinterest.com/ideas/home-decor/935249274030/ > https://www.pinterest.com/ideas/entryway/947659681346/ > https://www.pinterest.com/ideas/entryway-bench-with-shoe-storage/897970570130/,https://www.pinterest.com/ideas/entryway-bench-with-shoe-storage/897970570130/
entryway drop zone,3,18,"2,773",0,"Sep 15, 2026",954159122975,Home Decor > Entryway > Entryway Drop Zone,https://www.pinterest.com/ideas/home-decor/935249274030/ > https://www.pinterest.com/ideas/entryway/947659681346/ > https://www.pinterest.com/ideas/entryway-drop-zone/954159122975/,https://www.pinterest.com/ideas/entryway-drop-zone/954159122975/
entryway room ideas,3,19,"2,712",0,"Sep 15, 2026",955937103304,Home Decor > Entryway > Entryway Ideas > Entryway Room Ideas,https://www.pinterest.com/ideas/home-decor/935249274030/ > https://www.pinterest.com/ideas/entryway/947659681346/ > https://www.pinterest.com/ideas/entryway-ideas/939790496305/ > https://www.pinterest.com/ideas/entryway-room-ideas/955937103304/,https://www.pinterest.com/ideas/entryway-room-ideas/955937103304/
entryway organization ideas,3,27,"2,630",0,"Sep 15, 2026",923759913153,Home Decor > Storage And Organization > Entryway Storage > Entryway Organization Ideas,https://www.pinterest.com/ideas/home-decor/935249274030/ > https://www.pinterest.com/ideas/storage-and-organization/896864884493/ > https://www.pinterest.com/ideas/entryway-storage/898874309453/ > https://www.pinterest.com/ideas/entryway-organization-ideas/923759913153/,https://www.pinterest.com/ideas/entryway-organization-ideas/923759913153/
small entryway shoe storage ideas,5,33,"2,621",0,"Sep 15, 2026",934901389265,Home Decor > Home Accessories > Small Entryway Shoe Storage Ideas,https://www.pinterest.com/ideas/home-decor/935249274030/ > https://www.pinterest.com/ideas/home-accessories/946284018351/ > https://www.pinterest.com/ideas/small-entryway-shoe-storage-ideas/934901389265/,https://www.pinterest.com/ideas/small-entryway-shoe-storage-ideas/934901389265/
entryway lighting front entry,4,29,"2,613",0,"Sep 15, 2026",918989686647,Home Decor > Entryway > Entryway Lighting Front Entry,https://www.pinterest.com/ideas/home-decor/935249274030/ > https://www.pinterest.com/ideas/entryway/947659681346/ > https://www.pinterest.com/ideas/entryway-lighting-front-entry/918989686647/,https://www.pinterest.com/ideas/entryway-lighting-front-entry/918989686647/
small entryway storage,3,22,"2,586",0,"Sep 17, 2026",920095371489,Home Decor > Entryway > Entryway Shelf > Small Entryway Storage,https://www.pinterest.com/ideas/home-decor/935249274030/ > https://www.pinterest.com/ideas/entryway/947659681346/ > https://www.pinterest.com/ideas/entryway-shelf/935713534633/ > https://www.pinterest.com/ideas/small-entryway-storage/920095371489/,https://www.pinterest.com/ideas/small-entryway-storage/920095371489/
entryway wall color,3,19,"2,542",0,"Sep 17, 2026",959105019789,Home Decor > Entryway Wall Color,https://www.pinterest.com/ideas/home-decor/935249274030/ > https://www.pinterest.com/ideas/entryway-wall-color/959105019789/,https://www.pinterest.com/ideas/entryway-wall-color/959105019789/
small entryway organization,3,27,"2,516",0,"Sep 15, 2026",929058195263,Home Decor > Entryway > Entryway Ideas > Small Entryway Organization,https://www.pinterest.com/ideas/home-decor/935249274030/ > https://www.pinterest.com/ideas/entryway/947659681346/ > https://www.pinterest.com/ideas/entryway-ideas/939790496305/ > https://www.pinterest.com/ideas/small-entryway-organization/929058195263/,https://www.pinterest.com/ideas/small-entryway-organization/929058195263/
small entryway bench,3,20,"2,503",0,"Sep 17, 2026",960655514798,Home Decor > Small Entryway Bench,https://www.pinterest.com/ideas/home-decor/935249274030/ > https://www.pinterest.com/ideas/small-entryway-bench/960655514798/,https://www.pinterest.com/ideas/small-entryway-bench/960655514798/
entryway dresser,2,16,"2,490",0,"Sep 17, 2026",945437539022,Home Decor > Entryway > Entryway Dresser,https://www.pinterest.com/ideas/home-decor/935249274030/ > https://www.pinterest.com/ideas/entryway/947659681346/ > https://www.pinterest.com/ideas/entryway-dresser/945437539022/,https://www.pinterest.com/ideas/entryway-dresser/945437539022/
small entryway ideas apartment,4,30,"2,482",0,"Sep 15, 2026",932607222377,Home Decor > Entryway > Entryway Ideas > Small Entryway Ideas Apartment,https://www.pinterest.com/ideas/home-decor/935249274030/ > https://www.pinterest.com/ideas/entryway/947659681346/ > https://www.pinterest.com/ideas/entryway-ideas/939790496305/ > https://www.pinterest.com/ideas/small-entryway-ideas-apartment/932607222377/,https://www.pinterest.com/ideas/small-entryway-ideas-apartment/932607222377/
entryway bench and coat rack,5,28,"2,482",0,"Sep 17, 2026",943011485736,Home Decor > Entryway > Entryway Coat Rack > Entryway Bench And Coat Rack,https://www.pinterest.com/ideas/home-decor/935249274030/ > https://www.pinterest.com/ideas/entryway/947659681346/ > https://www.pinterest.com/ideas/entryway-coat-rack/908024983478/ > https://www.pinterest.com/ideas/entryway-bench-and-coat-rack/943011485736/,https://www.pinterest.com/ideas/entryway-bench-and-coat-rack/943011485736/
entryway round table,3,20,"2,473",0,"Sep 17, 2026",913450965010,Home Decor > Entryway > Entry Table > Entryway Round Table,https://www.pinterest.com/ideas/home-decor/935249274030/ > https://www.pinterest.com/ideas/entryway/947659681346/ > https://www.pinterest.com/ideas/entry-table/893952468325/ > https://www.pinterest.com/ideas/entryway-round-table/913450965010/,https://www.pinterest.com/ideas/entryway-round-table/913450965010/
entryway bench with storage,4,27,"2,462",0,"Sep 17, 2026",935589484397,Home Decor > Storage And Organization > Entryway Storage > Entryway Bench With Storage,https://www.pinterest.com/ideas/home-decor/935249274030/ > https://www.pinterest.com/ideas/storage-and-organization/896864884493/ > https://www.pinterest.com/ideas/entryway-storage/898874309453/ > https://www.pinterest.com/ideas/entryway-bench-with-storage/935589484397/,https://www.pinterest.com/ideas/entryway-bench-with-storage/935589484397/
entryway organizer,2,18,"2,427",0,"Sep 17, 2026",926127048051,Home Decor > Entryway > Entryway Organizer,https://www.pinterest.com/ideas/home-decor/935249274030/ > https://www.pinterest.com/ideas/entryway/947659681346/ > https://www.pinterest.com/ideas/entryway-organizer/926127048051/,https://www.pinterest.com/ideas/entryway-organizer/926127048051/
small entryway light fixture,4,28,"2,413",0,"Sep 15, 2026",950736596926,Home Decor > Lighting > Lighting Fixtures Dining Room > Small Entryway Light Fixture,https://www.pinterest.com/ideas/home-decor/935249274030/ > https://www.pinterest.com/ideas/lighting/898155178413/ > https://www.pinterest.com/ideas/lighting-fixtures-dining-room/935157728045/ > https://www.pinterest.com/ideas/small-entryway-light-fixture/950736596926/,https://www.pinterest.com/ideas/small-entryway-light-fixture/950736596926/
entryway decor apartment,3,24,"2,398",0,"Sep 15, 2026",909572443435,Home Decor > Entryway > Entryway Decor > Entryway Decor Apartment,https://www.pinterest.com/ideas/home-decor/935249274030/ > https://www.pinterest.com/ideas/entryway/947659681346/ > https://www.pinterest.com/ideas/entryway-decor/921715628295/ > https://www.pinterest.com/ideas/entryway-decor-apartment/909572443435/,https://www.pinterest.com/ideas/entryway-decor-apartment/909572443435/
entryway apartment,2,18,"2,368",0,"Sep 15, 2026",938318100841,Home Decor > Entryway > Entryway Ideas > Entryway Apartment,https://www.pinterest.com/ideas/home-decor/935249274030/ > https://www.pinterest.com/ideas/entryway/947659681346/ > https://www.pinterest.com/ideas/entryway-ideas/939790496305/ > https://www.pinterest.com/ideas/entryway-apartment/938318100841/,https://www.pinterest.com/ideas/entryway-apartment/938318100841/
entryway artwork,2,16,"2,362",0,"Sep 14, 2026",895234042911,Art > Art Topics > Entryway Artwork,https://www.pinterest.com/ideas/art/961238559656/ > https://www.pinterest.com/ideas/art-topics/920590352323/ > https://www.pinterest.com/ideas/entryway-artwork/895234042911/,https://www.pinterest.com/ideas/entryway-artwork/895234042911/
entryway furniture ideas,3,24,"2,341",0,"Sep 17, 2026",910501062002,Home Decor > Entryway > Entryway Ideas > Entryway Furniture Ideas,https://www.pinterest.com/ideas/home-decor/935249274030/ > https://www.pinterest.com/ideas/entryway/947659681346/ > https://www.pinterest.com/ideas/entryway-ideas/939790496305/ > https://www.pinterest.com/ideas/entryway-furniture-ideas/910501062002/,https://www.pinterest.com/ideas/entryway-furniture-ideas/910501062002/
entryway shoe rack,3,18,"2,332",0,"Sep 17, 2026",917811847121,Home Decor > Entryway Shoe Rack,https://www.pinterest.com/ideas/home-decor/935249274030/ > https://www.pinterest.com/ideas/entryway-shoe-rack/917811847121/,https://www.pinterest.com/ideas/entryway-shoe-rack/917811847121/
entryway table with mirror,4,26,"2,331",0,"Sep 17, 2026",910176602562,Home Decor > Entryway > Entry Table > Entryway Table With Mirror,https://www.pinterest.com/ideas/home-decor/935249274030/ > https://www.pinterest.com/ideas/entryway/947659681346/ > https://www.pinterest.com/ideas/entry-table/893952468325/ > https://www.pinterest.com/ideas/entryway-table-with-mirror/910176602562/,https://www.pinterest.com/ideas/entryway-table-with-mirror/910176602562/
entryway bench decor ideas,4,26,"2,318",0,"Sep 17, 2026",897656125174,Home Decor > Entryway > Entryway Decor > Entryway Bench Decor Ideas,https://www.pinterest.com/ideas/home-decor/935249274030/ > https://www.pinterest.com/ideas/entryway/947659681346/ > https://www.pinterest.com/ideas/entryway-decor/921715628295/ > https://www.pinterest.com/ideas/entryway-bench-decor-ideas/897656125174/,https://www.pinterest.com/ideas/entryway-bench-decor-ideas/897656125174/
entryway bloxburg,2,17,"2,235",0,"Sep 17, 2026",952295188416,Home Decor > Entrance > Entryway Bloxburg,https://www.pinterest.com/ideas/home-decor/935249274030/ > https://www.pinterest.com/ideas/entrance/897843420737/ > https://www.pinterest.com/ideas/entryway-bloxburg/952295188416/,https://www.pinterest.com/ideas/entryway-bloxburg/952295188416/
entryway ideas with stairs,4,26,"2,212",0,"Sep 15, 2026",913158745286,Home Decor > Entryway > Entryway Ideas > Entryway Ideas With Stairs,https://www.pinterest.com/ideas/home-decor/935249274030/ > https://www.pinterest.com/ideas/entryway/947659681346/ > https://www.pinterest.com/ideas/entryway-ideas/939790496305/ > https://www.pinterest.com/ideas/entryway-ideas-with-stairs/913158745286/,https://www.pinterest.com/ideas/entryway-ideas-with-stairs/913158745286/
entryway decor modern,3,21,"2,171",0,"Sep 17, 2026",932826217214,Home Decor > Entryway > Entryway Decor > Entryway Decor Modern,https://www.pinterest.com/ideas/home-decor/935249274030/ > https://www.pinterest.com/ideas/entryway/947659681346/ > https://www.pinterest.com/ideas/entryway-decor/921715628295/ > https://www.pinterest.com/ideas/entryway-decor-modern/932826217214/,https://www.pinterest.com/ideas/entryway-decor-modern/932826217214/
entryway divider ideas,3,22,"2,170",0,"Sep 17, 2026",917853952288,Home Decor > Entryway > Entryway Divider Ideas,https://www.pinterest.com/ideas/home-decor/935249274030/ > https://www.pinterest.com/ideas/entryway/947659681346/ > https://www.pinterest.com/ideas/entryway-divider-ideas/917853952288/,https://www.pinterest.com/ideas/entryway-divider-ideas/917853952288/
entryway table with storage,4,27,"2,161",0,"Sep 17, 2026",911847820003,Home Decor > Entryway > Entry Table > Entryway Table With Storage,https://www.pinterest.com/ideas/home-decor/935249274030/ > https://www.pinterest.com/ideas/entryway/947659681346/ > https://www.pinterest.com/ideas/entry-table/893952468325/ > https://www.pinterest.com/ideas/entryway-table-with-storage/911847820003/,https://www.pinterest.com/ideas/entryway-table-with-storage/911847820003/
entryway plants outdoor,3,23,"2,147",0,"Sep 17, 2026",915571817167,Lawn And Garden > Planting > Plants > Entryway Plants Outdoor,https://www.pinterest.com/ideas/lawn-and-garden/909983286710/ > https://www.pinterest.com/ideas/planting/916000423671/ > https://www.pinterest.com/ideas/plants/944760692332/ > https://www.pinterest.com/ideas/entryway-plants-outdoor/915571817167/,https://www.pinterest.com/ideas/entryway-plants-outdoor/915571817167/
entryway storage bench,3,22,"2,124",0,"Sep 17, 2026",897774839862,Home Decor > Entryway > Entryway Storage Bench,https://www.pinterest.com/ideas/home-decor/935249274030/ > https://www.pinterest.com/ideas/entryway/947659681346/ > https://www.pinterest.com/ideas/entryway-storage-bench/897774839862/,https://www.pinterest.com/ideas/entryway-storage-bench/897774839862/
entryway living room,3,20,"2,090",0,"Sep 14, 2026",936511663422,Home Decor > Entryway > Entryway Ideas > Entryway Living Room,https://www.pinterest.com/ideas/home-decor/935249274030/ > https://www.pinterest.com/ideas/entryway/947659681346/ > https://www.pinterest.com/ideas/entryway-ideas/939790496305/ > https://www.pinterest.com/ideas/entryway-living-room/936511663422/,https://www.pinterest.com/ideas/entryway-living-room/936511663422/
entryway ideas with stairs entry foyer,6,38,"2,063",0,"Sep 15, 2026",952693945100,Home Decor > Entryway > Entryway Ideas > Entryway Ideas With Stairs Entry Foyer,https://www.pinterest.com/ideas/home-decor/935249274030/ > https://www.pinterest.com/ideas/entryway/947659681346/ > https://www.pinterest.com/ideas/entryway-ideas/939790496305/ > https://www.pinterest.com/ideas/entryway-ideas-with-stairs-entry-foyer/952693945100/,https://www.pinterest.com/ideas/entryway-ideas-with-stairs-entry-foyer/952693945100/
entryway decor ideas for small spaces,6,37,"2,010",0,"Sep 15, 2026",948366934282,Entryway Decor Ideas For Small Spaces,https://www.pinterest.com/ideas/entryway-decor-ideas-for-small-spaces/948366934282/,https://www.pinterest.com/ideas/entryway-decor-ideas-for-small-spaces/948366934282/
entryway tiles,2,14,"2,006",0,"Sep 17, 2026",896021294832,Architecture > Building Materials > Entryway Tiles,https://www.pinterest.com/ideas/architecture/918105274631/ > https://www.pinterest.com/ideas/building-materials/920241423155/ > https://www.pinterest.com/ideas/entryway-tiles/896021294832/,https://www.pinterest.com/ideas/entryway-tiles/896021294832/
entryway table decor with mirror,5,32,"1,990",0,"Sep 15, 2026",956570524246,Home Decor > Entryway > Entry Table > Entryway Table Decor With Mirror,https://www.pinterest.com/ideas/home-decor/935249274030/ > https://www.pinterest.com/ideas/entryway/947659681346/ > https://www.pinterest.com/ideas/entry-table/893952468325/ > https://www.pinterest.com/ideas/entryway-table-decor-with-mirror/956570524246/,https://www.pinterest.com/ideas/entryway-table-decor-with-mirror/956570524246/
entryway with mirror,3,20,"1,975",0,"Sep 15, 2026",906428588658,Home Decor > Entryway > Entryway Decor > Entryway With Mirror,https://www.pinterest.com/ideas/home-decor/935249274030/ > https://www.pinterest.com/ideas/entryway/947659681346/ > https://www.pinterest.com/ideas/entryway-decor/921715628295/ > https://www.pinterest.com/ideas/entryway-with-mirror/906428588658/,https://www.pinterest.com/ideas/entryway-with-mirror/906428588658/
entryway rug ideas foyers,4,25,"1,933",0,"Sep 17, 2026",922540007611,Home Decor > Entryway > Entryway Decor > Entryway Rug Ideas Foyers,https://www.pinterest.com/ideas/home-decor/935249274030/ > https://www.pinterest.com/ideas/entryway/947659681346/ > https://www.pinterest.com/ideas/entryway-decor/921715628295/ > https://www.pinterest.com/ideas/entryway-rug-ideas-foyers/922540007611/,https://www.pinterest.com/ideas/entryway-rug-ideas-foyers/922540007611/
entryway nook,2,13,"1,909",0,"Sep 15, 2026",917787065401,Home Decor > Entryway > Entryway Decor > Entryway Nook,https://www.pinterest.com/ideas/home-decor/935249274030/ > https://www.pinterest.com/ideas/entryway/947659681346/ > https://www.pinterest.com/ideas/entryway-decor/921715628295/ > https://www.pinterest.com/ideas/entryway-nook/917787065401/,https://www.pinterest.com/ideas/entryway-nook/917787065401/
apartment entryway decor,3,24,"1,884",0,"Sep 15, 2026",939360916983,Home Decor > Entryway > Entryway Decor > Apartment Entryway Decor,https://www.pinterest.com/ideas/home-decor/935249274030/ > https://www.pinterest.com/ideas/entryway/947659681346/ > https://www.pinterest.com/ideas/entryway-decor/921715628295/ > https://www.pinterest.com/ideas/apartment-entryway-decor/939360916983/,https://www.pinterest.com/ideas/apartment-entryway-decor/939360916983/
entryway light fixture low ceiling,5,34,"1,879",0,"Sep 17, 2026",897777676011,Home Decor > Entryway > Entryway Light Fixture Low Ceiling,https://www.pinterest.com/ideas/home-decor/935249274030/ > https://www.pinterest.com/ideas/entryway/947659681346/ > https://www.pinterest.com/ideas/entryway-light-fixture-low-ceiling/897777676011/,https://www.pinterest.com/ideas/entryway-light-fixture-low-ceiling/897777676011/
entryway paint ideas,3,20,"1,877",0,"Sep 17, 2026",900509852360,Home Decor > Entryway > Entryway Paint > Entryway Paint Ideas,https://www.pinterest.com/ideas/home-decor/935249274030/ > https://www.pinterest.com/ideas/entryway/947659681346/ > https://www.pinterest.com/ideas/entryway-paint/895544131331/ > https://www.pinterest.com/ideas/entryway-paint-ideas/900509852360/,https://www.pinterest.com/ideas/entryway-paint-ideas/900509852360/
entryway key holder,3,19,"1,867",1,"Sep 17, 2026",951918710690,Home Decor > Entryway > Entryway Decor > Entryway Key Holder,https://www.pinterest.com/ideas/home-decor/935249274030/ > https://www.pinterest.com/ideas/entryway/947659681346/ > https://www.pinterest.com/ideas/entryway-decor/921715628295/ > https://www.pinterest.com/ideas/entryway-key-holder/951918710690/,https://www.pinterest.com/ideas/entryway-key-holder/951918710690/
entryway nook ideas,3,19,"1,865",0,"Sep 15, 2026",923864923727,Home Decor > Entryway > Entryway Ideas > Entryway Nook Ideas,https://www.pinterest.com/ideas/home-decor/935249274030/ > https://www.pinterest.com/ideas/entryway/947659681346/ > https://www.pinterest.com/ideas/entryway-ideas/939790496305/ > https://www.pinterest.com/ideas/entryway-nook-ideas/923864923727/,https://www.pinterest.com/ideas/entryway-nook-ideas/923864923727/
apartment entryway ideas narrow hallways,5,40,"1,836",0,"Sep 15, 2026",953589809497,Home Decor > Entryway > Entryway Ideas > Apartment Entryway Ideas Narrow Hallways,https://www.pinterest.com/ideas/home-decor/935249274030/ > https://www.pinterest.com/ideas/entryway/947659681346/ > https://www.pinterest.com/ideas/entryway-ideas/939790496305/ > https://www.pinterest.com/ideas/apartment-entryway-ideas-narrow-hallways/953589809497/,https://www.pinterest.com/ideas/apartment-entryway-ideas-narrow-hallways/953589809497/
entryway pendant lighting,3,25,"1,814",0,"Sep 17, 2026",950492109083,Home Decor > Entryway > Entryway Decor > Entryway Pendant Lighting,https://www.pinterest.com/ideas/home-decor/935249274030/ > https://www.pinterest.com/ideas/entryway/947659681346/ > https://www.pinterest.com/ideas/entryway-decor/921715628295/ > https://www.pinterest.com/ideas/entryway-pendant-lighting/950492109083/,https://www.pinterest.com/ideas/entryway-pendant-lighting/950492109083/
entryway hall,2,13,"1,754",0,"Sep 15, 2026",936457355470,Home Decor > Entryway Hall,https://www.pinterest.com/ideas/home-decor/935249274030/ > https://www.pinterest.com/ideas/entryway-hall/936457355470/,https://www.pinterest.com/ideas/entryway-hall/936457355470/
entryway ideas with shoe storage,5,32,"1,733",0,"Sep 17, 2026",921562341165,Home Decor > Entryway > Entryway Ideas > Entryway Ideas With Shoe Storage,https://www.pinterest.com/ideas/home-decor/935249274030/ > https://www.pinterest.com/ideas/entryway/947659681346/ > https://www.pinterest.com/ideas/entryway-ideas/939790496305/ > https://www.pinterest.com/ideas/entryway-ideas-with-shoe-storage/921562341165/,https://www.pinterest.com/ideas/entryway-ideas-with-shoe-storage/921562341165/
entryway photo wall,3,19,"1,706",0,"Sep 15, 2026",945408644548,Home Decor > Entryway > Entryway Wall Art > Entryway Photo Wall,https://www.pinterest.com/ideas/home-decor/935249274030/ > https://www.pinterest.com/ideas/entryway/947659681346/ > https://www.pinterest.com/ideas/entryway-wall-art/924844456068/ > https://www.pinterest.com/ideas/entryway-photo-wall/945408644548/,https://www.pinterest.com/ideas/entryway-photo-wall/945408644548/
entryway lamp,2,13,"1,670",0,"Sep 14, 2026",926000517633,Home Decor > Entryway > Entryway Decor > Entryway Lamp,https://www.pinterest.com/ideas/home-decor/935249274030/ > https://www.pinterest.com/ideas/entryway/947659681346/ > https://www.pinterest.com/ideas/entryway-decor/921715628295/ > https://www.pinterest.com/ideas/entryway-lamp/926000517633/,https://www.pinterest.com/ideas/entryway-lamp/926000517633/
entryway bench and mirror,4,25,"1,657",0,"Sep 15, 2026",928487816779,Home Decor > Entryway > Entryway Ideas > Entryway Bench And Mirror,https://www.pinterest.com/ideas/home-decor/935249274030/ > https://www.pinterest.com/ideas/entryway/947659681346/ > https://www.pinterest.com/ideas/entryway-ideas/939790496305/ > https://www.pinterest.com/ideas/entryway-bench-and-mirror/928487816779/,https://www.pinterest.com/ideas/entryway-bench-and-mirror/928487816779/
entryway runner rug ideas,4,25,"1,644",0,"Sep 17, 2026",918566091102,Home Decor > Entryway > Entryway Flooring > Entryway Runner Rug Ideas,https://www.pinterest.com/ideas/home-decor/935249274030/ > https://www.pinterest.com/ideas/entryway/947659681346/ > https://www.pinterest.com/ideas/entryway-flooring/911382513773/ > https://www.pinterest.com/ideas/entryway-runner-rug-ideas/918566091102/,https://www.pinterest.com/ideas/entryway-runner-rug-ideas/918566091102/
entryway ideas shoe storage,4,27,"1,580",0,"Sep 17, 2026",918535205329,Home Decor > Entryway > Entryway Ideas > Entryway Ideas Shoe Storage,https://www.pinterest.com/ideas/home-decor/935249274030/ > https://www.pinterest.com/ideas/entryway/947659681346/ > https://www.pinterest.com/ideas/entryway-ideas/939790496305/ > https://www.pinterest.com/ideas/entryway-ideas-shoe-storage/918535205329/,https://www.pinterest.com/ideas/entryway-ideas-shoe-storage/918535205329/
key rack ideas entryway,4,23,"1,568",0,"Sep 15, 2026",914896080500,Home Decor > Entryway > Entryway Coat Rack > Key Rack Ideas Entryway,https://www.pinterest.com/ideas/home-decor/935249274030/ > https://www.pinterest.com/ideas/entryway/947659681346/ > https://www.pinterest.com/ideas/entryway-coat-rack/908024983478/ > https://www.pinterest.com/ideas/key-rack-ideas-entryway/914896080500/,https://www.pinterest.com/ideas/key-rack-ideas-entryway/914896080500/
entryway decor table,3,20,"1,563",0,"Sep 15, 2026",903199776229,Home Decor > Entryway > Entryway Decor Table,https://www.pinterest.com/ideas/home-decor/935249274030/ > https://www.pinterest.com/ideas/entryway/947659681346/ > https://www.pinterest.com/ideas/entryway-decor-table/903199776229/,https://www.pinterest.com/ideas/entryway-decor-table/903199776229/
entryway picture wall ideas,4,27,"1,542",0,"Sep 13, 2026",940711592800,Home Decor > Entryway > Entryway Wall Art > Entryway Picture Wall Ideas,https://www.pinterest.com/ideas/home-decor/935249274030/ > https://www.pinterest.com/ideas/entryway/947659681346/ > https://www.pinterest.com/ideas/entryway-wall-art/924844456068/ > https://www.pinterest.com/ideas/entryway-picture-wall-ideas/940711592800/,https://www.pinterest.com/ideas/entryway-picture-wall-ideas/940711592800/
entryway room,2,13,"1,529",0,"Sep 15, 2026",926784552067,Home Decor > Entryway > Entryway Room,https://www.pinterest.com/ideas/home-decor/935249274030/ > https://www.pinterest.com/ideas/entryway/947659681346/ > https://www.pinterest.com/ideas/entryway-room/926784552067/,https://www.pinterest.com/ideas/entryway-room/926784552067/
small entryway ideas with stairs,5,32,"1,525",0,"Sep 17, 2026",918135182836,Home Decor > Entryway > Entryway Ideas > Small Entryway Ideas With Stairs,https://www.pinterest.com/ideas/home-decor/935249274030/ > https://www.pinterest.com/ideas/entryway/947659681346/ > https://www.pinterest.com/ideas/entryway-ideas/939790496305/ > https://www.pinterest.com/ideas/small-entryway-ideas-with-stairs/918135182836/,https://www.pinterest.com/ideas/small-entryway-ideas-with-stairs/918135182836/
entryway makeover,2,17,"1,462",0,"Sep 17, 2026",957024517893,Home Decor > Entryway > Entryway Decor > Entryway Makeover,https://www.pinterest.com/ideas/home-decor/935249274030/ > https://www.pinterest.com/ideas/entryway/947659681346/ > https://www.pinterest.com/ideas/entryway-decor/921715628295/ > https://www.pinterest.com/ideas/entryway-makeover/957024517893/,https://www.pinterest.com/ideas/entryway-makeover/957024517893/
entryway flooring ideas tile,4,28,"1,454",0,"Sep 15, 2026",941952518980,Home Decor > Entryway > Entryway Flooring > Entryway Flooring Ideas Tile,https://www.pinterest.com/ideas/home-decor/935249274030/ > https://www.pinterest.com/ideas/entryway/947659681346/ > https://www.pinterest.com/ideas/entryway-flooring/911382513773/ > https://www.pinterest.com/ideas/entryway-flooring-ideas-tile/941952518980/,https://www.pinterest.com/ideas/entryway-flooring-ideas-tile/941952518980/
entryway built in,3,17,"1,430",0,"Sep 17, 2026",941949071051,Home Decor > Entryway > Entryway Ideas > Entryway Built In,https://www.pinterest.com/ideas/home-decor/935249274030/ > https://www.pinterest.com/ideas/entryway/947659681346/ > https://www.pinterest.com/ideas/entryway-ideas/939790496305/ > https://www.pinterest.com/ideas/entryway-built-in/941949071051/,https://www.pinterest.com/ideas/entryway-built-in/941949071051/
entryway gallery wall ideas,4,27,"1,416",0,"Sep 17, 2026",911544056263,Home Decor > Entryway > Entryway Wall Art > Entryway Gallery Wall Ideas,https://www.pinterest.com/ideas/home-decor/935249274030/ > https://www.pinterest.com/ideas/entryway/947659681346/ > https://www.pinterest.com/ideas/entryway-wall-art/924844456068/ > https://www.pinterest.com/ideas/entryway-gallery-wall-ideas/911544056263/,https://www.pinterest.com/ideas/entryway-gallery-wall-ideas/911544056263/
entryway addition,2,17,"1,405",0,"Sep 14, 2026",927782718582,Architecture > Entryway Addition,https://www.pinterest.com/ideas/architecture/918105274631/ > https://www.pinterest.com/ideas/entryway-addition/927782718582/,https://www.pinterest.com/ideas/entryway-addition/927782718582/
entryway hooks and bench,4,24,"1,402",0,"Sep 17, 2026",895630147121,Home Decor > Entryway > Entryway Hooks And Bench,https://www.pinterest.com/ideas/home-decor/935249274030/ > https://www.pinterest.com/ideas/entryway/947659681346/ > https://www.pinterest.com/ideas/entryway-hooks-and-bench/895630147121/,https://www.pinterest.com/ideas/entryway-hooks-and-bench/895630147121/
entryway organizer wall,3,23,"1,400",0,"Sep 15, 2026",938814953415,Home Decor > Entryway > Entryway Wall Art > Entryway Organizer Wall,https://www.pinterest.com/ideas/home-decor/935249274030/ > https://www.pinterest.com/ideas/entryway/947659681346/ > https://www.pinterest.com/ideas/entryway-wall-art/924844456068/ > https://www.pinterest.com/ideas/entryway-organizer-wall/938814953415/,https://www.pinterest.com/ideas/entryway-organizer-wall/938814953415/
small entryway table ideas,4,26,"1,399",0,"Sep 15, 2026",902528261375,Home Decor > Entryway > Entry Table > Small Entryway Table Ideas,https://www.pinterest.com/ideas/home-decor/935249274030/ > https://www.pinterest.com/ideas/entryway/947659681346/ > https://www.pinterest.com/ideas/entry-table/893952468325/ > https://www.pinterest.com/ideas/small-entryway-table-ideas/902528261375/,https://www.pinterest.com/ideas/small-entryway-table-ideas/902528261375/
entryway ideas minecraft,3,24,"1,397",0,"Sep 14, 2026",934190027701,Diy And Crafts > Entryway Ideas Minecraft,https://www.pinterest.com/ideas/diy-and-crafts/934876475639/ > https://www.pinterest.com/ideas/entryway-ideas-minecraft/934190027701/,https://www.pinterest.com/ideas/entryway-ideas-minecraft/934190027701/
entryway lockers,2,16,"1,382",0,"Sep 15, 2026",920366570483,Home Decor > Entryway > Entryway Lockers,https://www.pinterest.com/ideas/home-decor/935249274030/ > https://www.pinterest.com/ideas/entryway/947659681346/ > https://www.pinterest.com/ideas/entryway-lockers/920366570483/,https://www.pinterest.com/ideas/entryway-lockers/920366570483/
entryway light fixture high ceiling,5,35,"1,379",0,"Sep 17, 2026",931379779692,Home Decor > Entryway > Entryway Light Fixture High Ceiling,https://www.pinterest.com/ideas/home-decor/935249274030/ > https://www.pinterest.com/ideas/entryway/947659681346/ > https://www.pinterest.com/ideas/entryway-light-fixture-high-ceiling/931379779692/,https://www.pinterest.com/ideas/entryway-light-fixture-high-ceiling/931379779692/
entryway floor,2,14,"1,357",0,"Sep 17, 2026",923942258211,Home Decor > Entryway > Entryway Flooring > Entryway Floor,https://www.pinterest.com/ideas/home-decor/935249274030/ > https://www.pinterest.com/ideas/entryway/947659681346/ > https://www.pinterest.com/ideas/entryway-flooring/911382513773/ > https://www.pinterest.com/ideas/entryway-floor/923942258211/,https://www.pinterest.com/ideas/entryway-floor/923942258211/
entryway modern,2,15,"1,339",0,"Sep 17, 2026",910837281915,Home Decor > Entryway > Entryway Decor > Entryway Modern,https://www.pinterest.com/ideas/home-decor/935249274030/ > https://www.pinterest.com/ideas/entryway/947659681346/ > https://www.pinterest.com/ideas/entryway-decor/921715628295/ > https://www.pinterest.com/ideas/entryway-modern/910837281915/,https://www.pinterest.com/ideas/entryway-modern/910837281915/
small entryway closet,3,21,"1,304",0,"Sep 17, 2026",940414090444,Home Decor > Small Entryway Closet,https://www.pinterest.com/ideas/home-decor/935249274030/ > https://www.pinterest.com/ideas/small-entryway-closet/940414090444/,https://www.pinterest.com/ideas/small-entryway-closet/940414090444/
entryway planters front entry,4,29,"1,296",0,"Sep 17, 2026",948701314940,Lawn And Garden > Planting > Plants > Entryway Planters Front Entry,https://www.pinterest.com/ideas/lawn-and-garden/909983286710/ > https://www.pinterest.com/ideas/planting/916000423671/ > https://www.pinterest.com/ideas/plants/944760692332/ > https://www.pinterest.com/ideas/entryway-planters-front-entry/948701314940/,https://www.pinterest.com/ideas/entryway-planters-front-entry/948701314940/
small entryway wall decor,4,25,"1,282",0,"Sep 17, 2026",940538590148,Home Decor > Entryway > Entryway Wall Art > Small Entryway Wall Decor,https://www.pinterest.com/ideas/home-decor/935249274030/ > https://www.pinterest.com/ideas/entryway/947659681346/ > https://www.pinterest.com/ideas/entryway-wall-art/924844456068/ > https://www.pinterest.com/ideas/small-entryway-wall-decor/940538590148/,https://www.pinterest.com/ideas/small-entryway-wall-decor/940538590148/
entryway ideas toca boca,4,24,"1,276",0,"Jun 13, 2026",960805808426,Home Decor > Entryway > Entryway Ideas > Entryway Ideas Toca Boca,https://www.pinterest.com/ideas/home-decor/935249274030/ > https://www.pinterest.com/ideas/entryway/947659681346/ > https://www.pinterest.com/ideas/entryway-ideas/939790496305/ > https://www.pinterest.com/ideas/entryway-ideas-toca-boca/960805808426/,https://www.pinterest.com/ideas/entryway-ideas-toca-boca/960805808426/
entryway hall tree,3,18,"1,231",0,"Sep 15, 2026",928273569850,Home Decor > Entryway > Entryway Coat Rack > Entryway Hall Tree,https://www.pinterest.com/ideas/home-decor/935249274030/ > https://www.pinterest.com/ideas/entryway/947659681346/ > https://www.pinterest.com/ideas/entryway-coat-rack/908024983478/ > https://www.pinterest.com/ideas/entryway-hall-tree/928273569850/,https://www.pinterest.com/ideas/entryway-hall-tree/928273569850/
entryway mirror with hooks,4,26,"1,172",0,"Sep 17, 2026",905478594474,Home Decor > Entryway > Entryway Decor > Entryway Mirror With Hooks,https://www.pinterest.com/ideas/home-decor/935249274030/ > https://www.pinterest.com/ideas/entryway/947659681346/ > https://www.pinterest.com/ideas/entryway-decor/921715628295/ > https://www.pinterest.com/ideas/entryway-mirror-with-hooks/905478594474/,https://www.pinterest.com/ideas/entryway-mirror-with-hooks/905478594474/
entryway mirror decor,3,21,"1,149",0,"Sep 14, 2026",951450488995,Home Decor > Entryway > Entryway Mirror Decor,https://www.pinterest.com/ideas/home-decor/935249274030/ > https://www.pinterest.com/ideas/entryway/947659681346/ > https://www.pinterest.com/ideas/entryway-mirror-decor/951450488995/,https://www.pinterest.com/ideas/entryway-mirror-decor/951450488995/
entryway plants indoor,3,22,"1,136",0,"Sep 17, 2026",902984320452,Lawn And Garden > Planting > Plants > Entryway Plants Indoor,https://www.pinterest.com/ideas/lawn-and-garden/909983286710/ > https://www.pinterest.com/ideas/planting/916000423671/ > https://www.pinterest.com/ideas/plants/944760692332/ > https://www.pinterest.com/ideas/entryway-plants-indoor/902984320452/,https://www.pinterest.com/ideas/entryway-plants-indoor/902984320452/
entryway art ideas,3,18,"1,119",0,"Sep 13, 2026",907845088470,Art > Art Idea > Artistic Ideas > Entryway Art Ideas,https://www.pinterest.com/ideas/art/961238559656/ > https://www.pinterest.com/ideas/art-idea/930078336787/ > https://www.pinterest.com/ideas/artistic-ideas/954430572001/ > https://www.pinterest.com/ideas/entryway-art-ideas/907845088470/,https://www.pinterest.com/ideas/entryway-art-ideas/907845088470/
entryway layout,2,15,"1,106",0,"Sep 14, 2026",919953810879,Home Decor > Entryway > Entryway Ideas > Entryway Layout,https://www.pinterest.com/ideas/home-decor/935249274030/ > https://www.pinterest.com/ideas/entryway/947659681346/ > https://www.pinterest.com/ideas/entryway-ideas/939790496305/ > https://www.pinterest.com/ideas/entryway-layout/919953810879/,https://www.pinterest.com/ideas/entryway-layout/919953810879/
entryway plants,2,15,"1,086",0,"Sep 17, 2026",926212952410,Lawn And Garden > Planting > Plants > Entryway Plants,https://www.pinterest.com/ideas/lawn-and-garden/909983286710/ > https://www.pinterest.com/ideas/planting/916000423671/ > https://www.pinterest.com/ideas/plants/944760692332/ > https://www.pinterest.com/ideas/entryway-plants/926212952410/,https://www.pinterest.com/ideas/entryway-plants/926212952410/
entryway ideas narrow,3,21,"1,031",0,"Sep 15, 2026",920638984089,Home Decor > Entryway > Entryway Ideas > Entryway Ideas Narrow,https://www.pinterest.com/ideas/home-decor/935249274030/ > https://www.pinterest.com/ideas/entryway/947659681346/ > https://www.pinterest.com/ideas/entryway-ideas/939790496305/ > https://www.pinterest.com/ideas/entryway-ideas-narrow/920638984089/,https://www.pinterest.com/ideas/entryway-ideas-narrow/920638984089/
small entryway design inspiration,4,33,"1,031",0,"Sep 17, 2026",899256121814,Design > Interior Design > House Design > Small Entryway Design Inspiration,https://www.pinterest.com/ideas/design/902065567321/ > https://www.pinterest.com/ideas/interior-design/922773544354/ > https://www.pinterest.com/ideas/house-design/899991296769/ > https://www.pinterest.com/ideas/small-entryway-design-inspiration/899256121814/,https://www.pinterest.com/ideas/small-entryway-design-inspiration/899256121814/
entryway apartment ideas,3,24,"1,003",0,"Sep 15, 2026",897883435178,Home Decor > Entryway > Entryway Ideas > Entryway Apartment Ideas,https://www.pinterest.com/ideas/home-decor/935249274030/ > https://www.pinterest.com/ideas/entryway/947659681346/ > https://www.pinterest.com/ideas/entryway-ideas/939790496305/ > https://www.pinterest.com/ideas/entryway-apartment-ideas/897883435178/,https://www.pinterest.com/ideas/entryway-apartment-ideas/897883435178/
drop zone ideas entryway small space,6,36,962,0,"Sep 15, 2026",927986004218,Drop Zone Ideas Entryway Small Space,https://www.pinterest.com/ideas/drop-zone-ideas-entryway-small-space/927986004218/,https://www.pinterest.com/ideas/drop-zone-ideas-entryway-small-space/927986004218/
entryway decor christmas,3,24,959,0,"Sep 17, 2026",953460254830,Home Decor > Entryway > Entryway Decor > Entryway Decor Christmas,https://www.pinterest.com/ideas/home-decor/935249274030/ > https://www.pinterest.com/ideas/entryway/947659681346/ > https://www.pinterest.com/ideas/entryway-decor/921715628295/ > https://www.pinterest.com/ideas/entryway-decor-christmas/953460254830/,https://www.pinterest.com/ideas/entryway-decor-christmas/953460254830/
entryway drop zone ideas,4,24,925,0,"Sep 15, 2026",948836158876,Home Decor > Entryway > Entryway Ideas > Entryway Drop Zone Ideas,https://www.pinterest.com/ideas/home-decor/935249274030/ > https://www.pinterest.com/ideas/entryway/947659681346/ > https://www.pinterest.com/ideas/entryway-ideas/939790496305/ > https://www.pinterest.com/ideas/entryway-drop-zone-ideas/948836158876/,https://www.pinterest.com/ideas/entryway-drop-zone-ideas/948836158876/
entryway fall decor,3,19,923,0,"Sep 10, 2026",941463172261,Home Decor > Entryway > Entryway Decor > Entryway Fall Decor,https://www.pinterest.com/ideas/home-decor/935249274030/ > https://www.pinterest.com/ideas/entryway/947659681346/ > https://www.pinterest.com/ideas/entryway-decor/921715628295/ > https://www.pinterest.com/ideas/entryway-fall-decor/941463172261/,https://www.pinterest.com/ideas/entryway-fall-decor/941463172261/
small entryway cabinet,3,22,915,0,"Sep 17, 2026",914137889300,Home Decor > Entryway > Entryway Shelf > Small Entryway Cabinet,https://www.pinterest.com/ideas/home-decor/935249274030/ > https://www.pinterest.com/ideas/entryway/947659681346/ > https://www.pinterest.com/ideas/entryway-shelf/935713534633/ > https://www.pinterest.com/ideas/small-entryway-cabinet/914137889300/,https://www.pinterest.com/ideas/small-entryway-cabinet/914137889300/
entryway ideas with storage,4,27,893,0,"Sep 17, 2026",948202229939,Home Decor > Entryway > Entryway Ideas > Entryway Ideas With Storage,https://www.pinterest.com/ideas/home-decor/935249274030/ > https://www.pinterest.com/ideas/entryway/947659681346/ > https://www.pinterest.com/ideas/entryway-ideas/939790496305/ > https://www.pinterest.com/ideas/entryway-ideas-with-storage/948202229939/,https://www.pinterest.com/ideas/entryway-ideas-with-storage/948202229939/
entryway minecraft,2,18,866,0,"Sep 17, 2026",926688305845,Architecture > Entryway Minecraft,https://www.pinterest.com/ideas/architecture/918105274631/ > https://www.pinterest.com/ideas/entryway-minecraft/926688305845/,https://www.pinterest.com/ideas/entryway-minecraft/926688305845/
entryway ideas storage,3,22,859,0,"Sep 17, 2026",931335896728,Home Decor > Storage And Organization > Entryway Storage > Entryway Ideas Storage,https://www.pinterest.com/ideas/home-decor/935249274030/ > https://www.pinterest.com/ideas/storage-and-organization/896864884493/ > https://www.pinterest.com/ideas/entryway-storage/898874309453/ > https://www.pinterest.com/ideas/entryway-ideas-storage/931335896728/,https://www.pinterest.com/ideas/entryway-ideas-storage/931335896728/
small entryway with stairs,4,26,855,0,"Sep 14, 2026",918484290564,Architecture > Interior Architecture > Small Entryway With Stairs,https://www.pinterest.com/ideas/architecture/918105274631/ > https://www.pinterest.com/ideas/interior-architecture/959201211515/ > https://www.pinterest.com/ideas/small-entryway-with-stairs/918484290564/,https://www.pinterest.com/ideas/small-entryway-with-stairs/918484290564/
entryway ideas for small spaces,5,31,841,0,"Sep 15, 2026",924207062007,Home Decor > Entryway > Entryway Ideas > Entryway Ideas For Small Spaces,https://www.pinterest.com/ideas/home-decor/935249274030/ > https://www.pinterest.com/ideas/entryway/947659681346/ > https://www.pinterest.com/ideas/entryway-ideas/939790496305/ > https://www.pinterest.com/ideas/entryway-ideas-for-small-spaces/924207062007/,https://www.pinterest.com/ideas/entryway-ideas-for-small-spaces/924207062007/
small entryway ideas modern,4,27,835,0,"Sep 17, 2026",906663937610,Home Decor > Small Entryway Ideas Modern,https://www.pinterest.com/ideas/home-decor/935249274030/ > https://www.pinterest.com/ideas/small-entryway-ideas-modern/906663937610/,https://www.pinterest.com/ideas/small-entryway-ideas-modern/906663937610/
entryway ideas bench,3,20,827,0,"Sep 17, 2026",902633413257,Home Decor > Entryway > Entryway Ideas > Entryway Ideas Bench,https://www.pinterest.com/ideas/home-decor/935249274030/ > https://www.pinterest.com/ideas/entryway/947659681346/ > https://www.pinterest.com/ideas/entryway-ideas/939790496305/ > https://www.pinterest.com/ideas/entryway-ideas-bench/902633413257/,https://www.pinterest.com/ideas/entryway-ideas-bench/902633413257/
entryway mirror inspiration,3,27,813,0,"Sep 17, 2026",921695870116,Home Decor > Entryway > Entryway Decor > Entryway Mirror Inspiration,https://www.pinterest.com/ideas/home-decor/935249274030/ > https://www.pinterest.com/ideas/entryway/947659681346/ > https://www.pinterest.com/ideas/entryway-decor/921715628295/ > https://www.pinterest.com/ideas/entryway-mirror-inspiration/921695870116/,https://www.pinterest.com/ideas/entryway-mirror-inspiration/921695870116/
small entryway shoe storage,4,27,741,0,"Sep 17, 2026",927248180402,Home Decor > Entryway > Entryway Decor > Small Entryway Shoe Storage,https://www.pinterest.com/ideas/home-decor/935249274030/ > https://www.pinterest.com/ideas/entryway/947659681346/ > https://www.pinterest.com/ideas/entryway-decor/921715628295/ > https://www.pinterest.com/ideas/small-entryway-shoe-storage/927248180402/,https://www.pinterest.com/ideas/small-entryway-shoe-storage/927248180402/
entryway decor with bench,4,25,730,0,"Sep 17, 2026",913995390384,Home Decor > Entryway > Entryway Decor > Entryway Decor With Bench,https://www.pinterest.com/ideas/home-decor/935249274030/ > https://www.pinterest.com/ideas/entryway/947659681346/ > https://www.pinterest.com/ideas/entryway-decor/921715628295/ > https://www.pinterest.com/ideas/entryway-decor-with-bench/913995390384/,https://www.pinterest.com/ideas/entryway-decor-with-bench/913995390384/
entryway narrow,2,15,723,0,"Sep 15, 2026",917387465570,Home Decor > Entryway > Entryway Narrow,https://www.pinterest.com/ideas/home-decor/935249274030/ > https://www.pinterest.com/ideas/entryway/947659681346/ > https://www.pinterest.com/ideas/entryway-narrow/917387465570/,https://www.pinterest.com/ideas/entryway-narrow/917387465570/
entryway niche,2,14,720,0,"Sep 17, 2026",945954473455,Home Decor > Entryway > Entryway Decor > Entryway Niche,https://www.pinterest.com/ideas/home-decor/935249274030/ > https://www.pinterest.com/ideas/entryway/947659681346/ > https://www.pinterest.com/ideas/entryway-decor/921715628295/ > https://www.pinterest.com/ideas/entryway-niche/945954473455/,https://www.pinterest.com/ideas/entryway-niche/945954473455/
entryway ottoman,2,16,718,0,"Sep 13, 2026",923277936985,Home Decor > Entryway > Entryway Ottoman,https://www.pinterest.com/ideas/home-decor/935249274030/ > https://www.pinterest.com/ideas/entryway/947659681346/ > https://www.pinterest.com/ideas/entryway-ottoman/923277936985/,https://www.pinterest.com/ideas/entryway-ottoman/923277936985/
small entryway ideas with bench,5,31,716,0,"Sep 15, 2026",959927773456,Home Decor > Entryway > Entryway Ideas > Small Entryway Ideas With Bench,https://www.pinterest.com/ideas/home-decor/935249274030/ > https://www.pinterest.com/ideas/entryway/947659681346/ > https://www.pinterest.com/ideas/entryway-ideas/939790496305/ > https://www.pinterest.com/ideas/small-entryway-ideas-with-bench/959927773456/,https://www.pinterest.com/ideas/small-entryway-ideas-with-bench/959927773456/
entryway office,2,15,697,0,"Sep 15, 2026",960903227120,Home Decor > Entryway > Entryway Office,https://www.pinterest.com/ideas/home-decor/935249274030/ > https://www.pinterest.com/ideas/entryway/947659681346/ > https://www.pinterest.com/ideas/entryway-office/960903227120/,https://www.pinterest.com/ideas/entryway-office/960903227120/
entryway ideas luxury,3,21,676,0,"Sep 17, 2026",954995296070,Home Decor > Entryway > Entryway Ideas > Entryway Ideas Luxury,https://www.pinterest.com/ideas/home-decor/935249274030/ > https://www.pinterest.com/ideas/entryway/947659681346/ > https://www.pinterest.com/ideas/entryway-ideas/939790496305/ > https://www.pinterest.com/ideas/entryway-ideas-luxury/954995296070/,https://www.pinterest.com/ideas/entryway-ideas-luxury/954995296070/
entryway floating shelf,3,23,664,0,"Sep 14, 2026",943235557677,Home Decor > Entryway > Entryway Shelf > Entryway Floating Shelf,https://www.pinterest.com/ideas/home-decor/935249274030/ > https://www.pinterest.com/ideas/entryway/947659681346/ > https://www.pinterest.com/ideas/entryway-shelf/935713534633/ > https://www.pinterest.com/ideas/entryway-floating-shelf/943235557677/,https://www.pinterest.com/ideas/entryway-floating-shelf/943235557677/
entryway hallway decor,3,22,660,0,"Sep 15, 2026",894818885161,Home Decor > Entryway > Entryway Decor > Entryway Hallway Decor,https://www.pinterest.com/ideas/home-decor/935249274030/ > https://www.pinterest.com/ideas/entryway/947659681346/ > https://www.pinterest.com/ideas/entryway-decor/921715628295/ > https://www.pinterest.com/ideas/entryway-hallway-decor/894818885161/,https://www.pinterest.com/ideas/entryway-hallway-decor/894818885161/
entryway minimalist,2,19,655,0,"Sep 17, 2026",898287800537,Home Decor > Entryway > Entryway Ideas > Entryway Minimalist,https://www.pinterest.com/ideas/home-decor/935249274030/ > https://www.pinterest.com/ideas/entryway/947659681346/ > https://www.pinterest.com/ideas/entryway-ideas/939790496305/ > https://www.pinterest.com/ideas/entryway-minimalist/898287800537/,https://www.pinterest.com/ideas/entryway-minimalist/898287800537/
entryway halloween decor,3,24,650,0,"Sep 17, 2026",896569478249,Entryway Halloween Decor,https://www.pinterest.com/ideas/entryway-halloween-decor/896569478249/,https://www.pinterest.com/ideas/entryway-halloween-decor/896569478249/
entryway outdoor,2,16,631,0,"Sep 17, 2026",948620430868,Home Decor > Entryway > Entryway Ideas > Entryway Outdoor,https://www.pinterest.com/ideas/home-decor/935249274030/ > https://www.pinterest.com/ideas/entryway/947659681346/ > https://www.pinterest.com/ideas/entryway-ideas/939790496305/ > https://www.pinterest.com/ideas/entryway-outdoor/948620430868/,https://www.pinterest.com/ideas/entryway-outdoor/948620430868/
entryway decor bloxburg,3,23,631,0,"Sep 17, 2026",926609394178,Home Decor > Entryway > Entryway Decor > Entryway Decor Bloxburg,https://www.pinterest.com/ideas/home-decor/935249274030/ > https://www.pinterest.com/ideas/entryway/947659681346/ > https://www.pinterest.com/ideas/entryway-decor/921715628295/ > https://www.pinterest.com/ideas/entryway-decor-bloxburg/926609394178/,https://www.pinterest.com/ideas/entryway-decor-bloxburg/926609394178/
entryway ideas table,3,20,630,0,"Sep 15, 2026",916078947802,Home Decor > Entryway > Entryway Ideas > Entryway Ideas Table,https://www.pinterest.com/ideas/home-decor/935249274030/ > https://www.pinterest.com/ideas/entryway/947659681346/ > https://www.pinterest.com/ideas/entryway-ideas/939790496305/ > https://www.pinterest.com/ideas/entryway-ideas-table/916078947802/,https://www.pinterest.com/ideas/entryway-ideas-table/916078947802/
entryway decor farmhouse,3,24,629,0,"Sep 17, 2026",946857312563,Home Decor > Entryway > Entryway Decor > Entryway Decor Farmhouse,https://www.pinterest.com/ideas/home-decor/935249274030/ > https://www.pinterest.com/ideas/entryway/947659681346/ > https://www.pinterest.com/ideas/entryway-decor/921715628295/ > https://www.pinterest.com/ideas/entryway-decor-farmhouse/946857312563/,https://www.pinterest.com/ideas/entryway-decor-farmhouse/946857312563/
entryway armoire,2,16,622,0,"Sep 17, 2026",896415440791,Home Decor > Entryway > Entryway Armoire,https://www.pinterest.com/ideas/home-decor/935249274030/ > https://www.pinterest.com/ideas/entryway/947659681346/ > https://www.pinterest.com/ideas/entryway-armoire/896415440791/,https://www.pinterest.com/ideas/entryway-armoire/896415440791/
entryway decor small entrance,4,29,620,0,"Sep 15, 2026",938589150288,Home Decor > Entryway > Entryway Decor > Entryway Decor Small Entrance,https://www.pinterest.com/ideas/home-decor/935249274030/ > https://www.pinterest.com/ideas/entryway/947659681346/ > https://www.pinterest.com/ideas/entryway-decor/921715628295/ > https://www.pinterest.com/ideas/entryway-decor-small-entrance/938589150288/,https://www.pinterest.com/ideas/entryway-decor-small-entrance/938589150288/
entryway decor ideas modern,4,27,611,0,"Sep 17, 2026",898667042966,Home Decor > Entryway > Entryway Decor > Entryway Decor Ideas Modern,https://www.pinterest.com/ideas/home-decor/935249274030/ > https://www.pinterest.com/ideas/entryway/947659681346/ > https://www.pinterest.com/ideas/entryway-decor/921715628295/ > https://www.pinterest.com/ideas/entryway-decor-ideas-modern/898667042966/,https://www.pinterest.com/ideas/entryway-decor-ideas-modern/898667042966/
entryway ideas christmas,3,24,607,0,"Sep 17, 2026",934178350708,Home Decor > Entryway > Entryway Ideas > Entryway Ideas Christmas,https://www.pinterest.com/ideas/home-decor/935249274030/ > https://www.pinterest.com/ideas/entryway/947659681346/ > https://www.pinterest.com/ideas/entryway-ideas/939790496305/ > https://www.pinterest.com/ideas/entryway-ideas-christmas/934178350708/,https://www.pinterest.com/ideas/entryway-ideas-christmas/934178350708/
entryway decor outdoor,3,22,592,0,"Sep 14, 2026",940069915173,Home Decor > Entryway > Entryway Decor > Entryway Decor Outdoor,https://www.pinterest.com/ideas/home-decor/935249274030/ > https://www.pinterest.com/ideas/entryway/947659681346/ > https://www.pinterest.com/ideas/entryway-decor/921715628295/ > https://www.pinterest.com/ideas/entryway-decor-outdoor/940069915173/,https://www.pinterest.com/ideas/entryway-decor-outdoor/940069915173/
entryway room divider,3,21,584,0,"Sep 17, 2026",894350786391,Home Decor > Entryway > Entryway Decor > Entryway Room Divider,https://www.pinterest.com/ideas/home-decor/935249274030/ > https://www.pinterest.com/ideas/entryway/947659681346/ > https://www.pinterest.com/ideas/entryway-decor/921715628295/ > https://www.pinterest.com/ideas/entryway-room-divider/894350786391/,https://www.pinterest.com/ideas/entryway-room-divider/894350786391/
entryway ideas rustic,3,21,559,0,"Sep 17, 2026",893965796314,Home Decor > Entryway > Entryway Ideas > Entryway Ideas Rustic,https://www.pinterest.com/ideas/home-decor/935249274030/ > https://www.pinterest.com/ideas/entryway/947659681346/ > https://www.pinterest.com/ideas/entryway-ideas/939790496305/ > https://www.pinterest.com/ideas/entryway-ideas-rustic/893965796314/,https://www.pinterest.com/ideas/entryway-ideas-rustic/893965796314/
entryway ganesh decor,3,21,548,0,"Sep 13, 2026",911315927570,Home Decor > Entryway Ganesh Decor,https://www.pinterest.com/ideas/home-decor/935249274030/ > https://www.pinterest.com/ideas/entryway-ganesh-decor/911315927570/,https://www.pinterest.com/ideas/entryway-ganesh-decor/911315927570/
entryway ottoman ideas,3,22,534,0,"Sep 15, 2026",933790805989,Home Decor > Entryway > Entryway Ideas > Entryway Ottoman Ideas,https://www.pinterest.com/ideas/home-decor/935249274030/ > https://www.pinterest.com/ideas/entryway/947659681346/ > https://www.pinterest.com/ideas/entryway-ideas/939790496305/ > https://www.pinterest.com/ideas/entryway-ottoman-ideas/933790805989/,https://www.pinterest.com/ideas/entryway-ottoman-ideas/933790805989/
entryway decor bench,3,20,531,0,"Sep 17, 2026",956955257036,Home Decor > Entryway > Entryway Decor Bench,https://www.pinterest.com/ideas/home-decor/935249274030/ > https://www.pinterest.com/ideas/entryway/947659681346/ > https://www.pinterest.com/ideas/entryway-decor-bench/956955257036/,https://www.pinterest.com/ideas/entryway-decor-bench/956955257036/
small entryway with stairs ideas,5,32,527,0,"Sep 13, 2026",912821435320,Home Decor > Small Entryway With Stairs Ideas,https://www.pinterest.com/ideas/home-decor/935249274030/ > https://www.pinterest.com/ideas/small-entryway-with-stairs-ideas/912821435320/,https://www.pinterest.com/ideas/small-entryway-with-stairs-ideas/912821435320/
entryway hall ideas,3,19,519,0,"Sep 17, 2026",950184371290,Home Decor > Entryway > Entryway Ideas > Entryway Hall Ideas,https://www.pinterest.com/ideas/home-decor/935249274030/ > https://www.pinterest.com/ideas/entryway/947659681346/ > https://www.pinterest.com/ideas/entryway-ideas/939790496305/ > https://www.pinterest.com/ideas/entryway-hall-ideas/950184371290/,https://www.pinterest.com/ideas/entryway-hall-ideas/950184371290/
entryway rugs indoor,3,20,517,0,"Sep 17, 2026",943666100916,Entryway Rugs Indoor,https://www.pinterest.com/ideas/entryway-rugs-indoor/943666100916/,https://www.pinterest.com/ideas/entryway-rugs-indoor/943666100916/
entryway ideas with bench and table,6,35,516,0,"Sep 17, 2026",921543754474,Home Decor > Entryway > Entryway Ideas > Entryway Ideas With Bench And Table,https://www.pinterest.com/ideas/home-decor/935249274030/ > https://www.pinterest.com/ideas/entryway/947659681346/ > https://www.pinterest.com/ideas/entryway-ideas/939790496305/ > https://www.pinterest.com/ideas/entryway-ideas-with-bench-and-table/921543754474/,https://www.pinterest.com/ideas/entryway-ideas-with-bench-and-table/921543754474/
entryway decor mirror,3,21,514,0,"Sep 14, 2026",910679062516,Entryway Decor Mirror,https://www.pinterest.com/ideas/entryway-decor-mirror/910679062516/,https://www.pinterest.com/ideas/entryway-decor-mirror/910679062516/
small entryway wallpaper,3,24,512,0,"Sep 17, 2026",931371747204,Design > Small Entryway Wallpaper,https://www.pinterest.com/ideas/design/902065567321/ > https://www.pinterest.com/ideas/small-entryway-wallpaper/931371747204/,https://www.pinterest.com/ideas/small-entryway-wallpaper/931371747204/
apartment entryway aesthetic,3,28,508,0,"Sep 15, 2026",914700389283,Design > Interior Design > Interior Projects > Apartment Entryway Aesthetic,https://www.pinterest.com/ideas/design/902065567321/ > https://www.pinterest.com/ideas/interior-design/922773544354/ > https://www.pinterest.com/ideas/interior-projects/912784777839/ > https://www.pinterest.com/ideas/apartment-entryway-aesthetic/914700389283/,https://www.pinterest.com/ideas/apartment-entryway-aesthetic/914700389283/
small entryway mirror,3,21,503,0,"Sep 15, 2026",913314475833,Home Decor > Entryway > Small Entryway Mirror,https://www.pinterest.com/ideas/home-decor/935249274030/ > https://www.pinterest.com/ideas/entryway/947659681346/ > https://www.pinterest.com/ideas/small-entryway-mirror/913314475833/,https://www.pinterest.com/ideas/small-entryway-mirror/913314475833/
entryway kitchen,2,16,499,0,"Sep 17, 2026",952376413509,Home Decor > Entryway > Entryway Ideas > Entryway Kitchen,https://www.pinterest.com/ideas/home-decor/935249274030/ > https://www.pinterest.com/ideas/entryway/947659681346/ > https://www.pinterest.com/ideas/entryway-ideas/939790496305/ > https://www.pinterest.com/ideas/entryway-kitchen/952376413509/,https://www.pinterest.com/ideas/entryway-kitchen/952376413509/
entryway ideas wallpaper,3,24,492,0,"Sep 14, 2026",917440273204,Home Decor > Entryway > Entryway Ideas > Entryway Ideas Wallpaper,https://www.pinterest.com/ideas/home-decor/935249274030/ > https://www.pinterest.com/ideas/entryway/947659681346/ > https://www.pinterest.com/ideas/entryway-ideas/939790496305/ > https://www.pinterest.com/ideas/entryway-ideas-wallpaper/917440273204/,https://www.pinterest.com/ideas/entryway-ideas-wallpaper/917440273204/
entryway decor with mirror,4,26,491,0,"Sep 13, 2026",915388372967,Home Decor > Entryway > Entryway Decor > Entryway Decor With Mirror,https://www.pinterest.com/ideas/home-decor/935249274030/ > https://www.pinterest.com/ideas/entryway/947659681346/ > https://www.pinterest.com/ideas/entryway-decor/921715628295/ > https://www.pinterest.com/ideas/entryway-decor-with-mirror/915388372967/,https://www.pinterest.com/ideas/entryway-decor-with-mirror/915388372967/
entryway decor shoe storage,4,27,488,0,"Sep 17, 2026",949437985860,Home Decor > Entryway > Entryway Decor > Entryway Decor Shoe Storage,https://www.pinterest.com/ideas/home-decor/935249274030/ > https://www.pinterest.com/ideas/entryway/947659681346/ > https://www.pinterest.com/ideas/entryway-decor/921715628295/ > https://www.pinterest.com/ideas/entryway-decor-shoe-storage/949437985860/,https://www.pinterest.com/ideas/entryway-decor-shoe-storage/949437985860/
entryway ideas stairs,3,21,481,0,"Sep 17, 2026",916912360260,Home Decor > Entryway > Entryway Ideas > Entryway Ideas Stairs,https://www.pinterest.com/ideas/home-decor/935249274030/ > https://www.pinterest.com/ideas/entryway/947659681346/ > https://www.pinterest.com/ideas/entryway-ideas/939790496305/ > https://www.pinterest.com/ideas/entryway-ideas-stairs/916912360260/,https://www.pinterest.com/ideas/entryway-ideas-stairs/916912360260/
entryway office ideas,3,21,466,0,"Sep 17, 2026",949817432860,Home Decor > Entryway > Entryway Ideas > Entryway Office Ideas,https://www.pinterest.com/ideas/home-decor/935249274030/ > https://www.pinterest.com/ideas/entryway/947659681346/ > https://www.pinterest.com/ideas/entryway-ideas/939790496305/ > https://www.pinterest.com/ideas/entryway-office-ideas/949817432860/,https://www.pinterest.com/ideas/entryway-office-ideas/949817432860/
entryway ideas farmhouse,3,24,457,0,"Sep 17, 2026",896177258937,Home Decor > Entryway > Entryway Ideas > Entryway Ideas Farmhouse,https://www.pinterest.com/ideas/home-decor/935249274030/ > https://www.pinterest.com/ideas/entryway/947659681346/ > https://www.pinterest.com/ideas/entryway-ideas/939790496305/ > https://www.pinterest.com/ideas/entryway-ideas-farmhouse/896177258937/,https://www.pinterest.com/ideas/entryway-ideas-farmhouse/896177258937/
entryway exterior,2,17,442,0,"Sep 17, 2026",902781703081,Architecture > Residential Architecture > Entryway Exterior,https://www.pinterest.com/ideas/architecture/918105274631/ > https://www.pinterest.com/ideas/residential-architecture/917763335785/ > https://www.pinterest.com/ideas/entryway-exterior/902781703081/,https://www.pinterest.com/ideas/entryway-exterior/902781703081/
entryway ideas colorful,3,23,438,0,"Sep 15, 2026",932138018385,Home Decor > Entryway > Entryway Ideas > Entryway Ideas Colorful,https://www.pinterest.com/ideas/home-decor/935249274030/ > https://www.pinterest.com/ideas/entryway/947659681346/ > https://www.pinterest.com/ideas/entryway-ideas/939790496305/ > https://www.pinterest.com/ideas/entryway-ideas-colorful/932138018385/,https://www.pinterest.com/ideas/entryway-ideas-colorful/932138018385/
entryway ideas minimalist,3,25,436,0,"Sep 14, 2026",903485461498,Home Decor > Entryway Ideas Minimalist,https://www.pinterest.com/ideas/home-decor/935249274030/ > https://www.pinterest.com/ideas/entryway-ideas-minimalist/903485461498/,https://www.pinterest.com/ideas/entryway-ideas-minimalist/903485461498/
entryway vase decor,3,19,436,0,"Sep 14, 2026",959675069523,Home Decor > Entryway > Entryway Decor > Entryway Vase Decor,https://www.pinterest.com/ideas/home-decor/935249274030/ > https://www.pinterest.com/ideas/entryway/947659681346/ > https://www.pinterest.com/ideas/entryway-decor/921715628295/ > https://www.pinterest.com/ideas/entryway-vase-decor/959675069523/,https://www.pinterest.com/ideas/entryway-vase-decor/959675069523/
entryway garland christmas,3,26,419,0,"Jan 31, 2026",959599943564,Home Decor > Entryway > Entryway Decor > Entryway Garland Christmas,https://www.pinterest.com/ideas/home-decor/935249274030/ > https://www.pinterest.com/ideas/entryway/947659681346/ > https://www.pinterest.com/ideas/entryway-decor/921715628295/ > https://www.pinterest.com/ideas/entryway-garland-christmas/959599943564/,https://www.pinterest.com/ideas/entryway-garland-christmas/959599943564/
front yard entryway ideas,4,25,415,0,"Sep 13, 2026",924864122762,Lawn And Garden > Lawn And Garden Ideas > Yard Ideas > Front Yard Entryway Ideas,https://www.pinterest.com/ideas/lawn-and-garden/909983286710/ > https://www.pinterest.com/ideas/lawn-and-garden-ideas/909909540942/ > https://www.pinterest.com/ideas/yard-ideas/952494184845/ > https://www.pinterest.com/ideas/front-yard-entryway-ideas/924864122762/,https://www.pinterest.com/ideas/front-yard-entryway-ideas/924864122762/
entryway ideas without table,4,28,404,0,"Sep 17, 2026",950314903602,Home Decor > Entryway > Entryway Ideas > Entryway Ideas Without Table,https://www.pinterest.com/ideas/home-decor/935249274030/ > https://www.pinterest.com/ideas/entryway/947659681346/ > https://www.pinterest.com/ideas/entryway-ideas/939790496305/ > https://www.pinterest.com/ideas/entryway-ideas-without-table/950314903602/,https://www.pinterest.com/ideas/entryway-ideas-without-table/950314903602/
entryway green,2,14,400,0,"Sep 17, 2026",939535344362,Home Decor > Entryway Green,https://www.pinterest.com/ideas/home-decor/935249274030/ > https://www.pinterest.com/ideas/entryway-green/939535344362/,https://www.pinterest.com/ideas/entryway-green/939535344362/
small entryway with bench,4,25,396,0,"Sep 17, 2026",928252174480,Home Decor > Entryway > Small Entryway With Bench,https://www.pinterest.com/ideas/home-decor/935249274030/ > https://www.pinterest.com/ideas/entryway/947659681346/ > https://www.pinterest.com/ideas/small-entryway-with-bench/928252174480/,https://www.pinterest.com/ideas/small-entryway-with-bench/928252174480/
small entryway ideas storage,4,28,394,0,"Sep 15, 2026",900521792420,Home Decor > Storage And Organization > Entryway Storage > Small Entryway Ideas Storage,https://www.pinterest.com/ideas/home-decor/935249274030/ > https://www.pinterest.com/ideas/storage-and-organization/896864884493/ > https://www.pinterest.com/ideas/entryway-storage/898874309453/ > https://www.pinterest.com/ideas/small-entryway-ideas-storage/900521792420/,https://www.pinterest.com/ideas/small-entryway-ideas-storage/900521792420/
entryway key storage,3,20,394,0,"Sep 14, 2026",944410085090,Home Decor > Entryway > Entryway Key Storage,https://www.pinterest.com/ideas/home-decor/935249274030/ > https://www.pinterest.com/ideas/entryway/947659681346/ > https://www.pinterest.com/ideas/entryway-key-storage/944410085090/,https://www.pinterest.com/ideas/entryway-key-storage/944410085090/
entryway open concept,3,21,393,0,"Sep 15, 2026",960789692611,Architecture > Building Concept > Architecture Concept > Entryway Open Concept,https://www.pinterest.com/ideas/architecture/918105274631/ > https://www.pinterest.com/ideas/building-concept/910705246151/ > https://www.pinterest.com/ideas/architecture-concept/898221148363/ > https://www.pinterest.com/ideas/entryway-open-concept/960789692611/,https://www.pinterest.com/ideas/entryway-open-concept/960789692611/
small entryway rug,3,18,393,0,"Sep 11, 2026",919846100837,Home Decor > Entryway > Welcome Mat > Small Entryway Rug,https://www.pinterest.com/ideas/home-decor/935249274030/ > https://www.pinterest.com/ideas/entryway/947659681346/ > https://www.pinterest.com/ideas/welcome-mat/938753982315/ > https://www.pinterest.com/ideas/small-entryway-rug/919846100837/,https://www.pinterest.com/ideas/small-entryway-rug/919846100837/
entryway vintage,2,16,383,0,"Sep 17, 2026",922195154471,Home Decor > Entryway Vintage,https://www.pinterest.com/ideas/home-decor/935249274030/ > https://www.pinterest.com/ideas/entryway-vintage/922195154471/,https://www.pinterest.com/ideas/entryway-vintage/922195154471/
entryway ideas small apartment,4,30,382,0,"Sep 15, 2026",899526772595,Home Decor > Entryway > Entryway Ideas > Entryway Ideas Small Apartment,https://www.pinterest.com/ideas/home-decor/935249274030/ > https://www.pinterest.com/ideas/entryway/947659681346/ > https://www.pinterest.com/ideas/entryway-ideas/939790496305/ > https://www.pinterest.com/ideas/entryway-ideas-small-apartment/899526772595/,https://www.pinterest.com/ideas/entryway-ideas-small-apartment/899526772595/
entryway narrow hallways,3,24,381,0,"Sep 15, 2026",944466040266,Home Decor > Entryway > Entryway Ideas > Entryway Narrow Hallways,https://www.pinterest.com/ideas/home-decor/935249274030/ > https://www.pinterest.com/ideas/entryway/947659681346/ > https://www.pinterest.com/ideas/entryway-ideas/939790496305/ > https://www.pinterest.com/ideas/entryway-narrow-hallways/944466040266/,https://www.pinterest.com/ideas/entryway-narrow-hallways/944466040266/
entryway ideas shoe cabinet,4,27,375,0,"Sep 17, 2026",913645209728,Home Decor > Entryway > Entryway Ideas > Entryway Ideas Shoe Cabinet,https://www.pinterest.com/ideas/home-decor/935249274030/ > https://www.pinterest.com/ideas/entryway/947659681346/ > https://www.pinterest.com/ideas/entryway-ideas/939790496305/ > https://www.pinterest.com/ideas/entryway-ideas-shoe-cabinet/913645209728/,https://www.pinterest.com/ideas/entryway-ideas-shoe-cabinet/913645209728/
entryway decor with shoe storage,5,32,370,0,"Sep 17, 2026",896516613092,Home Decor > Entryway > Entryway Decor > Entryway Decor With Shoe Storage,https://www.pinterest.com/ideas/home-decor/935249274030/ > https://www.pinterest.com/ideas/entryway/947659681346/ > https://www.pinterest.com/ideas/entryway-decor/921715628295/ > https://www.pinterest.com/ideas/entryway-decor-with-shoe-storage/896516613092/,https://www.pinterest.com/ideas/entryway-decor-with-shoe-storage/896516613092/
small entryway table decor ideas,5,32,368,0,"Sep 15, 2026",901362280549,Small Entryway Table Decor Ideas,https://www.pinterest.com/ideas/small-entryway-table-decor-ideas/901362280549/,https://www.pinterest.com/ideas/small-entryway-table-decor-ideas/901362280549/
entryway ideas vintage,3,22,352,0,"Sep 13, 2026",938098684703,Home Decor > Entryway > Entryway Ideas > Entryway Ideas Vintage,https://www.pinterest.com/ideas/home-decor/935249274030/ > https://www.pinterest.com/ideas/entryway/947659681346/ > https://www.pinterest.com/ideas/entryway-ideas/939790496305/ > https://www.pinterest.com/ideas/entryway-ideas-vintage/938098684703/,https://www.pinterest.com/ideas/entryway-ideas-vintage/938098684703/
entryway kids organization,3,26,345,0,"Nov 2, 2025",955407361021,Home Decor > Entryway > Entryway Shelf > Entryway Kids Organization,https://www.pinterest.com/ideas/home-decor/935249274030/ > https://www.pinterest.com/ideas/entryway/947659681346/ > https://www.pinterest.com/ideas/entryway-shelf/935713534633/ > https://www.pinterest.com/ideas/entryway-kids-organization/955407361021/,https://www.pinterest.com/ideas/entryway-kids-organization/955407361021/
entryway ideas mid century modern,5,33,345,0,"Sep 15, 2026",898803678684,Home Decor > Entryway > Entryway Ideas > Entryway Ideas Mid Century Modern,https://www.pinterest.com/ideas/home-decor/935249274030/ > https://www.pinterest.com/ideas/entryway/947659681346/ > https://www.pinterest.com/ideas/entryway-ideas/939790496305/ > https://www.pinterest.com/ideas/entryway-ideas-mid-century-modern/898803678684/,https://www.pinterest.com/ideas/entryway-ideas-mid-century-modern/898803678684/
small entryway lighting,3,23,343,0,"Sep 14, 2026",933129245617,Home Decor > Entryway > Small Entryway Lighting,https://www.pinterest.com/ideas/home-decor/935249274030/ > https://www.pinterest.com/ideas/entryway/947659681346/ > https://www.pinterest.com/ideas/small-entryway-lighting/933129245617/,https://www.pinterest.com/ideas/small-entryway-lighting/933129245617/
entryway ideas wedding,3,22,343,0,"Sep 17, 2026",896465296408,Weddings > Wedding Decor > Entryway Ideas Wedding,https://www.pinterest.com/ideas/weddings/903260720461/ > https://www.pinterest.com/ideas/wedding-decor/919736858270/ > https://www.pinterest.com/ideas/entryway-ideas-wedding/896465296408/,https://www.pinterest.com/ideas/entryway-ideas-wedding/896465296408/
entryway decor wall,3,19,340,0,"Sep 17, 2026",906264464595,Home Decor > Entryway > Entryway Wall Art > Entryway Decor Wall,https://www.pinterest.com/ideas/home-decor/935249274030/ > https://www.pinterest.com/ideas/entryway/947659681346/ > https://www.pinterest.com/ideas/entryway-wall-art/924844456068/ > https://www.pinterest.com/ideas/entryway-decor-wall/906264464595/,https://www.pinterest.com/ideas/entryway-decor-wall/906264464595/
entryway ideas shoes,3,20,338,0,"Sep 17, 2026",910276265513,Home Decor > Entryway > Entryway Ideas > Entryway Ideas Shoes,https://www.pinterest.com/ideas/home-decor/935249274030/ > https://www.pinterest.com/ideas/entryway/947659681346/ > https://www.pinterest.com/ideas/entryway-ideas/939790496305/ > https://www.pinterest.com/ideas/entryway-ideas-shoes/910276265513/,https://www.pinterest.com/ideas/entryway-ideas-shoes/910276265513/
small entryway flooring ideas,4,29,330,0,"Sep 17, 2026",917975009400,Home Decor > Entryway > Entryway Flooring > Small Entryway Flooring Ideas,https://www.pinterest.com/ideas/home-decor/935249274030/ > https://www.pinterest.com/ideas/entryway/947659681346/ > https://www.pinterest.com/ideas/entryway-flooring/911382513773/ > https://www.pinterest.com/ideas/small-entryway-flooring-ideas/917975009400/,https://www.pinterest.com/ideas/small-entryway-flooring-ideas/917975009400/
entryway ideas open concept,4,27,324,0,"Sep 15, 2026",893485998936,Home Decor > Entryway > Entryway Ideas > Entryway Ideas Open Concept,https://www.pinterest.com/ideas/home-decor/935249274030/ > https://www.pinterest.com/ideas/entryway/947659681346/ > https://www.pinterest.com/ideas/entryway-ideas/939790496305/ > https://www.pinterest.com/ideas/entryway-ideas-open-concept/893485998936/,https://www.pinterest.com/ideas/entryway-ideas-open-concept/893485998936/
entryway ideas sims 4,4,21,312,0,"Sep 17, 2026",913091947768,Home Decor > Entryway > Entryway Ideas > Entryway Ideas Sims 4,https://www.pinterest.com/ideas/home-decor/935249274030/ > https://www.pinterest.com/ideas/entryway/947659681346/ > https://www.pinterest.com/ideas/entryway-ideas/939790496305/ > https://www.pinterest.com/ideas/entryway-ideas-sims-4/913091947768/,https://www.pinterest.com/ideas/entryway-ideas-sims-4/913091947768/
small entryway closet organization,4,34,309,0,"Sep 17, 2026",905591524947,Home Decor > Entryway > Entryway Ideas > Small Entryway Closet Organization,https://www.pinterest.com/ideas/home-decor/935249274030/ > https://www.pinterest.com/ideas/entryway/947659681346/ > https://www.pinterest.com/ideas/entryway-ideas/939790496305/ > https://www.pinterest.com/ideas/small-entryway-closet-organization/905591524947/,https://www.pinterest.com/ideas/small-entryway-closet-organization/905591524947/
entryway niche ideas,3,20,305,0,"Sep 17, 2026",899106328939,Home Decor > Entryway > Entryway Ideas > Entryway Niche Ideas,https://www.pinterest.com/ideas/home-decor/935249274030/ > https://www.pinterest.com/ideas/entryway/947659681346/ > https://www.pinterest.com/ideas/entryway-ideas/939790496305/ > https://www.pinterest.com/ideas/entryway-niche-ideas/899106328939/,https://www.pinterest.com/ideas/entryway-niche-ideas/899106328939/
entryway vestibule,2,18,301,0,"Sep 17, 2026",928833777790,Architecture > Interior Architecture > Entryway Vestibule,https://www.pinterest.com/ideas/architecture/918105274631/ > https://www.pinterest.com/ideas/interior-architecture/959201211515/ > https://www.pinterest.com/ideas/entryway-vestibule/928833777790/,https://www.pinterest.com/ideas/entryway-vestibule/928833777790/
entryway under stairs,3,21,294,0,"Sep 15, 2026",957041156791,Home Decor > Entryway > Entryway Ideas > Entryway Under Stairs,https://www.pinterest.com/ideas/home-decor/935249274030/ > https://www.pinterest.com/ideas/entryway/947659681346/ > https://www.pinterest.com/ideas/entryway-ideas/939790496305/ > https://www.pinterest.com/ideas/entryway-under-stairs/957041156791/,https://www.pinterest.com/ideas/entryway-under-stairs/957041156791/
small entryway hallway ideas,4,28,293,0,"Sep 17, 2026",900630535248,Home Decor > Entryway > Entryway Ideas > Small Entryway Hallway Ideas,https://www.pinterest.com/ideas/home-decor/935249274030/ > https://www.pinterest.com/ideas/entryway/947659681346/ > https://www.pinterest.com/ideas/entryway-ideas/939790496305/ > https://www.pinterest.com/ideas/small-entryway-hallway-ideas/900630535248/,https://www.pinterest.com/ideas/small-entryway-hallway-ideas/900630535248/
entryway vase,2,13,292,0,"Sep 17, 2026",957780020925,Home Decor > Entryway > Entryway Decor > Entryway Vase,https://www.pinterest.com/ideas/home-decor/935249274030/ > https://www.pinterest.com/ideas/entryway/947659681346/ > https://www.pinterest.com/ideas/entryway-decor/921715628295/ > https://www.pinterest.com/ideas/entryway-vase/957780020925/,https://www.pinterest.com/ideas/entryway-vase/957780020925/
small entryway paint ideas,4,26,292,0,"Sep 17, 2026",951016990475,Home Decor > Entryway > Entryway Paint > Small Entryway Paint Ideas,https://www.pinterest.com/ideas/home-decor/935249274030/ > https://www.pinterest.com/ideas/entryway/947659681346/ > https://www.pinterest.com/ideas/entryway-paint/895544131331/ > https://www.pinterest.com/ideas/small-entryway-paint-ideas/951016990475/,https://www.pinterest.com/ideas/small-entryway-paint-ideas/951016990475/
entryway niche decor,3,20,285,0,"Sep 17, 2026",944281133217,Home Decor > Entryway > Entryway Decor > Entryway Niche Decor,https://www.pinterest.com/ideas/home-decor/935249274030/ > https://www.pinterest.com/ideas/entryway/947659681346/ > https://www.pinterest.com/ideas/entryway-decor/921715628295/ > https://www.pinterest.com/ideas/entryway-niche-decor/944281133217/,https://www.pinterest.com/ideas/entryway-niche-decor/944281133217/
entryway ideas open floor plan entrance,6,39,285,0,"Sep 17, 2026",940460927998,Home Decor > Entryway > Entryway Ideas > Entryway Ideas Open Floor Plan Entrance,https://www.pinterest.com/ideas/home-decor/935249274030/ > https://www.pinterest.com/ideas/entryway/947659681346/ > https://www.pinterest.com/ideas/entryway-ideas/939790496305/ > https://www.pinterest.com/ideas/entryway-ideas-open-floor-plan-entrance/940460927998/,https://www.pinterest.com/ideas/entryway-ideas-open-floor-plan-entrance/940460927998/
entryway outdoor ideas,3,22,284,0,"Sep 15, 2026",910990661609,Home Decor > Entryway > Entryway Ideas > Entryway Outdoor Ideas,https://www.pinterest.com/ideas/home-decor/935249274030/ > https://www.pinterest.com/ideas/entryway/947659681346/ > https://www.pinterest.com/ideas/entryway-ideas/939790496305/ > https://www.pinterest.com/ideas/entryway-outdoor-ideas/910990661609/,https://www.pinterest.com/ideas/entryway-outdoor-ideas/910990661609/
entryway quotes,2,15,284,0,"Sep 17, 2026",904590547615,Quotes > Entryway Quotes,https://www.pinterest.com/ideas/quotes/948192800438/ > https://www.pinterest.com/ideas/entryway-quotes/904590547615/,https://www.pinterest.com/ideas/entryway-quotes/904590547615/
entryway ideas with hooks,4,25,282,0,"Sep 17, 2026",952493474559,Home Decor > Entryway > Entryway Ideas > Entryway Ideas With Hooks,https://www.pinterest.com/ideas/home-decor/935249274030/ > https://www.pinterest.com/ideas/entryway/947659681346/ > https://www.pinterest.com/ideas/entryway-ideas/939790496305/ > https://www.pinterest.com/ideas/entryway-ideas-with-hooks/952493474559/,https://www.pinterest.com/ideas/entryway-ideas-with-hooks/952493474559/
small entryway design ideas,4,27,273,0,"Sep 15, 2026",942603068104,Design > Design Ideas > Display Ideas > Small Entryway Design Ideas,https://www.pinterest.com/ideas/design/902065567321/ > https://www.pinterest.com/ideas/design-ideas/947141551186/ > https://www.pinterest.com/ideas/display-ideas/901532594913/ > https://www.pinterest.com/ideas/small-entryway-design-ideas/942603068104/,https://www.pinterest.com/ideas/small-entryway-design-ideas/942603068104/
entryway ideas closet,3,21,270,0,"Sep 15, 2026",906780147876,Home Decor > Entryway > Entryway Ideas > Entryway Ideas Closet,https://www.pinterest.com/ideas/home-decor/935249274030/ > https://www.pinterest.com/ideas/entryway/947659681346/ > https://www.pinterest.com/ideas/entryway-ideas/939790496305/ > https://www.pinterest.com/ideas/entryway-ideas-closet/906780147876/,https://www.pinterest.com/ideas/entryway-ideas-closet/906780147876/
entryway ideas staircase,3,24,267,0,"Sep 17, 2026",961020611938,Home Decor > Entryway > Entryway Ideas > Entryway Ideas Staircase,https://www.pinterest.com/ideas/home-decor/935249274030/ > https://www.pinterest.com/ideas/entryway/947659681346/ > https://www.pinterest.com/ideas/entryway-ideas/939790496305/ > https://www.pinterest.com/ideas/entryway-ideas-staircase/961020611938/,https://www.pinterest.com/ideas/entryway-ideas-staircase/961020611938/
entryway ideas color,3,20,266,0,"Sep 17, 2026",902377275967,Home Decor > Entryway > Entryway Ideas > Entryway Ideas Color,https://www.pinterest.com/ideas/home-decor/935249274030/ > https://www.pinterest.com/ideas/entryway/947659681346/ > https://www.pinterest.com/ideas/entryway-ideas/939790496305/ > https://www.pinterest.com/ideas/entryway-ideas-color/902377275967/,https://www.pinterest.com/ideas/entryway-ideas-color/902377275967/
entryway ideas no table,4,23,258,0,"Sep 15, 2026",909734843696,Home Decor > Entryway > Entryway Ideas > Entryway Ideas No Table,https://www.pinterest.com/ideas/home-decor/935249274030/ > https://www.pinterest.com/ideas/entryway/947659681346/ > https://www.pinterest.com/ideas/entryway-ideas/939790496305/ > https://www.pinterest.com/ideas/entryway-ideas-no-table/909734843696/,https://www.pinterest.com/ideas/entryway-ideas-no-table/909734843696/
small entryway ideas with shoe storage,6,38,257,0,"Sep 15, 2026",910536147936,Home Decor > Entryway > Entryway Ideas > Small Entryway Ideas With Shoe Storage,https://www.pinterest.com/ideas/home-decor/935249274030/ > https://www.pinterest.com/ideas/entryway/947659681346/ > https://www.pinterest.com/ideas/entryway-ideas/939790496305/ > https://www.pinterest.com/ideas/small-entryway-ideas-with-shoe-storage/910536147936/,https://www.pinterest.com/ideas/small-entryway-ideas-with-shoe-storage/910536147936/
entryway key bowl,3,17,256,0,"Sep 13, 2026",893441256573,Home Decor > Entryway > Entryway Ideas > Entryway Key Bowl,https://www.pinterest.com/ideas/home-decor/935249274030/ > https://www.pinterest.com/ideas/entryway/947659681346/ > https://www.pinterest.com/ideas/entryway-ideas/939790496305/ > https://www.pinterest.com/ideas/entryway-key-bowl/893441256573/,https://www.pinterest.com/ideas/entryway-key-bowl/893441256573/
entryway eclectic,2,17,255,0,"Sep 17, 2026",941163207685,Home Decor > Entryway > Entryway Decor > Entryway Eclectic,https://www.pinterest.com/ideas/home-decor/935249274030/ > https://www.pinterest.com/ideas/entryway/947659681346/ > https://www.pinterest.com/ideas/entryway-decor/921715628295/ > https://www.pinterest.com/ideas/entryway-eclectic/941163207685/,https://www.pinterest.com/ideas/entryway-eclectic/941163207685/
small entryway with mirror,4,26,255,0,"Sep 15, 2026",935391508034,Home Decor > Entryway > Entryway Ideas > Small Entryway With Mirror,https://www.pinterest.com/ideas/home-decor/935249274030/ > https://www.pinterest.com/ideas/entryway/947659681346/ > https://www.pinterest.com/ideas/entryway-ideas/939790496305/ > https://www.pinterest.com/ideas/small-entryway-with-mirror/935391508034/,https://www.pinterest.com/ideas/small-entryway-with-mirror/935391508034/
entryway ideas black,3,20,253,0,"Sep 17, 2026",950644586013,Home Decor > Entryway > Entryway Ideas > Entryway Ideas Black,https://www.pinterest.com/ideas/home-decor/935249274030/ > https://www.pinterest.com/ideas/entryway/947659681346/ > https://www.pinterest.com/ideas/entryway-ideas/939790496305/ > https://www.pinterest.com/ideas/entryway-ideas-black/950644586013/,https://www.pinterest.com/ideas/entryway-ideas-black/950644586013/
entryway ideas for shoes,4,24,252,0,"Sep 17, 2026",955823099270,Home Decor > Entryway > Entryway Ideas > Entryway Ideas For Shoes,https://www.pinterest.com/ideas/home-decor/935249274030/ > https://www.pinterest.com/ideas/entryway/947659681346/ > https://www.pinterest.com/ideas/entryway-ideas/939790496305/ > https://www.pinterest.com/ideas/entryway-ideas-for-shoes/955823099270/,https://www.pinterest.com/ideas/entryway-ideas-for-shoes/955823099270/
entryway japanese,2,17,250,0,"Sep 15, 2026",947512604790,Home Decor > Entryway > Entryway Decor > Entryway Japanese,https://www.pinterest.com/ideas/home-decor/935249274030/ > https://www.pinterest.com/ideas/entryway/947659681346/ > https://www.pinterest.com/ideas/entryway-decor/921715628295/ > https://www.pinterest.com/ideas/entryway-japanese/947512604790/,https://www.pinterest.com/ideas/entryway-japanese/947512604790/
small entryway chandelier,3,25,249,0,"Sep 15, 2026",900931658553,Home Decor > Entryway > Small Entryway Chandelier,https://www.pinterest.com/ideas/home-decor/935249274030/ > https://www.pinterest.com/ideas/entryway/947659681346/ > https://www.pinterest.com/ideas/small-entryway-chandelier/900931658553/,https://www.pinterest.com/ideas/small-entryway-chandelier/900931658553/
entryway ideas with bench and mirror,6,36,247,0,"Sep 17, 2026",957770033915,Home Decor > Entryway > Entryway Ideas > Entryway Ideas With Bench And Mirror,https://www.pinterest.com/ideas/home-decor/935249274030/ > https://www.pinterest.com/ideas/entryway/947659681346/ > https://www.pinterest.com/ideas/entryway-ideas/939790496305/ > https://www.pinterest.com/ideas/entryway-ideas-with-bench-and-mirror/957770033915/,https://www.pinterest.com/ideas/entryway-ideas-with-bench-and-mirror/957770033915/
small entryway rug ideas,4,24,246,0,"Sep 17, 2026",917158750403,Home Decor > Entryway > Entryway Decor > Small Entryway Rug Ideas,https://www.pinterest.com/ideas/home-decor/935249274030/ > https://www.pinterest.com/ideas/entryway/947659681346/ > https://www.pinterest.com/ideas/entryway-decor/921715628295/ > https://www.pinterest.com/ideas/small-entryway-rug-ideas/917158750403/,https://www.pinterest.com/ideas/small-entryway-rug-ideas/917158750403/
small entryway shelf ideas,4,26,246,0,"Sep 15, 2026",907669260265,Home Decor > Entryway > Entryway Shelf > Small Entryway Shelf Ideas,https://www.pinterest.com/ideas/home-decor/935249274030/ > https://www.pinterest.com/ideas/entryway/947659681346/ > https://www.pinterest.com/ideas/entryway-shelf/935713534633/ > https://www.pinterest.com/ideas/small-entryway-shelf-ideas/907669260265/,https://www.pinterest.com/ideas/small-entryway-shelf-ideas/907669260265/
small entryway corner,3,21,243,0,"Sep 17, 2026",960949582866,Home Decor > Entryway > Entryway Decor > Small Entryway Corner,https://www.pinterest.com/ideas/home-decor/935249274030/ > https://www.pinterest.com/ideas/entryway/947659681346/ > https://www.pinterest.com/ideas/entryway-decor/921715628295/ > https://www.pinterest.com/ideas/small-entryway-corner/960949582866/,https://www.pinterest.com/ideas/small-entryway-corner/960949582866/
jacket storage ideas entryway,4,29,241,0,"Sep 15, 2026",936969736185,Home Decor > Entryway > Entryway Coat Rack > Jacket Storage Ideas Entryway,https://www.pinterest.com/ideas/home-decor/935249274030/ > https://www.pinterest.com/ideas/entryway/947659681346/ > https://www.pinterest.com/ideas/entryway-coat-rack/908024983478/ > https://www.pinterest.com/ideas/jacket-storage-ideas-entryway/936969736185/,https://www.pinterest.com/ideas/jacket-storage-ideas-entryway/936969736185/
entryway ideas split level front entry,6,38,240,0,"Sep 13, 2026",900344518422,Home Decor > Entryway > Entryway Ideas > Entryway Ideas Split Level Front Entry,https://www.pinterest.com/ideas/home-decor/935249274030/ > https://www.pinterest.com/ideas/entryway/947659681346/ > https://www.pinterest.com/ideas/entryway-ideas/939790496305/ > https://www.pinterest.com/ideas/entryway-ideas-split-level-front-entry/900344518422/,https://www.pinterest.com/ideas/entryway-ideas-split-level-front-entry/900344518422/
entryway ideas lighting,3,23,239,0,"Sep 13, 2026",898589592879,Home Decor > Entryway > Entryway Ideas > Entryway Ideas Lighting,https://www.pinterest.com/ideas/home-decor/935249274030/ > https://www.pinterest.com/ideas/entryway/947659681346/ > https://www.pinterest.com/ideas/entryway-ideas/939790496305/ > https://www.pinterest.com/ideas/entryway-ideas-lighting/898589592879/,https://www.pinterest.com/ideas/entryway-ideas-lighting/898589592879/
entryway garden ideas,3,21,236,0,"Sep 17, 2026",919290090978,Lawn And Garden > Lawn And Garden Ideas > Garden Ideas > Entryway Garden Ideas,https://www.pinterest.com/ideas/lawn-and-garden/909983286710/ > https://www.pinterest.com/ideas/lawn-and-garden-ideas/909909540942/ > https://www.pinterest.com/ideas/garden-ideas/933462243716/ > https://www.pinterest.com/ideas/entryway-garden-ideas/919290090978/,https://www.pinterest.com/ideas/entryway-garden-ideas/919290090978/
small entryway shelf,3,20,234,0,"Sep 17, 2026",936076142117,Home Decor > Entryway > Entryway Shelf > Small Entryway Shelf,https://www.pinterest.com/ideas/home-decor/935249274030/ > https://www.pinterest.com/ideas/entryway/947659681346/ > https://www.pinterest.com/ideas/entryway-shelf/935713534633/ > https://www.pinterest.com/ideas/small-entryway-shelf/936076142117/,https://www.pinterest.com/ideas/small-entryway-shelf/936076142117/
entryway decor narrow,3,21,233,0,"Sep 14, 2026",897051758883,Home Decor > Entryway > Entryway Decor > Entryway Decor Narrow,https://www.pinterest.com/ideas/home-decor/935249274030/ > https://www.pinterest.com/ideas/entryway/947659681346/ > https://www.pinterest.com/ideas/entryway-decor/921715628295/ > https://www.pinterest.com/ideas/entryway-decor-narrow/897051758883/,https://www.pinterest.com/ideas/entryway-decor-narrow/897051758883/
small entryway corner ideas,4,27,233,0,"Sep 17, 2026",955642456794,Home Decor > Entryway > Entryway Ideas > Small Entryway Corner Ideas,https://www.pinterest.com/ideas/home-decor/935249274030/ > https://www.pinterest.com/ideas/entryway/947659681346/ > https://www.pinterest.com/ideas/entryway-ideas/939790496305/ > https://www.pinterest.com/ideas/small-entryway-corner-ideas/955642456794/,https://www.pinterest.com/ideas/small-entryway-corner-ideas/955642456794/
small entryway drop zone,4,24,232,0,"Sep 17, 2026",953241879642,Home Decor > Entryway > Small Entryway Drop Zone,https://www.pinterest.com/ideas/home-decor/935249274030/ > https://www.pinterest.com/ideas/entryway/947659681346/ > https://www.pinterest.com/ideas/small-entryway-drop-zone/953241879642/,https://www.pinterest.com/ideas/small-entryway-drop-zone/953241879642/
entryway ideas hooks,3,20,230,0,"Sep 15, 2026",931347381725,Home Decor > Entryway > Entryway Ideas > Entryway Ideas Hooks,https://www.pinterest.com/ideas/home-decor/935249274030/ > https://www.pinterest.com/ideas/entryway/947659681346/ > https://www.pinterest.com/ideas/entryway-ideas/939790496305/ > https://www.pinterest.com/ideas/entryway-ideas-hooks/931347381725/,https://www.pinterest.com/ideas/entryway-ideas-hooks/931347381725/
entryway decor indian wedding,4,29,230,0,"Sep 15, 2026",947248965728,Home Decor > Entryway > Entryway Decor > Entryway Decor Indian Wedding,https://www.pinterest.com/ideas/home-decor/935249274030/ > https://www.pinterest.com/ideas/entryway/947659681346/ > https://www.pinterest.com/ideas/entryway-decor/921715628295/ > https://www.pinterest.com/ideas/entryway-decor-indian-wedding/947248965728/,https://www.pinterest.com/ideas/entryway-decor-indian-wedding/947248965728/
small entryway organization ideas,4,33,226,0,"Sep 15, 2026",894271984000,Home Decor > Entryway > Entryway Ideas > Small Entryway Organization Ideas,https://www.pinterest.com/ideas/home-decor/935249274030/ > https://www.pinterest.com/ideas/entryway/947659681346/ > https://www.pinterest.com/ideas/entryway-ideas/939790496305/ > https://www.pinterest.com/ideas/small-entryway-organization-ideas/894271984000/,https://www.pinterest.com/ideas/small-entryway-organization-ideas/894271984000/
apartment entryway design,3,25,225,0,"Sep 15, 2026",938122922826,Design > Interior Design > House Design > Apartment Entryway Design,https://www.pinterest.com/ideas/design/902065567321/ > https://www.pinterest.com/ideas/interior-design/922773544354/ > https://www.pinterest.com/ideas/house-design/899991296769/ > https://www.pinterest.com/ideas/apartment-entryway-design/938122922826/,https://www.pinterest.com/ideas/apartment-entryway-design/938122922826/
entryway ideas large,3,20,223,0,"Sep 13, 2026",913802371590,Home Decor > Entryway > Entryway Ideas > Entryway Ideas Large,https://www.pinterest.com/ideas/home-decor/935249274030/ > https://www.pinterest.com/ideas/entryway/947659681346/ > https://www.pinterest.com/ideas/entryway-ideas/939790496305/ > https://www.pinterest.com/ideas/entryway-ideas-large/913802371590/,https://www.pinterest.com/ideas/entryway-ideas-large/913802371590/
apartment entryway storage,3,26,222,0,"Sep 17, 2026",893752285440,Home Decor > Entryway > Apartment Entryway Storage,https://www.pinterest.com/ideas/home-decor/935249274030/ > https://www.pinterest.com/ideas/entryway/947659681346/ > https://www.pinterest.com/ideas/apartment-entryway-storage/893752285440/,https://www.pinterest.com/ideas/apartment-entryway-storage/893752285440/
entryway ideas modern luxury,4,28,221,0,"Sep 17, 2026",956233700448,Home Decor > Entryway > Entryway Ideas > Entryway Ideas Modern Luxury,https://www.pinterest.com/ideas/home-decor/935249274030/ > https://www.pinterest.com/ideas/entryway/947659681346/ > https://www.pinterest.com/ideas/entryway-ideas/939790496305/ > https://www.pinterest.com/ideas/entryway-ideas-modern-luxury/956233700448/,https://www.pinterest.com/ideas/entryway-ideas-modern-luxury/956233700448/
entryway decor ideas with bench,5,31,220,0,"Sep 17, 2026",930765299762,Home Decor > Entryway > Entryway Decor > Entryway Decor Ideas With Bench,https://www.pinterest.com/ideas/home-decor/935249274030/ > https://www.pinterest.com/ideas/entryway/947659681346/ > https://www.pinterest.com/ideas/entryway-decor/921715628295/ > https://www.pinterest.com/ideas/entryway-decor-ideas-with-bench/930765299762/,https://www.pinterest.com/ideas/entryway-decor-ideas-with-bench/930765299762/
small entryway cabinet ideas,4,28,220,0,"Sep 17, 2026",904202318101,Home Decor > Entryway > Entry Table > Small Entryway Cabinet Ideas,https://www.pinterest.com/ideas/home-decor/935249274030/ > https://www.pinterest.com/ideas/entryway/947659681346/ > https://www.pinterest.com/ideas/entry-table/893952468325/ > https://www.pinterest.com/ideas/small-entryway-cabinet-ideas/904202318101/,https://www.pinterest.com/ideas/small-entryway-cabinet-ideas/904202318101/
entryway ideas apartment entrance,4,33,220,0,"Sep 17, 2026",902625038235,Home Decor > Entryway > Entryway Ideas > Entryway Ideas Apartment Entrance,https://www.pinterest.com/ideas/home-decor/935249274030/ > https://www.pinterest.com/ideas/entryway/947659681346/ > https://www.pinterest.com/ideas/entryway-ideas/939790496305/ > https://www.pinterest.com/ideas/entryway-ideas-apartment-entrance/902625038235/,https://www.pinterest.com/ideas/entryway-ideas-apartment-entrance/902625038235/
entryway decor stairs,3,21,219,0,"Sep 15, 2026",897777843006,Home Decor > Entryway > Entryway Decor > Entryway Decor Stairs,https://www.pinterest.com/ideas/home-decor/935249274030/ > https://www.pinterest.com/ideas/entryway/947659681346/ > https://www.pinterest.com/ideas/entryway-decor/921715628295/ > https://www.pinterest.com/ideas/entryway-decor-stairs/897777843006/,https://www.pinterest.com/ideas/entryway-decor-stairs/897777843006/
entryway ideas for apartments,4,29,218,0,"Sep 15, 2026",957767004248,Home Decor > Entryway > Entryway Ideas > Entryway Ideas For Apartments,https://www.pinterest.com/ideas/home-decor/935249274030/ > https://www.pinterest.com/ideas/entryway/947659681346/ > https://www.pinterest.com/ideas/entryway-ideas/939790496305/ > https://www.pinterest.com/ideas/entryway-ideas-for-apartments/957767004248/,https://www.pinterest.com/ideas/entryway-ideas-for-apartments/957767004248/
small entryway wallpaper ideas,4,30,217,0,"Sep 17, 2026",924586614113,Home Decor > Entryway > Entryway Paint > Small Entryway Wallpaper Ideas,https://www.pinterest.com/ideas/home-decor/935249274030/ > https://www.pinterest.com/ideas/entryway/947659681346/ > https://www.pinterest.com/ideas/entryway-paint/895544131331/ > https://www.pinterest.com/ideas/small-entryway-wallpaper-ideas/924586614113/,https://www.pinterest.com/ideas/small-entryway-wallpaper-ideas/924586614113/
entryway ideas indian,3,21,215,0,"Sep 11, 2026",893456714610,Home Decor > Entryway > Entryway Ideas > Entryway Ideas Indian,https://www.pinterest.com/ideas/home-decor/935249274030/ > https://www.pinterest.com/ideas/entryway/947659681346/ > https://www.pinterest.com/ideas/entryway-ideas/939790496305/ > https://www.pinterest.com/ideas/entryway-ideas-indian/893456714610/,https://www.pinterest.com/ideas/entryway-ideas-indian/893456714610/
small entryway mirror ideas,4,27,215,0,"Sep 14, 2026",932986722418,Home Decor > Entryway > Entryway Decor > Small Entryway Mirror Ideas,https://www.pinterest.com/ideas/home-decor/935249274030/ > https://www.pinterest.com/ideas/entryway/947659681346/ > https://www.pinterest.com/ideas/entryway-decor/921715628295/ > https://www.pinterest.com/ideas/small-entryway-mirror-ideas/932986722418/,https://www.pinterest.com/ideas/small-entryway-mirror-ideas/932986722418/
entryway ideas simple,3,21,214,0,"Sep 15, 2026",942483491299,Home Decor > Entryway > Entryway Ideas Simple,https://www.pinterest.com/ideas/home-decor/935249274030/ > https://www.pinterest.com/ideas/entryway/947659681346/ > https://www.pinterest.com/ideas/entryway-ideas-simple/942483491299/,https://www.pinterest.com/ideas/entryway-ideas-simple/942483491299/
entryway ideas front door,4,25,206,0,"Sep 17, 2026",907365415167,Home Decor > Entryway > Entryway Ideas > Entryway Ideas Front Door,https://www.pinterest.com/ideas/home-decor/935249274030/ > https://www.pinterest.com/ideas/entryway/947659681346/ > https://www.pinterest.com/ideas/entryway-ideas/939790496305/ > https://www.pinterest.com/ideas/entryway-ideas-front-door/907365415167/,https://www.pinterest.com/ideas/entryway-ideas-front-door/907365415167/
entryway ideas boho,3,19,204,0,"Sep 13, 2026",956035529094,Home Decor > Entryway > Entryway Ideas > Entryway Ideas Boho,https://www.pinterest.com/ideas/home-decor/935249274030/ > https://www.pinterest.com/ideas/entryway/947659681346/ > https://www.pinterest.com/ideas/entryway-ideas/939790496305/ > https://www.pinterest.com/ideas/entryway-ideas-boho/956035529094/,https://www.pinterest.com/ideas/entryway-ideas-boho/956035529094/
entryway next to stairs,4,23,201,0,"Sep 13, 2026",897087679195,Home Decor > Entryway > Entryway Ideas > Entryway Next To Stairs,https://www.pinterest.com/ideas/home-decor/935249274030/ > https://www.pinterest.com/ideas/entryway/947659681346/ > https://www.pinterest.com/ideas/entryway-ideas/939790496305/ > https://www.pinterest.com/ideas/entryway-next-to-stairs/897087679195/,https://www.pinterest.com/ideas/entryway-next-to-stairs/897087679195/
entryway ideas aesthetic,3,24,200,0,"Sep 15, 2026",895507531785,Home Decor > Entryway > Entryway Ideas > Entryway Ideas Aesthetic,https://www.pinterest.com/ideas/home-decor/935249274030/ > https://www.pinterest.com/ideas/entryway/947659681346/ > https://www.pinterest.com/ideas/entryway-ideas/939790496305/ > https://www.pinterest.com/ideas/entryway-ideas-aesthetic/895507531785/,https://www.pinterest.com/ideas/entryway-ideas-aesthetic/895507531785/
entryway decor black table,4,26,200,0,"Sep 17, 2026",948285623399,Home Decor > Entryway > Entryway Decor > Entryway Decor Black Table,https://www.pinterest.com/ideas/home-decor/935249274030/ > https://www.pinterest.com/ideas/entryway/947659681346/ > https://www.pinterest.com/ideas/entryway-decor/921715628295/ > https://www.pinterest.com/ideas/entryway-decor-black-table/948285623399/,https://www.pinterest.com/ideas/entryway-decor-black-table/948285623399/
entryway ideas corner,3,21,199,0,"Sep 15, 2026",909372187074,Home Decor > Entryway > Entryway Ideas > Entryway Ideas Corner,https://www.pinterest.com/ideas/home-decor/935249274030/ > https://www.pinterest.com/ideas/entryway/947659681346/ > https://www.pinterest.com/ideas/entryway-ideas/939790496305/ > https://www.pinterest.com/ideas/entryway-ideas-corner/909372187074/,https://www.pinterest.com/ideas/entryway-ideas-corner/909372187074/
entryway jacket storage,3,23,199,0,"Sep 17, 2026",914743755581,Home Decor > Storage And Organization > Entryway Storage > Entryway Jacket Storage,https://www.pinterest.com/ideas/home-decor/935249274030/ > https://www.pinterest.com/ideas/storage-and-organization/896864884493/ > https://www.pinterest.com/ideas/entryway-storage/898874309453/ > https://www.pinterest.com/ideas/entryway-jacket-storage/914743755581/,https://www.pinterest.com/ideas/entryway-jacket-storage/914743755581/
narrow apartment entryway ideas,4,31,198,0,"Sep 17, 2026",931312989093,Narrow Apartment Entryway Ideas,https://www.pinterest.com/ideas/narrow-apartment-entryway-ideas/931312989093/,https://www.pinterest.com/ideas/narrow-apartment-entryway-ideas/931312989093/
xmas entryway ideas,3,19,198,0,"Sep 17, 2026",950797494322,Home Decor > Xmas Entryway Ideas,https://www.pinterest.com/ideas/home-decor/935249274030/ > https://www.pinterest.com/ideas/xmas-entryway-ideas/950797494322/,https://www.pinterest.com/ideas/xmas-entryway-ideas/950797494322/
entryway decor luxury,3,21,197,0,"Sep 17, 2026",939356659148,Home Decor > Entryway > Entryway Decor > Entryway Decor Luxury,https://www.pinterest.com/ideas/home-decor/935249274030/ > https://www.pinterest.com/ideas/entryway/947659681346/ > https://www.pinterest.com/ideas/entryway-decor/921715628295/ > https://www.pinterest.com/ideas/entryway-decor-luxury/939356659148/,https://www.pinterest.com/ideas/entryway-decor-luxury/939356659148/
entryway decor black,3,20,194,0,"Sep 17, 2026",943238186968,Home Decor > Entryway > Entryway Decor > Entryway Decor Black,https://www.pinterest.com/ideas/home-decor/935249274030/ > https://www.pinterest.com/ideas/entryway/947659681346/ > https://www.pinterest.com/ideas/entryway-decor/921715628295/ > https://www.pinterest.com/ideas/entryway-decor-black/943238186968/,https://www.pinterest.com/ideas/entryway-decor-black/943238186968/
small entryway built in ideas,5,29,194,0,"Sep 13, 2026",907983509048,Home Decor > Entryway > Entryway Ideas > Small Entryway Built In Ideas,https://www.pinterest.com/ideas/home-decor/935249274030/ > https://www.pinterest.com/ideas/entryway/947659681346/ > https://www.pinterest.com/ideas/entryway-ideas/939790496305/ > https://www.pinterest.com/ideas/small-entryway-built-in-ideas/907983509048/,https://www.pinterest.com/ideas/small-entryway-built-in-ideas/907983509048/
small entryway hooks,3,20,193,0,"Sep 15, 2026",923108664837,Home Decor > Entryway > Entryway Coat Rack > Small Entryway Hooks,https://www.pinterest.com/ideas/home-decor/935249274030/ > https://www.pinterest.com/ideas/entryway/947659681346/ > https://www.pinterest.com/ideas/entryway-coat-rack/908024983478/ > https://www.pinterest.com/ideas/small-entryway-hooks/923108664837/,https://www.pinterest.com/ideas/small-entryway-hooks/923108664837/
entryway decor for wedding,4,26,193,0,"Sep 13, 2026",949510721380,Weddings > Wedding Decor > Wedding Decor Style > Entryway Decor For Wedding,https://www.pinterest.com/ideas/weddings/903260720461/ > https://www.pinterest.com/ideas/wedding-decor/919736858270/ > https://www.pinterest.com/ideas/wedding-decor-style/909090671643/ > https://www.pinterest.com/ideas/entryway-decor-for-wedding/949510721380/,https://www.pinterest.com/ideas/entryway-decor-for-wedding/949510721380/
small entryway with wallpaper,4,29,193,0,"Sep 17, 2026",916539984526,Home Decor > Entryway > Entryway Ideas > Small Entryway With Wallpaper,https://www.pinterest.com/ideas/home-decor/935249274030/ > https://www.pinterest.com/ideas/entryway/947659681346/ > https://www.pinterest.com/ideas/entryway-ideas/939790496305/ > https://www.pinterest.com/ideas/small-entryway-with-wallpaper/916539984526/,https://www.pinterest.com/ideas/small-entryway-with-wallpaper/916539984526/
entryway decor with stairs,4,26,193,0,"Sep 15, 2026",958526810466,Home Decor > Entryway > Entryway Decor > Entryway Decor With Stairs,https://www.pinterest.com/ideas/home-decor/935249274030/ > https://www.pinterest.com/ideas/entryway/947659681346/ > https://www.pinterest.com/ideas/entryway-decor/921715628295/ > https://www.pinterest.com/ideas/entryway-decor-with-stairs/958526810466/,https://www.pinterest.com/ideas/entryway-decor-with-stairs/958526810466/
entryway decor mid century modern,5,33,191,0,"Sep 17, 2026",903146855204,Home Decor > Entryway > Entryway Decor > Entryway Decor Mid Century Modern,https://www.pinterest.com/ideas/home-decor/935249274030/ > https://www.pinterest.com/ideas/entryway/947659681346/ > https://www.pinterest.com/ideas/entryway-decor/921715628295/ > https://www.pinterest.com/ideas/entryway-decor-mid-century-modern/903146855204/,https://www.pinterest.com/ideas/entryway-decor-mid-century-modern/903146855204/
small entryway tile floor,4,25,190,0,"Sep 17, 2026",943260702333,Home Decor > Entryway > Entryway Flooring > Small Entryway Tile Floor,https://www.pinterest.com/ideas/home-decor/935249274030/ > https://www.pinterest.com/ideas/entryway/947659681346/ > https://www.pinterest.com/ideas/entryway-flooring/911382513773/ > https://www.pinterest.com/ideas/small-entryway-tile-floor/943260702333/,https://www.pinterest.com/ideas/small-entryway-tile-floor/943260702333/
entryway ideas long hallway,4,27,187,0,"Sep 17, 2026",921313416650,Home Decor > Entryway > Entryway Ideas > Entryway Ideas Long Hallway,https://www.pinterest.com/ideas/home-decor/935249274030/ > https://www.pinterest.com/ideas/entryway/947659681346/ > https://www.pinterest.com/ideas/entryway-ideas/939790496305/ > https://www.pinterest.com/ideas/entryway-ideas-long-hallway/921313416650/,https://www.pinterest.com/ideas/entryway-ideas-long-hallway/921313416650/
entryway unit,2,13,186,0,"Sep 17, 2026",959956309428,Home Decor > Entryway > Entryway Unit,https://www.pinterest.com/ideas/home-decor/935249274030/ > https://www.pinterest.com/ideas/entryway/947659681346/ > https://www.pinterest.com/ideas/entryway-unit/959956309428/,https://www.pinterest.com/ideas/entryway-unit/959956309428/
new york apartment entryway,4,27,186,0,"Sep 14, 2026",902836710651,Home Decor > Entryway > Entryway Ideas > New York Apartment Entryway,https://www.pinterest.com/ideas/home-decor/935249274030/ > https://www.pinterest.com/ideas/entryway/947659681346/ > https://www.pinterest.com/ideas/entryway-ideas/939790496305/ > https://www.pinterest.com/ideas/new-york-apartment-entryway/902836710651/,https://www.pinterest.com/ideas/new-york-apartment-entryway/902836710651/
entryway ideas coat rack,4,24,186,0,"Sep 17, 2026",919449685733,Home Decor > Entryway > Entryway Coat Rack > Entryway Ideas Coat Rack,https://www.pinterest.com/ideas/home-decor/935249274030/ > https://www.pinterest.com/ideas/entryway/947659681346/ > https://www.pinterest.com/ideas/entryway-coat-rack/908024983478/ > https://www.pinterest.com/ideas/entryway-ideas-coat-rack/919449685733/,https://www.pinterest.com/ideas/entryway-ideas-coat-rack/919449685733/
entryway key,2,12,184,0,"Sep 17, 2026",922501238902,Home Decor > Entryway > Entryway Key,https://www.pinterest.com/ideas/home-decor/935249274030/ > https://www.pinterest.com/ideas/entryway/947659681346/ > https://www.pinterest.com/ideas/entryway-key/922501238902/,https://www.pinterest.com/ideas/entryway-key/922501238902/
entryway vignette,2,17,183,0,"Sep 17, 2026",938198751918,Home Decor > Entryway > Entryway Decor > Entryway Vignette,https://www.pinterest.com/ideas/home-decor/935249274030/ > https://www.pinterest.com/ideas/entryway/947659681346/ > https://www.pinterest.com/ideas/entryway-decor/921715628295/ > https://www.pinterest.com/ideas/entryway-vignette/938198751918/,https://www.pinterest.com/ideas/entryway-vignette/938198751918/
entryway ideas functional,3,25,182,0,"Sep 17, 2026",937357570597,Home Decor > Entryway > Entryway Ideas > Entryway Ideas Functional,https://www.pinterest.com/ideas/home-decor/935249274030/ > https://www.pinterest.com/ideas/entryway/947659681346/ > https://www.pinterest.com/ideas/entryway-ideas/939790496305/ > https://www.pinterest.com/ideas/entryway-ideas-functional/937357570597/,https://www.pinterest.com/ideas/entryway-ideas-functional/937357570597/
entryway ideas coats and shoes,5,30,181,0,"Sep 17, 2026",909484073387,Home Decor > Entryway > Entryway Ideas > Entryway Ideas Coats And Shoes,https://www.pinterest.com/ideas/home-decor/935249274030/ > https://www.pinterest.com/ideas/entryway/947659681346/ > https://www.pinterest.com/ideas/entryway-ideas/939790496305/ > https://www.pinterest.com/ideas/entryway-ideas-coats-and-shoes/909484073387/,https://www.pinterest.com/ideas/entryway-ideas-coats-and-shoes/909484073387/
entryway ideas green,3,20,180,0,"Sep 17, 2026",930088334537,Home Decor > Entryway > Entryway Ideas > Entryway Ideas Green,https://www.pinterest.com/ideas/home-decor/935249274030/ > https://www.pinterest.com/ideas/entryway/947659681346/ > https://www.pinterest.com/ideas/entryway-ideas/939790496305/ > https://www.pinterest.com/ideas/entryway-ideas-green/930088334537/,https://www.pinterest.com/ideas/entryway-ideas-green/930088334537/
small entryway room ideas,4,25,180,0,"Sep 15, 2026",899012377832,Home Decor > Entryway > Entryway Ideas > Small Entryway Room Ideas,https://www.pinterest.com/ideas/home-decor/935249274030/ > https://www.pinterest.com/ideas/entryway/947659681346/ > https://www.pinterest.com/ideas/entryway-ideas/939790496305/ > https://www.pinterest.com/ideas/small-entryway-room-ideas/899012377832/,https://www.pinterest.com/ideas/small-entryway-room-ideas/899012377832/
small entryway nook,3,19,180,0,"Sep 15, 2026",951899733303,Home Decor > Entryway > Entryway Ideas > Small Entryway Nook,https://www.pinterest.com/ideas/home-decor/935249274030/ > https://www.pinterest.com/ideas/entryway/947659681346/ > https://www.pinterest.com/ideas/entryway-ideas/939790496305/ > https://www.pinterest.com/ideas/small-entryway-nook/951899733303/,https://www.pinterest.com/ideas/small-entryway-nook/951899733303/
entryway decor colorful,3,23,180,0,"Sep 15, 2026",939411992895,Home Decor > Entryway > Entryway Decor > Entryway Decor Colorful,https://www.pinterest.com/ideas/home-decor/935249274030/ > https://www.pinterest.com/ideas/entryway/947659681346/ > https://www.pinterest.com/ideas/entryway-decor/921715628295/ > https://www.pinterest.com/ideas/entryway-decor-colorful/939411992895/,https://www.pinterest.com/ideas/entryway-decor-colorful/939411992895/
small entryway inspiration,3,26,178,0,"Sep 15, 2026",960525405601,Home Decor > Entryway > Entryway Ideas > Small Entryway Inspiration,https://www.pinterest.com/ideas/home-decor/935249274030/ > https://www.pinterest.com/ideas/entryway/947659681346/ > https://www.pinterest.com/ideas/entryway-ideas/939790496305/ > https://www.pinterest.com/ideas/small-entryway-inspiration/960525405601/,https://www.pinterest.com/ideas/small-entryway-inspiration/960525405601/
entryway ideas paint,3,20,176,0,"Sep 17, 2026",959334816425,Home Decor > Entryway > Entryway Ideas > Entryway Ideas Paint,https://www.pinterest.com/ideas/home-decor/935249274030/ > https://www.pinterest.com/ideas/entryway/947659681346/ > https://www.pinterest.com/ideas/entryway-ideas/939790496305/ > https://www.pinterest.com/ideas/entryway-ideas-paint/959334816425/,https://www.pinterest.com/ideas/entryway-ideas-paint/959334816425/
entryway ideas black table,4,26,176,0,"Sep 17, 2026",919542910459,Home Decor > Entryway > Entryway Ideas > Entryway Ideas Black Table,https://www.pinterest.com/ideas/home-decor/935249274030/ > https://www.pinterest.com/ideas/entryway/947659681346/ > https://www.pinterest.com/ideas/entryway-ideas/939790496305/ > https://www.pinterest.com/ideas/entryway-ideas-black-table/919542910459/,https://www.pinterest.com/ideas/entryway-ideas-black-table/919542910459/
entryway gate ideas,3,19,170,0,"Sep 17, 2026",902297133949,Architecture > Architecture Ideas > Entryway Gate Ideas,https://www.pinterest.com/ideas/architecture/918105274631/ > https://www.pinterest.com/ideas/architecture-ideas/908530125739/ > https://www.pinterest.com/ideas/entryway-gate-ideas/902297133949/,https://www.pinterest.com/ideas/entryway-gate-ideas/902297133949/
entryway ideas for kids,4,23,170,0,"Sep 17, 2026",913599869096,Entryway Ideas For Kids,https://www.pinterest.com/ideas/entryway-ideas-for-kids/913599869096/,https://www.pinterest.com/ideas/entryway-ideas-for-kids/913599869096/
entryway decor ideas 2026,4,25,168,0,"Sep 17, 2026",905333264281,Entryway Decor Ideas 2026,https://www.pinterest.com/ideas/entryway-decor-ideas-2026/905333264281/,https://www.pinterest.com/ideas/entryway-decor-ideas-2026/905333264281/
small entryway stairs,3,21,168,0,"Sep 15, 2026",897210644300,Architecture > Small Entryway Stairs,https://www.pinterest.com/ideas/architecture/918105274631/ > https://www.pinterest.com/ideas/small-entryway-stairs/897210644300/,https://www.pinterest.com/ideas/small-entryway-stairs/897210644300/
entryway decor vintage,3,22,168,0,"Sep 17, 2026",956787350351,Home Decor > Entryway > Entryway Decor > Entryway Decor Vintage,https://www.pinterest.com/ideas/home-decor/935249274030/ > https://www.pinterest.com/ideas/entryway/947659681346/ > https://www.pinterest.com/ideas/entryway-decor/921715628295/ > https://www.pinterest.com/ideas/entryway-decor-vintage/956787350351/,https://www.pinterest.com/ideas/entryway-decor-vintage/956787350351/
small entryway styling,3,22,166,0,"Sep 13, 2026",932962483480,Home Decor > Entryway > Entryway Decor > Small Entryway Styling,https://www.pinterest.com/ideas/home-decor/935249274030/ > https://www.pinterest.com/ideas/entryway/947659681346/ > https://www.pinterest.com/ideas/entryway-decor/921715628295/ > https://www.pinterest.com/ideas/small-entryway-styling/932962483480/,https://www.pinterest.com/ideas/small-entryway-styling/932962483480/
entryway decor aesthetic,3,24,165,0,"Sep 15, 2026",893997756317,Home Decor > Entryway > Entryway Decor > Entryway Decor Aesthetic,https://www.pinterest.com/ideas/home-decor/935249274030/ > https://www.pinterest.com/ideas/entryway/947659681346/ > https://www.pinterest.com/ideas/entryway-decor/921715628295/ > https://www.pinterest.com/ideas/entryway-decor-aesthetic/893997756317/,https://www.pinterest.com/ideas/entryway-decor-aesthetic/893997756317/
entryway ideas high ceiling,4,27,165,0,"Sep 17, 2026",913303105301,Home Decor > Entryway > Entryway Ideas > Entryway Ideas High Ceiling,https://www.pinterest.com/ideas/home-decor/935249274030/ > https://www.pinterest.com/ideas/entryway/947659681346/ > https://www.pinterest.com/ideas/entryway-ideas/939790496305/ > https://www.pinterest.com/ideas/entryway-ideas-high-ceiling/913303105301/,https://www.pinterest.com/ideas/entryway-ideas-high-ceiling/913303105301/
entryway ideas double doors inside,5,34,164,0,"Sep 17, 2026",932952920186,Home Decor > Entryway > Entryway Ideas > Entryway Ideas Double Doors Inside,https://www.pinterest.com/ideas/home-decor/935249274030/ > https://www.pinterest.com/ideas/entryway/947659681346/ > https://www.pinterest.com/ideas/entryway-ideas/939790496305/ > https://www.pinterest.com/ideas/entryway-ideas-double-doors-inside/932952920186/,https://www.pinterest.com/ideas/entryway-ideas-double-doors-inside/932952920186/
small entryway stool ideas,4,26,164,0,"Sep 17, 2026",921093838921,Home Decor > Entryway > Small Entryway Stool Ideas,https://www.pinterest.com/ideas/home-decor/935249274030/ > https://www.pinterest.com/ideas/entryway/947659681346/ > https://www.pinterest.com/ideas/small-entryway-stool-ideas/921093838921/,https://www.pinterest.com/ideas/small-entryway-stool-ideas/921093838921/
small entryway room,3,19,163,0,"Sep 15, 2026",898255816290,Home Decor > Entryway > Entryway Ideas > Small Entryway Room,https://www.pinterest.com/ideas/home-decor/935249274030/ > https://www.pinterest.com/ideas/entryway/947659681346/ > https://www.pinterest.com/ideas/entryway-ideas/939790496305/ > https://www.pinterest.com/ideas/small-entryway-room/898255816290/,https://www.pinterest.com/ideas/small-entryway-room/898255816290/
entryway ideas living room,4,26,163,0,"Sep 17, 2026",912884389319,Home Decor > Entryway > Entryway Ideas > Entryway Ideas Living Room,https://www.pinterest.com/ideas/home-decor/935249274030/ > https://www.pinterest.com/ideas/entryway/947659681346/ > https://www.pinterest.com/ideas/entryway-ideas/939790496305/ > https://www.pinterest.com/ideas/entryway-ideas-living-room/912884389319/,https://www.pinterest.com/ideas/entryway-ideas-living-room/912884389319/
apartment entryway ideas shoe cabinet,5,37,162,0,"Sep 17, 2026",932197180715,Home Decor > Entryway > Entryway Ideas > Apartment Entryway Ideas Shoe Cabinet,https://www.pinterest.com/ideas/home-decor/935249274030/ > https://www.pinterest.com/ideas/entryway/947659681346/ > https://www.pinterest.com/ideas/entryway-ideas/939790496305/ > https://www.pinterest.com/ideas/apartment-entryway-ideas-shoe-cabinet/932197180715/,https://www.pinterest.com/ideas/apartment-entryway-ideas-shoe-cabinet/932197180715/
entryway ideas japandi,3,22,162,0,"Sep 17, 2026",950808535797,Home Decor > Entryway > Entryway Ideas > Entryway Ideas Japandi,https://www.pinterest.com/ideas/home-decor/935249274030/ > https://www.pinterest.com/ideas/entryway/947659681346/ > https://www.pinterest.com/ideas/entryway-ideas/939790496305/ > https://www.pinterest.com/ideas/entryway-ideas-japandi/950808535797/,https://www.pinterest.com/ideas/entryway-ideas-japandi/950808535797/
entryway nook decor,3,19,159,0,"Sep 17, 2026",925928460639,Home Decor > Entryway > Entryway Decor > Entryway Nook Decor,https://www.pinterest.com/ideas/home-decor/935249274030/ > https://www.pinterest.com/ideas/entryway/947659681346/ > https://www.pinterest.com/ideas/entryway-decor/921715628295/ > https://www.pinterest.com/ideas/entryway-nook-decor/925928460639/,https://www.pinterest.com/ideas/entryway-nook-decor/925928460639/
small entryway hallway,3,22,158,0,"Sep 15, 2026",904147071077,Home Decor > Entryway > Small Entryway Hallway,https://www.pinterest.com/ideas/home-decor/935249274030/ > https://www.pinterest.com/ideas/entryway/947659681346/ > https://www.pinterest.com/ideas/small-entryway-hallway/904147071077/,https://www.pinterest.com/ideas/small-entryway-hallway/904147071077/
entryway ideas board and batten,5,31,156,0,"Sep 17, 2026",927957569249,Home Decor > Entryway > Entryway Ideas > Entryway Ideas Board And Batten,https://www.pinterest.com/ideas/home-decor/935249274030/ > https://www.pinterest.com/ideas/entryway/947659681346/ > https://www.pinterest.com/ideas/entryway-ideas/939790496305/ > https://www.pinterest.com/ideas/entryway-ideas-board-and-batten/927957569249/,https://www.pinterest.com/ideas/entryway-ideas-board-and-batten/927957569249/
entryway no table,3,17,156,0,"Sep 17, 2026",896088996492,Home Decor > Entryway > Entry Table > Entryway No Table,https://www.pinterest.com/ideas/home-decor/935249274030/ > https://www.pinterest.com/ideas/entryway/947659681346/ > https://www.pinterest.com/ideas/entry-table/893952468325/ > https://www.pinterest.com/ideas/entryway-no-table/896088996492/,https://www.pinterest.com/ideas/entryway-no-table/896088996492/
entryway ideas long entry hall,5,30,155,0,"Sep 15, 2026",927045871739,Home Decor > Entryway > Entryway Ideas > Entryway Ideas Long Entry Hall,https://www.pinterest.com/ideas/home-decor/935249274030/ > https://www.pinterest.com/ideas/entryway/947659681346/ > https://www.pinterest.com/ideas/entryway-ideas/939790496305/ > https://www.pinterest.com/ideas/entryway-ideas-long-entry-hall/927045871739/,https://www.pinterest.com/ideas/entryway-ideas-long-entry-hall/927045871739/
entryway ideas cottage,3,22,154,0,"Sep 17, 2026",911839513432,Home Decor > Entryway > Entryway Ideas > Entryway Ideas Cottage,https://www.pinterest.com/ideas/home-decor/935249274030/ > https://www.pinterest.com/ideas/entryway/947659681346/ > https://www.pinterest.com/ideas/entryway-ideas/939790496305/ > https://www.pinterest.com/ideas/entryway-ideas-cottage/911839513432/,https://www.pinterest.com/ideas/entryway-ideas-cottage/911839513432/
entryway decor apartment small spaces,5,37,153,0,"Sep 17, 2026",947417180177,Home Decor > Entryway > Entryway Decor > Entryway Decor Apartment Small Spaces,https://www.pinterest.com/ideas/home-decor/935249274030/ > https://www.pinterest.com/ideas/entryway/947659681346/ > https://www.pinterest.com/ideas/entryway-decor/921715628295/ > https://www.pinterest.com/ideas/entryway-decor-apartment-small-spaces/947417180177/,https://www.pinterest.com/ideas/entryway-decor-apartment-small-spaces/947417180177/
entryway ideas for open floor plan,6,34,153,0,"Sep 17, 2026",953163229523,Home Decor > Entryway > Entryway Ideas > Entryway Ideas For Open Floor Plan,https://www.pinterest.com/ideas/home-decor/935249274030/ > https://www.pinterest.com/ideas/entryway/947659681346/ > https://www.pinterest.com/ideas/entryway-ideas/939790496305/ > https://www.pinterest.com/ideas/entryway-ideas-for-open-floor-plan/953163229523/,https://www.pinterest.com/ideas/entryway-ideas-for-open-floor-plan/953163229523/
entryway garden front entry,4,27,152,0,"Sep 17, 2026",923940880760,Lawn And Garden > Garden Design > Entryway Garden Front Entry,https://www.pinterest.com/ideas/lawn-and-garden/909983286710/ > https://www.pinterest.com/ideas/garden-design/901468450490/ > https://www.pinterest.com/ideas/entryway-garden-front-entry/923940880760/,https://www.pinterest.com/ideas/entryway-garden-front-entry/923940880760/
entryway ideas tile floor,4,25,151,0,"Sep 17, 2026",953327389235,Home Decor > Entryway > Entryway Ideas > Entryway Ideas Tile Floor,https://www.pinterest.com/ideas/home-decor/935249274030/ > https://www.pinterest.com/ideas/entryway/947659681346/ > https://www.pinterest.com/ideas/entryway-ideas/939790496305/ > https://www.pinterest.com/ideas/entryway-ideas-tile-floor/953327389235/,https://www.pinterest.com/ideas/entryway-ideas-tile-floor/953327389235/
side yard entryway ideas,4,24,151,0,"Sep 13, 2026",952230588613,Lawn And Garden > Garden Design > Side Yard Entryway Ideas,https://www.pinterest.com/ideas/lawn-and-garden/909983286710/ > https://www.pinterest.com/ideas/garden-design/901468450490/ > https://www.pinterest.com/ideas/side-yard-entryway-ideas/952230588613/,https://www.pinterest.com/ideas/side-yard-entryway-ideas/952230588613/
entryway ideas modern farmhouse,4,31,151,0,"Sep 11, 2026",933581693779,Home Decor > Entryway > Entryway Ideas > Entryway Ideas Modern Farmhouse,https://www.pinterest.com/ideas/home-decor/935249274030/ > https://www.pinterest.com/ideas/entryway/947659681346/ > https://www.pinterest.com/ideas/entryway-ideas/939790496305/ > https://www.pinterest.com/ideas/entryway-ideas-modern-farmhouse/933581693779/,https://www.pinterest.com/ideas/entryway-ideas-modern-farmhouse/933581693779/
entryway ideas dark,3,19,149,0,"Sep 17, 2026",916909494709,Home Decor > Entryway > Entryway Ideas > Entryway Ideas Dark,https://www.pinterest.com/ideas/home-decor/935249274030/ > https://www.pinterest.com/ideas/entryway/947659681346/ > https://www.pinterest.com/ideas/entryway-ideas/939790496305/ > https://www.pinterest.com/ideas/entryway-ideas-dark/916909494709/,https://www.pinterest.com/ideas/entryway-ideas-dark/916909494709/
entryway decor wallpaper,3,24,149,0,"Sep 17, 2026",897535465619,Home Decor > Entryway > Entryway Decor > Entryway Decor Wallpaper,https://www.pinterest.com/ideas/home-decor/935249274030/ > https://www.pinterest.com/ideas/entryway/947659681346/ > https://www.pinterest.com/ideas/entryway-decor/921715628295/ > https://www.pinterest.com/ideas/entryway-decor-wallpaper/897535465619/,https://www.pinterest.com/ideas/entryway-decor-wallpaper/897535465619/
entryway ideas mid century,4,26,148,0,"Sep 15, 2026",910815508520,Home Decor > Entryway > Entryway Ideas > Entryway Ideas Mid Century,https://www.pinterest.com/ideas/home-decor/935249274030/ > https://www.pinterest.com/ideas/entryway/947659681346/ > https://www.pinterest.com/ideas/entryway-ideas/939790496305/ > https://www.pinterest.com/ideas/entryway-ideas-mid-century/910815508520/,https://www.pinterest.com/ideas/entryway-ideas-mid-century/910815508520/
small entryway living room,4,26,148,0,"Sep 17, 2026",951198569619,Home Decor > Entryway > Entryway Ideas > Small Entryway Living Room,https://www.pinterest.com/ideas/home-decor/935249274030/ > https://www.pinterest.com/ideas/entryway/947659681346/ > https://www.pinterest.com/ideas/entryway-ideas/939790496305/ > https://www.pinterest.com/ideas/small-entryway-living-room/951198569619/,https://www.pinterest.com/ideas/small-entryway-living-room/951198569619/
small entryway closet makeover,4,30,147,0,"Sep 17, 2026",947274129912,Home Decor > Entryway > Entryway Ideas > Small Entryway Closet Makeover,https://www.pinterest.com/ideas/home-decor/935249274030/ > https://www.pinterest.com/ideas/entryway/947659681346/ > https://www.pinterest.com/ideas/entryway-ideas/939790496305/ > https://www.pinterest.com/ideas/small-entryway-closet-makeover/947274129912/,https://www.pinterest.com/ideas/small-entryway-closet-makeover/947274129912/
small entryway shoe rack,4,24,145,0,"Sep 17, 2026",907397622928,Home Decor > Entryway > Entryway Shelf > Small Entryway Shoe Rack,https://www.pinterest.com/ideas/home-decor/935249274030/ > https://www.pinterest.com/ideas/entryway/947659681346/ > https://www.pinterest.com/ideas/entryway-shelf/935713534633/ > https://www.pinterest.com/ideas/small-entryway-shoe-rack/907397622928/,https://www.pinterest.com/ideas/small-entryway-shoe-rack/907397622928/
entryway ideas into living room,5,31,145,0,"Sep 14, 2026",913785639004,Home Decor > Entryway > Entryway Ideas > Entryway Ideas Into Living Room,https://www.pinterest.com/ideas/home-decor/935249274030/ > https://www.pinterest.com/ideas/entryway/947659681346/ > https://www.pinterest.com/ideas/entryway-ideas/939790496305/ > https://www.pinterest.com/ideas/entryway-ideas-into-living-room/913785639004/,https://www.pinterest.com/ideas/entryway-ideas-into-living-room/913785639004/
entryway ideas flooring,3,23,145,0,"Sep 17, 2026",946818116328,Home Decor > Entryway > Entryway Flooring > Entryway Ideas Flooring,https://www.pinterest.com/ideas/home-decor/935249274030/ > https://www.pinterest.com/ideas/entryway/947659681346/ > https://www.pinterest.com/ideas/entryway-flooring/911382513773/ > https://www.pinterest.com/ideas/entryway-ideas-flooring/946818116328/,https://www.pinterest.com/ideas/entryway-ideas-flooring/946818116328/
entryway essentials,2,19,144,0,"Sep 14, 2026",931940475827,Home Decor > Entryway > Entryway Decor > Entryway Essentials,https://www.pinterest.com/ideas/home-decor/935249274030/ > https://www.pinterest.com/ideas/entryway/947659681346/ > https://www.pinterest.com/ideas/entryway-decor/921715628295/ > https://www.pinterest.com/ideas/entryway-essentials/931940475827/,https://www.pinterest.com/ideas/entryway-essentials/931940475827/
entryway ideas coastal,3,22,144,0,"Sep 17, 2026",955986396497,Home Decor > Entryway > Entryway Ideas > Entryway Ideas Coastal,https://www.pinterest.com/ideas/home-decor/935249274030/ > https://www.pinterest.com/ideas/entryway/947659681346/ > https://www.pinterest.com/ideas/entryway-ideas/939790496305/ > https://www.pinterest.com/ideas/entryway-ideas-coastal/955986396497/,https://www.pinterest.com/ideas/entryway-ideas-coastal/955986396497/
entryway ideas cottagecore,3,26,144,0,"Sep 17, 2026",944478225474,Home Decor > Entryway > Entryway Ideas > Entryway Ideas Cottagecore,https://www.pinterest.com/ideas/home-decor/935249274030/ > https://www.pinterest.com/ideas/entryway/947659681346/ > https://www.pinterest.com/ideas/entryway-ideas/939790496305/ > https://www.pinterest.com/ideas/entryway-ideas-cottagecore/944478225474/,https://www.pinterest.com/ideas/entryway-ideas-cottagecore/944478225474/
entryway ideas console tables,4,29,144,0,"Sep 17, 2026",927746350003,Home Decor > Entryway > Entryway Ideas > Entryway Ideas Console Tables,https://www.pinterest.com/ideas/home-decor/935249274030/ > https://www.pinterest.com/ideas/entryway/947659681346/ > https://www.pinterest.com/ideas/entryway-ideas/939790496305/ > https://www.pinterest.com/ideas/entryway-ideas-console-tables/927746350003/,https://www.pinterest.com/ideas/entryway-ideas-console-tables/927746350003/
small entryway built in,4,23,143,0,"Sep 17, 2026",953722034045,Home Decor > Small Entryway Built In,https://www.pinterest.com/ideas/home-decor/935249274030/ > https://www.pinterest.com/ideas/small-entryway-built-in/953722034045/,https://www.pinterest.com/ideas/small-entryway-built-in/953722034045/
entryway ideas tall ceiling,4,27,141,0,"Sep 17, 2026",895565703303,Home Decor > Entryway > Entryway Ideas > Entryway Ideas Tall Ceiling,https://www.pinterest.com/ideas/home-decor/935249274030/ > https://www.pinterest.com/ideas/entryway/947659681346/ > https://www.pinterest.com/ideas/entryway-ideas/939790496305/ > https://www.pinterest.com/ideas/entryway-ideas-tall-ceiling/895565703303/,https://www.pinterest.com/ideas/entryway-ideas-tall-ceiling/895565703303/
entryway ideas eclectic,3,23,141,0,"Sep 17, 2026",905652003752,Home Decor > Entryway > Entryway Ideas > Entryway Ideas Eclectic,https://www.pinterest.com/ideas/home-decor/935249274030/ > https://www.pinterest.com/ideas/entryway/947659681346/ > https://www.pinterest.com/ideas/entryway-ideas/939790496305/ > https://www.pinterest.com/ideas/entryway-ideas-eclectic/905652003752/,https://www.pinterest.com/ideas/entryway-ideas-eclectic/905652003752/
small entryway lighting ideas,4,29,141,0,"Sep 17, 2026",915092532301,Home Decor > Entryway > Small Entryway Lighting Ideas,https://www.pinterest.com/ideas/home-decor/935249274030/ > https://www.pinterest.com/ideas/entryway/947659681346/ > https://www.pinterest.com/ideas/small-entryway-lighting-ideas/915092532301/,https://www.pinterest.com/ideas/small-entryway-lighting-ideas/915092532301/
small entryway paint colors,4,27,139,0,"Sep 17, 2026",943188768403,Home Decor > Entryway > Entryway Paint > Small Entryway Paint Colors,https://www.pinterest.com/ideas/home-decor/935249274030/ > https://www.pinterest.com/ideas/entryway/947659681346/ > https://www.pinterest.com/ideas/entryway-paint/895544131331/ > https://www.pinterest.com/ideas/small-entryway-paint-colors/943188768403/,https://www.pinterest.com/ideas/small-entryway-paint-colors/943188768403/
entryway vanity,2,15,138,0,"Sep 17, 2026",903814215514,Home Decor > Entryway > Entryway Vanity,https://www.pinterest.com/ideas/home-decor/935249274030/ > https://www.pinterest.com/ideas/entryway/947659681346/ > https://www.pinterest.com/ideas/entryway-vanity/903814215514/,https://www.pinterest.com/ideas/entryway-vanity/903814215514/
small entryway ideas with window,5,32,138,0,"Sep 15, 2026",936455950922,Home Decor > Entryway > Entryway Ideas > Small Entryway Ideas With Window,https://www.pinterest.com/ideas/home-decor/935249274030/ > https://www.pinterest.com/ideas/entryway/947659681346/ > https://www.pinterest.com/ideas/entryway-ideas/939790496305/ > https://www.pinterest.com/ideas/small-entryway-ideas-with-window/936455950922/,https://www.pinterest.com/ideas/small-entryway-ideas-with-window/936455950922/
entryway quotes entrance,3,24,135,0,"Sep 17, 2026",930746413330,Quotes > Quotes Ideas > Entryway Quotes Entrance,https://www.pinterest.com/ideas/quotes/948192800438/ > https://www.pinterest.com/ideas/quotes-ideas/930776172166/ > https://www.pinterest.com/ideas/entryway-quotes-entrance/930746413330/,https://www.pinterest.com/ideas/entryway-quotes-entrance/930746413330/
entryway ideas key holder,4,25,133,0,"Sep 17, 2026",932546821093,Home Decor > Entryway > Entryway Ideas > Entryway Ideas Key Holder,https://www.pinterest.com/ideas/home-decor/935249274030/ > https://www.pinterest.com/ideas/entryway/947659681346/ > https://www.pinterest.com/ideas/entryway-ideas/939790496305/ > https://www.pinterest.com/ideas/entryway-ideas-key-holder/932546821093/,https://www.pinterest.com/ideas/entryway-ideas-key-holder/932546821093/
small entryway table decor with mirror,6,38,133,0,"Sep 17, 2026",906702479492,Home Decor > Entryway > Entry Table > Small Entryway Table Decor With Mirror,https://www.pinterest.com/ideas/home-decor/935249274030/ > https://www.pinterest.com/ideas/entryway/947659681346/ > https://www.pinterest.com/ideas/entry-table/893952468325/ > https://www.pinterest.com/ideas/small-entryway-table-decor-with-mirror/906702479492/,https://www.pinterest.com/ideas/small-entryway-table-decor-with-mirror/906702479492/
apartment entryway rug,3,22,132,0,"Sep 17, 2026",925755039292,Apartment Entryway Rug,https://www.pinterest.com/ideas/apartment-entryway-rug/925755039292/,https://www.pinterest.com/ideas/apartment-entryway-rug/925755039292/
small entryway wall decor ideas,5,31,130,0,"Sep 17, 2026",950217231630,Home Decor > Entryway > Entryway Wall Art > Small Entryway Wall Decor Ideas,https://www.pinterest.com/ideas/home-decor/935249274030/ > https://www.pinterest.com/ideas/entryway/947659681346/ > https://www.pinterest.com/ideas/entryway-wall-art/924844456068/ > https://www.pinterest.com/ideas/small-entryway-wall-decor-ideas/950217231630/,https://www.pinterest.com/ideas/small-entryway-wall-decor-ideas/950217231630/
entryway ideas fall,3,19,130,0,"Sep 17, 2026",933163679790,Home Decor > Entryway > Entryway Ideas > Entryway Ideas Fall,https://www.pinterest.com/ideas/home-decor/935249274030/ > https://www.pinterest.com/ideas/entryway/947659681346/ > https://www.pinterest.com/ideas/entryway-ideas/939790496305/ > https://www.pinterest.com/ideas/entryway-ideas-fall/933163679790/,https://www.pinterest.com/ideas/entryway-ideas-fall/933163679790/
entryway ideas accent wall,4,26,129,0,"Sep 17, 2026",928091574450,Home Decor > Entryway > Entryway Ideas > Entryway Ideas Accent Wall,https://www.pinterest.com/ideas/home-decor/935249274030/ > https://www.pinterest.com/ideas/entryway/947659681346/ > https://www.pinterest.com/ideas/entryway-ideas/939790496305/ > https://www.pinterest.com/ideas/entryway-ideas-accent-wall/928091574450/,https://www.pinterest.com/ideas/entryway-ideas-accent-wall/928091574450/
entryway ideas narrow front entrances,5,37,129,0,"Sep 17, 2026",947390672209,Home Decor > Entryway > Entryway Ideas > Entryway Ideas Narrow Front Entrances,https://www.pinterest.com/ideas/home-decor/935249274030/ > https://www.pinterest.com/ideas/entryway/947659681346/ > https://www.pinterest.com/ideas/entryway-ideas/939790496305/ > https://www.pinterest.com/ideas/entryway-ideas-narrow-front-entrances/947390672209/,https://www.pinterest.com/ideas/entryway-ideas-narrow-front-entrances/947390672209/
entryway ideas black and white,5,30,127,0,"Sep 14, 2026",944194740375,Home Decor > Entryway > Entryway Ideas > Entryway Ideas Black And White,https://www.pinterest.com/ideas/home-decor/935249274030/ > https://www.pinterest.com/ideas/entryway/947659681346/ > https://www.pinterest.com/ideas/entryway-ideas/939790496305/ > https://www.pinterest.com/ideas/entryway-ideas-black-and-white/944194740375/,https://www.pinterest.com/ideas/entryway-ideas-black-and-white/944194740375/
small entryway with closet,4,26,126,0,"Sep 15, 2026",899943679692,Home Decor > Small Entryway With Closet,https://www.pinterest.com/ideas/home-decor/935249274030/ > https://www.pinterest.com/ideas/small-entryway-with-closet/899943679692/,https://www.pinterest.com/ideas/small-entryway-with-closet/899943679692/
entryway vestibule ideas,3,24,126,0,"Sep 17, 2026",914534174311,Home Decor > Entryway > Entryway Ideas > Entryway Vestibule Ideas,https://www.pinterest.com/ideas/home-decor/935249274030/ > https://www.pinterest.com/ideas/entryway/947659681346/ > https://www.pinterest.com/ideas/entryway-ideas/939790496305/ > https://www.pinterest.com/ideas/entryway-vestibule-ideas/914534174311/,https://www.pinterest.com/ideas/entryway-vestibule-ideas/914534174311/
entryway decor minimalist,3,25,123,0,"Sep 17, 2026",913172753865,Home Decor > Entryway > Entryway Decor > Entryway Decor Minimalist,https://www.pinterest.com/ideas/home-decor/935249274030/ > https://www.pinterest.com/ideas/entryway/947659681346/ > https://www.pinterest.com/ideas/entryway-decor/921715628295/ > https://www.pinterest.com/ideas/entryway-decor-minimalist/913172753865/,https://www.pinterest.com/ideas/entryway-decor-minimalist/913172753865/
entryway decor boho,3,19,123,0,"Sep 17, 2026",897263633146,Home Decor > Entryway > Entryway Decor > Entryway Decor Boho,https://www.pinterest.com/ideas/home-decor/935249274030/ > https://www.pinterest.com/ideas/entryway/947659681346/ > https://www.pinterest.com/ideas/entryway-decor/921715628295/ > https://www.pinterest.com/ideas/entryway-decor-boho/897263633146/,https://www.pinterest.com/ideas/entryway-decor-boho/897263633146/
entryway decor without mirror,4,29,123,0,"Sep 17, 2026",913586438522,Home Decor > Entryway > Entryway Decor Without Mirror,https://www.pinterest.com/ideas/home-decor/935249274030/ > https://www.pinterest.com/ideas/entryway/947659681346/ > https://www.pinterest.com/ideas/entryway-decor-without-mirror/913586438522/,https://www.pinterest.com/ideas/entryway-decor-without-mirror/913586438522/
entryway ideas behind door,4,26,123,0,"Sep 17, 2026",915479012466,Home Decor > Entryway > Entryway Ideas > Entryway Ideas Behind Door,https://www.pinterest.com/ideas/home-decor/935249274030/ > https://www.pinterest.com/ideas/entryway/947659681346/ > https://www.pinterest.com/ideas/entryway-ideas/939790496305/ > https://www.pinterest.com/ideas/entryway-ideas-behind-door/915479012466/,https://www.pinterest.com/ideas/entryway-ideas-behind-door/915479012466/
entryway upholstered bench ideas,4,32,122,0,"Sep 17, 2026",900152325799,Home Decor > Entryway > Entryway Ideas > Entryway Upholstered Bench Ideas,https://www.pinterest.com/ideas/home-decor/935249274030/ > https://www.pinterest.com/ideas/entryway/947659681346/ > https://www.pinterest.com/ideas/entryway-ideas/939790496305/ > https://www.pinterest.com/ideas/entryway-upholstered-bench-ideas/900152325799/,https://www.pinterest.com/ideas/entryway-upholstered-bench-ideas/900152325799/
entryway decor storage,3,22,120,0,"Sep 15, 2026",928350764357,Home Decor > Entryway > Entryway Decor > Entryway Decor Storage,https://www.pinterest.com/ideas/home-decor/935249274030/ > https://www.pinterest.com/ideas/entryway/947659681346/ > https://www.pinterest.com/ideas/entryway-decor/921715628295/ > https://www.pinterest.com/ideas/entryway-decor-storage/928350764357/,https://www.pinterest.com/ideas/entryway-decor-storage/928350764357/
small entryway table with storage,5,33,119,0,"Sep 17, 2026",960108635045,Home Decor > Small Entryway Table With Storage,https://www.pinterest.com/ideas/home-decor/935249274030/ > https://www.pinterest.com/ideas/small-entryway-table-with-storage/960108635045/,https://www.pinterest.com/ideas/small-entryway-table-with-storage/960108635045/
small entryway solutions,3,24,118,0,"Sep 17, 2026",958734496778,Home Decor > Entryway > Entryway Ideas > Small Entryway Solutions,https://www.pinterest.com/ideas/home-decor/935249274030/ > https://www.pinterest.com/ideas/entryway/947659681346/ > https://www.pinterest.com/ideas/entryway-ideas/939790496305/ > https://www.pinterest.com/ideas/small-entryway-solutions/958734496778/,https://www.pinterest.com/ideas/small-entryway-solutions/958734496778/
small entryway storage solutions,4,32,117,0,"Sep 17, 2026",948759512097,Small Entryway Storage Solutions,https://www.pinterest.com/ideas/small-entryway-storage-solutions/948759512097/,https://www.pinterest.com/ideas/small-entryway-storage-solutions/948759512097/
entryway ideas indian homes,4,27,111,0,"Sep 17, 2026",927185223942,Home Decor > Entryway > Entryway Ideas > Entryway Ideas Indian Homes,https://www.pinterest.com/ideas/home-decor/935249274030/ > https://www.pinterest.com/ideas/entryway/947659681346/ > https://www.pinterest.com/ideas/entryway-ideas/939790496305/ > https://www.pinterest.com/ideas/entryway-ideas-indian-homes/927185223942/,https://www.pinterest.com/ideas/entryway-ideas-indian-homes/927185223942/
entryway decor small apartment,4,30,110,0,"Sep 15, 2026",955020940738,Home Decor > Entryway > Entryway Decor > Entryway Decor Small Apartment,https://www.pinterest.com/ideas/home-decor/935249274030/ > https://www.pinterest.com/ideas/entryway/947659681346/ > https://www.pinterest.com/ideas/entryway-decor/921715628295/ > https://www.pinterest.com/ideas/entryway-decor-small-apartment/955020940738/,https://www.pinterest.com/ideas/entryway-decor-small-apartment/955020940738/
entryway extension,2,18,110,0,"Sep 17, 2026",942382474567,Architecture > Residential Architecture > Entryway Extension,https://www.pinterest.com/ideas/architecture/918105274631/ > https://www.pinterest.com/ideas/residential-architecture/917763335785/ > https://www.pinterest.com/ideas/entryway-extension/942382474567/,https://www.pinterest.com/ideas/entryway-extension/942382474567/
small entryway makeover,3,23,110,0,"Sep 17, 2026",911436926132,Home Decor > Entryway > Entryway Ideas > Small Entryway Makeover,https://www.pinterest.com/ideas/home-decor/935249274030/ > https://www.pinterest.com/ideas/entryway/947659681346/ > https://www.pinterest.com/ideas/entryway-ideas/939790496305/ > https://www.pinterest.com/ideas/small-entryway-makeover/911436926132/,https://www.pinterest.com/ideas/small-entryway-makeover/911436926132/
entryway ideas by stairs,4,24,110,0,"Sep 17, 2026",896181166509,Home Decor > Entryway > Entryway Ideas > Entryway Ideas By Stairs,https://www.pinterest.com/ideas/home-decor/935249274030/ > https://www.pinterest.com/ideas/entryway/947659681346/ > https://www.pinterest.com/ideas/entryway-ideas/939790496305/ > https://www.pinterest.com/ideas/entryway-ideas-by-stairs/896181166509/,https://www.pinterest.com/ideas/entryway-ideas-by-stairs/896181166509/
entryway ideas dark wood,4,24,109,0,"Sep 17, 2026",945100381316,Home Decor > Entryway > Entryway Ideas > Entryway Ideas Dark Wood,https://www.pinterest.com/ideas/home-decor/935249274030/ > https://www.pinterest.com/ideas/entryway/947659681346/ > https://www.pinterest.com/ideas/entryway-ideas/939790496305/ > https://www.pinterest.com/ideas/entryway-ideas-dark-wood/945100381316/,https://www.pinterest.com/ideas/entryway-ideas-dark-wood/945100381316/
entryway ideas traditional,3,26,109,0,"Sep 17, 2026",904998832229,Home Decor > Entryway > Entryway Ideas > Entryway Ideas Traditional,https://www.pinterest.com/ideas/home-decor/935249274030/ > https://www.pinterest.com/ideas/entryway/947659681346/ > https://www.pinterest.com/ideas/entryway-ideas/939790496305/ > https://www.pinterest.com/ideas/entryway-ideas-traditional/904998832229/,https://www.pinterest.com/ideas/entryway-ideas-traditional/904998832229/
small entryway nook ideas,4,25,108,0,"Sep 14, 2026",944135444121,Home Decor > Entryway > Entryway Ideas > Small Entryway Nook Ideas,https://www.pinterest.com/ideas/home-decor/935249274030/ > https://www.pinterest.com/ideas/entryway/947659681346/ > https://www.pinterest.com/ideas/entryway-ideas/939790496305/ > https://www.pinterest.com/ideas/small-entryway-nook-ideas/944135444121/,https://www.pinterest.com/ideas/small-entryway-nook-ideas/944135444121/
small entryway backpack storage,4,31,106,0,"Sep 15, 2026",908193374605,Home Decor > Entryway > Entryway Decor > Small Entryway Backpack Storage,https://www.pinterest.com/ideas/home-decor/935249274030/ > https://www.pinterest.com/ideas/entryway/947659681346/ > https://www.pinterest.com/ideas/entryway-decor/921715628295/ > https://www.pinterest.com/ideas/small-entryway-backpack-storage/908193374605/,https://www.pinterest.com/ideas/small-entryway-backpack-storage/908193374605/
entryway ideas round table,4,26,105,0,"Sep 17, 2026",945674185523,Home Decor > Entryway > Entryway Ideas > Entryway Ideas Round Table,https://www.pinterest.com/ideas/home-decor/935249274030/ > https://www.pinterest.com/ideas/entryway/947659681346/ > https://www.pinterest.com/ideas/entryway-ideas/939790496305/ > https://www.pinterest.com/ideas/entryway-ideas-round-table/945674185523/,https://www.pinterest.com/ideas/entryway-ideas-round-table/945674185523/
entryway ideas pictures,3,23,105,0,"Sep 17, 2026",904011211184,Home Decor > Entryway > Entryway Ideas > Entryway Ideas Pictures,https://www.pinterest.com/ideas/home-decor/935249274030/ > https://www.pinterest.com/ideas/entryway/947659681346/ > https://www.pinterest.com/ideas/entryway-ideas/939790496305/ > https://www.pinterest.com/ideas/entryway-ideas-pictures/904011211184/,https://www.pinterest.com/ideas/entryway-ideas-pictures/904011211184/
entryway ideas glass table,4,26,104,0,"Sep 15, 2026",922692126799,Home Decor > Entryway > Entryway Ideas > Entryway Ideas Glass Table,https://www.pinterest.com/ideas/home-decor/935249274030/ > https://www.pinterest.com/ideas/entryway/947659681346/ > https://www.pinterest.com/ideas/entryway-ideas/939790496305/ > https://www.pinterest.com/ideas/entryway-ideas-glass-table/922692126799/,https://www.pinterest.com/ideas/entryway-ideas-glass-table/922692126799/
entryway decor pictures,3,23,103,0,"Sep 17, 2026",896675266567,Home Decor > Entryway > Entryway Decor > Entryway Decor Pictures,https://www.pinterest.com/ideas/home-decor/935249274030/ > https://www.pinterest.com/ideas/entryway/947659681346/ > https://www.pinterest.com/ideas/entryway-decor/921715628295/ > https://www.pinterest.com/ideas/entryway-decor-pictures/896675266567/,https://www.pinterest.com/ideas/entryway-decor-pictures/896675266567/
entryway ideas under stairs,4,27,103,0,"Sep 17, 2026",929562146207,Home Decor > Entryway > Entryway Ideas > Entryway Ideas Under Stairs,https://www.pinterest.com/ideas/home-decor/935249274030/ > https://www.pinterest.com/ideas/entryway/947659681346/ > https://www.pinterest.com/ideas/entryway-ideas/939790496305/ > https://www.pinterest.com/ideas/entryway-ideas-under-stairs/929562146207/,https://www.pinterest.com/ideas/entryway-ideas-under-stairs/929562146207/
entryway decor hallway,3,22,100,0,"Sep 17, 2026",934729641802,Home Decor > Entryway > Entryway Decor > Entryway Decor Hallway,https://www.pinterest.com/ideas/home-decor/935249274030/ > https://www.pinterest.com/ideas/entryway/947659681346/ > https://www.pinterest.com/ideas/entryway-decor/921715628295/ > https://www.pinterest.com/ideas/entryway-decor-hallway/934729641802/,https://www.pinterest.com/ideas/entryway-decor-hallway/934729641802/
entryway decor wedding entrance,4,31,100,0,"Sep 17, 2026",926555245732,Home Decor > Entryway > Entryway Decor > Entryway Decor Wedding Entrance,https://www.pinterest.com/ideas/home-decor/935249274030/ > https://www.pinterest.com/ideas/entryway/947659681346/ > https://www.pinterest.com/ideas/entryway-decor/921715628295/ > https://www.pinterest.com/ideas/entryway-decor-wedding-entrance/926555245732/,https://www.pinterest.com/ideas/entryway-decor-wedding-entrance/926555245732/
small entryway hook ideas,4,25,100,0,"Sep 11, 2026",903459772959,Home Decor > Entryway > Entryway Coat Rack > Small Entryway Hook Ideas,https://www.pinterest.com/ideas/home-decor/935249274030/ > https://www.pinterest.com/ideas/entryway/947659681346/ > https://www.pinterest.com/ideas/entryway-coat-rack/908024983478/ > https://www.pinterest.com/ideas/small-entryway-hook-ideas/903459772959/,https://www.pinterest.com/ideas/small-entryway-hook-ideas/903459772959/
entryway ideas large entrance,4,29,99,0,"Sep 15, 2026",950654137509,Home Decor > Entryway > Entryway Ideas > Entryway Ideas Large Entrance,https://www.pinterest.com/ideas/home-decor/935249274030/ > https://www.pinterest.com/ideas/entryway/947659681346/ > https://www.pinterest.com/ideas/entryway-ideas/939790496305/ > https://www.pinterest.com/ideas/entryway-ideas-large-entrance/950654137509/,https://www.pinterest.com/ideas/entryway-ideas-large-entrance/950654137509/
small entryway table with mirror,5,32,99,0,"Sep 15, 2026",960891812000,Home Decor > Entryway > Entry Table > Small Entryway Table With Mirror,https://www.pinterest.com/ideas/home-decor/935249274030/ > https://www.pinterest.com/ideas/entryway/947659681346/ > https://www.pinterest.com/ideas/entry-table/893952468325/ > https://www.pinterest.com/ideas/small-entryway-table-with-mirror/960891812000/,https://www.pinterest.com/ideas/small-entryway-table-with-mirror/960891812000/
entryway decor eclectic,3,23,98,0,"Sep 17, 2026",929983941055,Home Decor > Entryway > Entryway Decor > Entryway Decor Eclectic,https://www.pinterest.com/ideas/home-decor/935249274030/ > https://www.pinterest.com/ideas/entryway/947659681346/ > https://www.pinterest.com/ideas/entryway-decor/921715628295/ > https://www.pinterest.com/ideas/entryway-decor-eclectic/929983941055/,https://www.pinterest.com/ideas/entryway-decor-eclectic/929983941055/
entryway vase with flowers,4,26,98,0,"Sep 17, 2026",912105254219,Entryway Vase With Flowers,https://www.pinterest.com/ideas/entryway-vase-with-flowers/912105254219/,https://www.pinterest.com/ideas/entryway-vase-with-flowers/912105254219/
entryway jacket hooks,3,21,98,0,"Sep 17, 2026",913625267437,Home Decor > Entryway > Entryway Coat Rack > Entryway Jacket Hooks,https://www.pinterest.com/ideas/home-decor/935249274030/ > https://www.pinterest.com/ideas/entryway/947659681346/ > https://www.pinterest.com/ideas/entryway-coat-rack/908024983478/ > https://www.pinterest.com/ideas/entryway-jacket-hooks/913625267437/,https://www.pinterest.com/ideas/entryway-jacket-hooks/913625267437/
entryway ideas modern organic,4,29,97,0,"Sep 17, 2026",961048404824,Home Decor > Entryway > Entryway Ideas > Entryway Ideas Modern Organic,https://www.pinterest.com/ideas/home-decor/935249274030/ > https://www.pinterest.com/ideas/entryway/947659681346/ > https://www.pinterest.com/ideas/entryway-ideas/939790496305/ > https://www.pinterest.com/ideas/entryway-ideas-modern-organic/961048404824/,https://www.pinterest.com/ideas/entryway-ideas-modern-organic/961048404824/
entryway ideas gold,3,19,96,0,"Sep 15, 2026",909079931998,Design > Design Ideas > Office Ideas > Entryway Ideas Gold,https://www.pinterest.com/ideas/design/902065567321/ > https://www.pinterest.com/ideas/design-ideas/947141551186/ > https://www.pinterest.com/ideas/office-ideas/948694996622/ > https://www.pinterest.com/ideas/entryway-ideas-gold/909079931998/,https://www.pinterest.com/ideas/entryway-ideas-gold/909079931998/
apartment entryway storage ideas,4,32,92,0,"Sep 17, 2026",921331886267,Home Decor > Storage And Organization > Entryway Storage > Apartment Entryway Storage Ideas,https://www.pinterest.com/ideas/home-decor/935249274030/ > https://www.pinterest.com/ideas/storage-and-organization/896864884493/ > https://www.pinterest.com/ideas/entryway-storage/898874309453/ > https://www.pinterest.com/ideas/apartment-entryway-storage-ideas/921331886267/,https://www.pinterest.com/ideas/apartment-entryway-storage-ideas/921331886267/
entryway ideas elegant,3,22,92,0,"Sep 17, 2026",914815543135,Home Decor > Entryway > Entryway Ideas > Entryway Ideas Elegant,https://www.pinterest.com/ideas/home-decor/935249274030/ > https://www.pinterest.com/ideas/entryway/947659681346/ > https://www.pinterest.com/ideas/entryway-ideas/939790496305/ > https://www.pinterest.com/ideas/entryway-ideas-elegant/914815543135/,https://www.pinterest.com/ideas/entryway-ideas-elegant/914815543135/
small entryway table with lamp,5,30,92,0,"Sep 17, 2026",953662434670,Home Decor > Entryway > Entry Table > Small Entryway Table With Lamp,https://www.pinterest.com/ideas/home-decor/935249274030/ > https://www.pinterest.com/ideas/entryway/947659681346/ > https://www.pinterest.com/ideas/entry-table/893952468325/ > https://www.pinterest.com/ideas/small-entryway-table-with-lamp/953662434670/,https://www.pinterest.com/ideas/small-entryway-table-with-lamp/953662434670/
entryway ideas townhouse,3,24,92,0,"Sep 15, 2026",918904433362,Home Decor > Entryway > Entryway Ideas > Entryway Ideas Townhouse,https://www.pinterest.com/ideas/home-decor/935249274030/ > https://www.pinterest.com/ideas/entryway/947659681346/ > https://www.pinterest.com/ideas/entryway-ideas/939790496305/ > https://www.pinterest.com/ideas/entryway-ideas-townhouse/918904433362/,https://www.pinterest.com/ideas/entryway-ideas-townhouse/918904433362/
small entryway art,3,18,91,0,"Sep 17, 2026",902258600699,Art > Small Entryway Art,https://www.pinterest.com/ideas/art/961238559656/ > https://www.pinterest.com/ideas/small-entryway-art/902258600699/,https://www.pinterest.com/ideas/small-entryway-art/902258600699/
entryway decor coastal,3,22,91,0,"Aug 15, 2026",940936902439,Home Decor > Entryway > Entryway Decor > Entryway Decor Coastal,https://www.pinterest.com/ideas/home-decor/935249274030/ > https://www.pinterest.com/ideas/entryway/947659681346/ > https://www.pinterest.com/ideas/entryway-decor/921715628295/ > https://www.pinterest.com/ideas/entryway-decor-coastal/940936902439/,https://www.pinterest.com/ideas/entryway-decor-coastal/940936902439/
entryway upholstered bench,3,26,90,0,"Sep 17, 2026",896605257028,Entryway Upholstered Bench,https://www.pinterest.com/ideas/entryway-upholstered-bench/896605257028/,https://www.pinterest.com/ideas/entryway-upholstered-bench/896605257028/
small entryway accent wall ideas,5,32,90,0,"Sep 17, 2026",906602635599,Home Decor > Entryway > Entryway Paint > Small Entryway Accent Wall Ideas,https://www.pinterest.com/ideas/home-decor/935249274030/ > https://www.pinterest.com/ideas/entryway/947659681346/ > https://www.pinterest.com/ideas/entryway-paint/895544131331/ > https://www.pinterest.com/ideas/small-entryway-accent-wall-ideas/906602635599/,https://www.pinterest.com/ideas/small-entryway-accent-wall-ideas/906602635599/
yellow foyer entryway,3,21,90,0,"Sep 17, 2026",958531178317,Home Decor > Entryway > Entryway Ideas > Yellow Foyer Entryway,https://www.pinterest.com/ideas/home-decor/935249274030/ > https://www.pinterest.com/ideas/entryway/947659681346/ > https://www.pinterest.com/ideas/entryway-ideas/939790496305/ > https://www.pinterest.com/ideas/yellow-foyer-entryway/958531178317/,https://www.pinterest.com/ideas/yellow-foyer-entryway/958531178317/
entryway ideas paneling,3,23,90,0,"Sep 17, 2026",922825632594,Home Decor > Entryway > Entryway Ideas > Entryway Ideas Paneling,https://www.pinterest.com/ideas/home-decor/935249274030/ > https://www.pinterest.com/ideas/entryway/947659681346/ > https://www.pinterest.com/ideas/entryway-ideas/939790496305/ > https://www.pinterest.com/ideas/entryway-ideas-paneling/922825632594/,https://www.pinterest.com/ideas/entryway-ideas-paneling/922825632594/
entryway decor plants,3,21,89,0,"Sep 17, 2026",954587398862,Home Decor > Entryway > Entryway Decor Plants,https://www.pinterest.com/ideas/home-decor/935249274030/ > https://www.pinterest.com/ideas/entryway/947659681346/ > https://www.pinterest.com/ideas/entryway-decor-plants/954587398862/,https://www.pinterest.com/ideas/entryway-decor-plants/954587398862/
entryway decor halloween,3,24,88,0,"Sep 17, 2026",930969162816,Home Decor > Entryway Decor Halloween,https://www.pinterest.com/ideas/home-decor/935249274030/ > https://www.pinterest.com/ideas/entryway-decor-halloween/930969162816/,https://www.pinterest.com/ideas/entryway-decor-halloween/930969162816/
entryway decor long hallways,4,28,88,0,"Sep 15, 2026",918886824870,Home Decor > Entryway > Entryway Decor > Entryway Decor Long Hallways,https://www.pinterest.com/ideas/home-decor/935249274030/ > https://www.pinterest.com/ideas/entryway/947659681346/ > https://www.pinterest.com/ideas/entryway-decor/921715628295/ > https://www.pinterest.com/ideas/entryway-decor-long-hallways/918886824870/,https://www.pinterest.com/ideas/entryway-decor-long-hallways/918886824870/
entryway decor hooks,3,20,87,0,"Sep 10, 2026",917001808260,Home Decor > Entryway > Entryway Decor Hooks,https://www.pinterest.com/ideas/home-decor/935249274030/ > https://www.pinterest.com/ideas/entryway/947659681346/ > https://www.pinterest.com/ideas/entryway-decor-hooks/917001808260/,https://www.pinterest.com/ideas/entryway-decor-hooks/917001808260/
entryway decor coat rack,4,24,87,0,"Sep 17, 2026",910953225658,Home Decor > Entryway > Entryway Coat Rack > Entryway Decor Coat Rack,https://www.pinterest.com/ideas/home-decor/935249274030/ > https://www.pinterest.com/ideas/entryway/947659681346/ > https://www.pinterest.com/ideas/entryway-coat-rack/908024983478/ > https://www.pinterest.com/ideas/entryway-decor-coat-rack/910953225658/,https://www.pinterest.com/ideas/entryway-decor-coat-rack/910953225658/
sweet 16 entryway ideas,4,23,86,0,"Sep 17, 2026",946136826738,Home Decor > Entryway > Entryway Ideas > Sweet 16 Entryway Ideas,https://www.pinterest.com/ideas/home-decor/935249274030/ > https://www.pinterest.com/ideas/entryway/947659681346/ > https://www.pinterest.com/ideas/entryway-ideas/939790496305/ > https://www.pinterest.com/ideas/sweet-16-entryway-ideas/946136826738/,https://www.pinterest.com/ideas/sweet-16-entryway-ideas/946136826738/
entryway decor console tables,4,29,86,0,"Sep 15, 2026",940664306837,Home Decor > Entryway > Entryway Decor > Entryway Decor Console Tables,https://www.pinterest.com/ideas/home-decor/935249274030/ > https://www.pinterest.com/ideas/entryway/947659681346/ > https://www.pinterest.com/ideas/entryway-decor/921715628295/ > https://www.pinterest.com/ideas/entryway-decor-console-tables/940664306837/,https://www.pinterest.com/ideas/entryway-decor-console-tables/940664306837/
small entryway bench decor,4,26,85,0,"Sep 15, 2026",911265066807,Small Entryway Bench Decor,https://www.pinterest.com/ideas/small-entryway-bench-decor/911265066807/,https://www.pinterest.com/ideas/small-entryway-bench-decor/911265066807/
entryway view from door,4,23,85,0,"Sep 17, 2026",901159429853,Home Decor > Entryway > Entryway Ideas > Entryway View From Door,https://www.pinterest.com/ideas/home-decor/935249274030/ > https://www.pinterest.com/ideas/entryway/947659681346/ > https://www.pinterest.com/ideas/entryway-ideas/939790496305/ > https://www.pinterest.com/ideas/entryway-view-from-door/901159429853/,https://www.pinterest.com/ideas/entryway-view-from-door/901159429853/
entryway ideas large mirror,4,27,85,0,"Sep 15, 2026",940223914673,Home Decor > Entryway > Entryway Ideas > Entryway Ideas Large Mirror,https://www.pinterest.com/ideas/home-decor/935249274030/ > https://www.pinterest.com/ideas/entryway/947659681346/ > https://www.pinterest.com/ideas/entryway-ideas/939790496305/ > https://www.pinterest.com/ideas/entryway-ideas-large-mirror/940223914673/,https://www.pinterest.com/ideas/entryway-ideas-large-mirror/940223914673/
apartment entryway ideas modern,4,31,84,0,"Sep 17, 2026",922789191501,Home Decor > Entryway > Entryway Ideas > Apartment Entryway Ideas Modern,https://www.pinterest.com/ideas/home-decor/935249274030/ > https://www.pinterest.com/ideas/entryway/947659681346/ > https://www.pinterest.com/ideas/entryway-ideas/939790496305/ > https://www.pinterest.com/ideas/apartment-entryway-ideas-modern/922789191501/,https://www.pinterest.com/ideas/apartment-entryway-ideas-modern/922789191501/
entryway ideas next to stairs,5,29,83,0,"Sep 17, 2026",920324262692,Home Decor > Entryway > Entryway Ideas > Entryway Ideas Next To Stairs,https://www.pinterest.com/ideas/home-decor/935249274030/ > https://www.pinterest.com/ideas/entryway/947659681346/ > https://www.pinterest.com/ideas/entryway-ideas/939790496305/ > https://www.pinterest.com/ideas/entryway-ideas-next-to-stairs/920324262692/,https://www.pinterest.com/ideas/entryway-ideas-next-to-stairs/920324262692/
small entryway bench with shoe storage,6,38,82,0,"Sep 15, 2026",938693097343,Home Decor > Entryway > Entryway Ideas > Small Entryway Bench With Shoe Storage,https://www.pinterest.com/ideas/home-decor/935249274030/ > https://www.pinterest.com/ideas/entryway/947659681346/ > https://www.pinterest.com/ideas/entryway-ideas/939790496305/ > https://www.pinterest.com/ideas/small-entryway-bench-with-shoe-storage/938693097343/,https://www.pinterest.com/ideas/small-entryway-bench-with-shoe-storage/938693097343/
small entryway laundry room ideas,5,33,82,0,"Sep 17, 2026",921210062760,Home Decor > Entryway > Entryway Ideas > Small Entryway Laundry Room Ideas,https://www.pinterest.com/ideas/home-decor/935249274030/ > https://www.pinterest.com/ideas/entryway/947659681346/ > https://www.pinterest.com/ideas/entryway-ideas/939790496305/ > https://www.pinterest.com/ideas/small-entryway-laundry-room-ideas/921210062760/,https://www.pinterest.com/ideas/small-entryway-laundry-room-ideas/921210062760/
entryway ideas plants,3,21,81,0,"Sep 15, 2026",946943866482,Home Decor > Entryway > Entryway Ideas > Entryway Ideas Plants,https://www.pinterest.com/ideas/home-decor/935249274030/ > https://www.pinterest.com/ideas/entryway/947659681346/ > https://www.pinterest.com/ideas/entryway-ideas/939790496305/ > https://www.pinterest.com/ideas/entryway-ideas-plants/946943866482/,https://www.pinterest.com/ideas/entryway-ideas-plants/946943866482/
small entryway picture wall ideas,5,33,80,0,"Sep 15, 2026",929566617259,Home Decor > Entryway > Entryway Wall Art > Small Entryway Picture Wall Ideas,https://www.pinterest.com/ideas/home-decor/935249274030/ > https://www.pinterest.com/ideas/entryway/947659681346/ > https://www.pinterest.com/ideas/entryway-wall-art/924844456068/ > https://www.pinterest.com/ideas/small-entryway-picture-wall-ideas/929566617259/,https://www.pinterest.com/ideas/small-entryway-picture-wall-ideas/929566617259/
entryway decor lighting,3,23,79,0,"Sep 15, 2026",955054464315,Home Decor > Entryway > Entryway Decor > Entryway Decor Lighting,https://www.pinterest.com/ideas/home-decor/935249274030/ > https://www.pinterest.com/ideas/entryway/947659681346/ > https://www.pinterest.com/ideas/entryway-decor/921715628295/ > https://www.pinterest.com/ideas/entryway-decor-lighting/955054464315/,https://www.pinterest.com/ideas/entryway-decor-lighting/955054464315/
entryway table decor key bowl,5,29,79,0,"Sep 13, 2026",921956001128,Home Decor > Entryway > Entry Table > Entryway Table Decor Key Bowl,https://www.pinterest.com/ideas/home-decor/935249274030/ > https://www.pinterest.com/ideas/entryway/947659681346/ > https://www.pinterest.com/ideas/entry-table/893952468325/ > https://www.pinterest.com/ideas/entryway-table-decor-key-bowl/921956001128/,https://www.pinterest.com/ideas/entryway-table-decor-key-bowl/921956001128/
quirky entryway ideas,3,21,78,0,"Sep 17, 2026",911072646068,Design > Interior Design > House Design > Quirky Entryway Ideas,https://www.pinterest.com/ideas/design/902065567321/ > https://www.pinterest.com/ideas/interior-design/922773544354/ > https://www.pinterest.com/ideas/house-design/899991296769/ > https://www.pinterest.com/ideas/quirky-entryway-ideas/911072646068/,https://www.pinterest.com/ideas/quirky-entryway-ideas/911072646068/
entryway decor modern luxury apartment,5,38,78,0,"Sep 15, 2026",926505324446,Home Decor > Entryway > Entryway Decor > Entryway Decor Modern Luxury Apartment,https://www.pinterest.com/ideas/home-decor/935249274030/ > https://www.pinterest.com/ideas/entryway/947659681346/ > https://www.pinterest.com/ideas/entryway-decor/921715628295/ > https://www.pinterest.com/ideas/entryway-decor-modern-luxury-apartment/926505324446/,https://www.pinterest.com/ideas/entryway-decor-modern-luxury-apartment/926505324446/
small entryway behind door,4,26,77,0,"Sep 15, 2026",925857757885,Home Decor > Entryway > Entryway Ideas > Small Entryway Behind Door,https://www.pinterest.com/ideas/home-decor/935249274030/ > https://www.pinterest.com/ideas/entryway/947659681346/ > https://www.pinterest.com/ideas/entryway-ideas/939790496305/ > https://www.pinterest.com/ideas/small-entryway-behind-door/925857757885/,https://www.pinterest.com/ideas/small-entryway-behind-door/925857757885/
entryway ideas uk,3,17,76,0,"Sep 15, 2026",951401632416,Home Decor > Entryway > Entryway Ideas > Entryway Ideas Uk,https://www.pinterest.com/ideas/home-decor/935249274030/ > https://www.pinterest.com/ideas/entryway/947659681346/ > https://www.pinterest.com/ideas/entryway-ideas/939790496305/ > https://www.pinterest.com/ideas/entryway-ideas-uk/951401632416/,https://www.pinterest.com/ideas/entryway-ideas-uk/951401632416/
small entryway accent wall,4,26,75,0,"Sep 17, 2026",931211803205,Home Decor > Entryway > Entryway Wall Art > Small Entryway Accent Wall,https://www.pinterest.com/ideas/home-decor/935249274030/ > https://www.pinterest.com/ideas/entryway/947659681346/ > https://www.pinterest.com/ideas/entryway-wall-art/924844456068/ > https://www.pinterest.com/ideas/small-entryway-accent-wall/931211803205/,https://www.pinterest.com/ideas/small-entryway-accent-wall/931211803205/
entryway ideas paint wall colors,5,32,75,0,"Sep 17, 2026",911866394762,Home Decor > Entryway > Entryway Paint > Entryway Ideas Paint Wall Colors,https://www.pinterest.com/ideas/home-decor/935249274030/ > https://www.pinterest.com/ideas/entryway/947659681346/ > https://www.pinterest.com/ideas/entryway-paint/895544131331/ > https://www.pinterest.com/ideas/entryway-ideas-paint-wall-colors/911866394762/,https://www.pinterest.com/ideas/entryway-ideas-paint-wall-colors/911866394762/
understairs entryway ideas,3,26,75,0,"Sep 15, 2026",913823589907,Home Decor > Entryway > Entryway Ideas > Understairs Entryway Ideas,https://www.pinterest.com/ideas/home-decor/935249274030/ > https://www.pinterest.com/ideas/entryway/947659681346/ > https://www.pinterest.com/ideas/entryway-ideas/939790496305/ > https://www.pinterest.com/ideas/understairs-entryway-ideas/913823589907/,https://www.pinterest.com/ideas/understairs-entryway-ideas/913823589907/
entryway decor dark wood floors,5,31,75,0,"Sep 17, 2026",952685830360,Home Decor > Entryway > Entryway Decor > Entryway Decor Dark Wood Floors,https://www.pinterest.com/ideas/home-decor/935249274030/ > https://www.pinterest.com/ideas/entryway/947659681346/ > https://www.pinterest.com/ideas/entryway-decor/921715628295/ > https://www.pinterest.com/ideas/entryway-decor-dark-wood-floors/952685830360/,https://www.pinterest.com/ideas/entryway-decor-dark-wood-floors/952685830360/
entryway decor by stairs,4,24,74,0,"Sep 17, 2026",958712520443,Home Decor > Entryway > Entryway Decor > Entryway Decor By Stairs,https://www.pinterest.com/ideas/home-decor/935249274030/ > https://www.pinterest.com/ideas/entryway/947659681346/ > https://www.pinterest.com/ideas/entryway-decor/921715628295/ > https://www.pinterest.com/ideas/entryway-decor-by-stairs/958712520443/,https://www.pinterest.com/ideas/entryway-decor-by-stairs/958712520443/
entryway ideas ikea shoe cabinet,5,32,74,0,"Sep 17, 2026",936226030680,Home Decor > Furniture > Cabinet Styles > Entryway Ideas Ikea Shoe Cabinet,https://www.pinterest.com/ideas/home-decor/935249274030/ > https://www.pinterest.com/ideas/furniture/936760250909/ > https://www.pinterest.com/ideas/cabinet-styles/936963862858/ > https://www.pinterest.com/ideas/entryway-ideas-ikea-shoe-cabinet/936226030680/,https://www.pinterest.com/ideas/entryway-ideas-ikea-shoe-cabinet/936226030680/
entryway decor narrow front entry,5,33,74,0,"Sep 15, 2026",915661042512,Home Decor > Entryway > Entryway Decor > Entryway Decor Narrow Front Entry,https://www.pinterest.com/ideas/home-decor/935249274030/ > https://www.pinterest.com/ideas/entryway/947659681346/ > https://www.pinterest.com/ideas/entryway-decor/921715628295/ > https://www.pinterest.com/ideas/entryway-decor-narrow-front-entry/915661042512/,https://www.pinterest.com/ideas/entryway-decor-narrow-front-entry/915661042512/
entryway ideas round mirror,4,27,73,0,"Sep 17, 2026",898655144501,Home Decor > Entryway > Entryway Ideas > Entryway Ideas Round Mirror,https://www.pinterest.com/ideas/home-decor/935249274030/ > https://www.pinterest.com/ideas/entryway/947659681346/ > https://www.pinterest.com/ideas/entryway-ideas/939790496305/ > https://www.pinterest.com/ideas/entryway-ideas-round-mirror/898655144501/,https://www.pinterest.com/ideas/entryway-ideas-round-mirror/898655144501/
entryway update,2,15,72,0,"Sep 17, 2026",932764945080,Home Decor > Entryway > Entryway Ideas > Entryway Update,https://www.pinterest.com/ideas/home-decor/935249274030/ > https://www.pinterest.com/ideas/entryway/947659681346/ > https://www.pinterest.com/ideas/entryway-ideas/939790496305/ > https://www.pinterest.com/ideas/entryway-update/932764945080/,https://www.pinterest.com/ideas/entryway-update/932764945080/
entryway decor open concept,4,27,71,0,"Sep 17, 2026",954819599184,Home Decor > Entryway > Entryway Decor > Entryway Decor Open Concept,https://www.pinterest.com/ideas/home-decor/935249274030/ > https://www.pinterest.com/ideas/entryway/947659681346/ > https://www.pinterest.com/ideas/entryway-decor/921715628295/ > https://www.pinterest.com/ideas/entryway-decor-open-concept/954819599184/,https://www.pinterest.com/ideas/entryway-decor-open-concept/954819599184/
entryway decor under stairs,4,27,71,0,"Aug 31, 2026",934776409062,Home Decor > Entryway > Entryway Decor > Entryway Decor Under Stairs,https://www.pinterest.com/ideas/home-decor/935249274030/ > https://www.pinterest.com/ideas/entryway/947659681346/ > https://www.pinterest.com/ideas/entryway-decor/921715628295/ > https://www.pinterest.com/ideas/entryway-decor-under-stairs/934776409062/,https://www.pinterest.com/ideas/entryway-decor-under-stairs/934776409062/
small entryway gallery wall,4,27,69,0,"Sep 17, 2026",949137932884,Home Decor > Entryway > Entryway Wall Art > Small Entryway Gallery Wall,https://www.pinterest.com/ideas/home-decor/935249274030/ > https://www.pinterest.com/ideas/entryway/947659681346/ > https://www.pinterest.com/ideas/entryway-wall-art/924844456068/ > https://www.pinterest.com/ideas/small-entryway-gallery-wall/949137932884/,https://www.pinterest.com/ideas/small-entryway-gallery-wall/949137932884/
entryway decor traditional,3,26,69,0,"Sep 17, 2026",946214252104,Home Decor > Entryway > Entryway Decor > Entryway Decor Traditional,https://www.pinterest.com/ideas/home-decor/935249274030/ > https://www.pinterest.com/ideas/entryway/947659681346/ > https://www.pinterest.com/ideas/entryway-decor/921715628295/ > https://www.pinterest.com/ideas/entryway-decor-traditional/946214252104/,https://www.pinterest.com/ideas/entryway-decor-traditional/946214252104/
small entryway board and batten,5,31,68,0,"Sep 17, 2026",909793287219,Home Decor > Entryway > Small Entryway Board And Batten,https://www.pinterest.com/ideas/home-decor/935249274030/ > https://www.pinterest.com/ideas/entryway/947659681346/ > https://www.pinterest.com/ideas/small-entryway-board-and-batten/909793287219/,https://www.pinterest.com/ideas/small-entryway-board-and-batten/909793287219/
entryway decor functional,3,25,67,0,"Sep 15, 2026",898630834101,Home Decor > Entryway > Entryway Decor > Entryway Decor Functional,https://www.pinterest.com/ideas/home-decor/935249274030/ > https://www.pinterest.com/ideas/entryway/947659681346/ > https://www.pinterest.com/ideas/entryway-decor/921715628295/ > https://www.pinterest.com/ideas/entryway-decor-functional/898630834101/,https://www.pinterest.com/ideas/entryway-decor-functional/898630834101/
small entryway bench and coat rack,6,34,67,0,"Sep 15, 2026",920667258448,Home Decor > Entryway > Entryway Coat Rack > Small Entryway Bench And Coat Rack,https://www.pinterest.com/ideas/home-decor/935249274030/ > https://www.pinterest.com/ideas/entryway/947659681346/ > https://www.pinterest.com/ideas/entryway-coat-rack/908024983478/ > https://www.pinterest.com/ideas/small-entryway-bench-and-coat-rack/920667258448/,https://www.pinterest.com/ideas/small-entryway-bench-and-coat-rack/920667258448/
entryway decor for apartment,4,28,67,0,"Sep 15, 2026",908659823668,Home Decor > Entryway > Entryway Decor > Entryway Decor For Apartment,https://www.pinterest.com/ideas/home-decor/935249274030/ > https://www.pinterest.com/ideas/entryway/947659681346/ > https://www.pinterest.com/ideas/entryway-decor/921715628295/ > https://www.pinterest.com/ideas/entryway-decor-for-apartment/908659823668/,https://www.pinterest.com/ideas/entryway-decor-for-apartment/908659823668/
small entryway lamp,3,19,66,0,"Sep 15, 2026",913101285623,Home Decor > Entryway > Entryway Decor > Small Entryway Lamp,https://www.pinterest.com/ideas/home-decor/935249274030/ > https://www.pinterest.com/ideas/entryway/947659681346/ > https://www.pinterest.com/ideas/entryway-decor/921715628295/ > https://www.pinterest.com/ideas/small-entryway-lamp/913101285623/,https://www.pinterest.com/ideas/small-entryway-lamp/913101285623/
entryway xmas decor ideas,4,25,64,0,"Jul 13, 2026",929177438826,Home Decor > Entryway Xmas Decor Ideas,https://www.pinterest.com/ideas/home-decor/935249274030/ > https://www.pinterest.com/ideas/entryway-xmas-decor-ideas/929177438826/,https://www.pinterest.com/ideas/entryway-xmas-decor-ideas/929177438826/
entryway ideas antique,3,22,62,0,"Sep 17, 2026",908872162312,Home Decor > Entryway > Entryway Ideas > Entryway Ideas Antique,https://www.pinterest.com/ideas/home-decor/935249274030/ > https://www.pinterest.com/ideas/entryway/947659681346/ > https://www.pinterest.com/ideas/entryway-ideas/939790496305/ > https://www.pinterest.com/ideas/entryway-ideas-antique/908872162312/,https://www.pinterest.com/ideas/entryway-ideas-antique/908872162312/
entryway decor round table,4,26,61,0,"Sep 17, 2026",943906354993,Home Decor > Entryway > Entryway Decor > Entryway Decor Round Table,https://www.pinterest.com/ideas/home-decor/935249274030/ > https://www.pinterest.com/ideas/entryway/947659681346/ > https://www.pinterest.com/ideas/entryway-decor/921715628295/ > https://www.pinterest.com/ideas/entryway-decor-round-table/943906354993/,https://www.pinterest.com/ideas/entryway-decor-round-table/943906354993/
entryway ideas victorian,3,24,61,0,"Sep 15, 2026",933242178606,Home Decor > Entryway > Entryway Ideas > Entryway Ideas Victorian,https://www.pinterest.com/ideas/home-decor/935249274030/ > https://www.pinterest.com/ideas/entryway/947659681346/ > https://www.pinterest.com/ideas/entryway-ideas/939790496305/ > https://www.pinterest.com/ideas/entryway-ideas-victorian/933242178606/,https://www.pinterest.com/ideas/entryway-ideas-victorian/933242178606/
entryway decor high ceiling,4,27,60,0,"Sep 15, 2026",945392231416,Home Decor > Entryway > Entryway Decor > Entryway Decor High Ceiling,https://www.pinterest.com/ideas/home-decor/935249274030/ > https://www.pinterest.com/ideas/entryway/947659681346/ > https://www.pinterest.com/ideas/entryway-decor/921715628295/ > https://www.pinterest.com/ideas/entryway-decor-high-ceiling/945392231416/,https://www.pinterest.com/ideas/entryway-decor-high-ceiling/945392231416/
entryway ideas near stairs,4,26,60,0,"Sep 10, 2026",939400138980,Home Decor > Entryway > Entryway Ideas > Entryway Ideas Near Stairs,https://www.pinterest.com/ideas/home-decor/935249274030/ > https://www.pinterest.com/ideas/entryway/947659681346/ > https://www.pinterest.com/ideas/entryway-ideas/939790496305/ > https://www.pinterest.com/ideas/entryway-ideas-near-stairs/939400138980/,https://www.pinterest.com/ideas/entryway-ideas-near-stairs/939400138980/
entryway decor round mirror,4,27,59,0,"Sep 17, 2026",931042109782,Home Decor > Entryway > Entryway Decor > Entryway Decor Round Mirror,https://www.pinterest.com/ideas/home-decor/935249274030/ > https://www.pinterest.com/ideas/entryway/947659681346/ > https://www.pinterest.com/ideas/entryway-decor/921715628295/ > https://www.pinterest.com/ideas/entryway-decor-round-mirror/931042109782/,https://www.pinterest.com/ideas/entryway-decor-round-mirror/931042109782/
apartment entryway wallpaper,3,28,59,0,"Sep 17, 2026",926806206954,Home Decor > Entryway > Entryway Decor > Apartment Entryway Wallpaper,https://www.pinterest.com/ideas/home-decor/935249274030/ > https://www.pinterest.com/ideas/entryway/947659681346/ > https://www.pinterest.com/ideas/entryway-decor/921715628295/ > https://www.pinterest.com/ideas/apartment-entryway-wallpaper/926806206954/,https://www.pinterest.com/ideas/apartment-entryway-wallpaper/926806206954/
small entryway round table,4,26,59,0,"Sep 10, 2026",953728289887,Home Decor > Entryway > Entry Table > Small Entryway Round Table,https://www.pinterest.com/ideas/home-decor/935249274030/ > https://www.pinterest.com/ideas/entryway/947659681346/ > https://www.pinterest.com/ideas/entry-table/893952468325/ > https://www.pinterest.com/ideas/small-entryway-round-table/953728289887/,https://www.pinterest.com/ideas/small-entryway-round-table/953728289887/
apartment entryway wall decor,4,29,58,0,"Sep 17, 2026",959710828365,Home Decor > Entryway > Entryway Wall Art > Apartment Entryway Wall Decor,https://www.pinterest.com/ideas/home-decor/935249274030/ > https://www.pinterest.com/ideas/entryway/947659681346/ > https://www.pinterest.com/ideas/entryway-wall-art/924844456068/ > https://www.pinterest.com/ideas/apartment-entryway-wall-decor/959710828365/,https://www.pinterest.com/ideas/apartment-entryway-wall-decor/959710828365/
entryway ideas japanese,3,23,56,0,"Sep 17, 2026",905617402651,Home Decor > Entryway > Entryway Ideas > Entryway Ideas Japanese,https://www.pinterest.com/ideas/home-decor/935249274030/ > https://www.pinterest.com/ideas/entryway/947659681346/ > https://www.pinterest.com/ideas/entryway-ideas/939790496305/ > https://www.pinterest.com/ideas/entryway-ideas-japanese/905617402651/,https://www.pinterest.com/ideas/entryway-ideas-japanese/905617402651/
entryway decor for shoes,4,24,55,0,"Aug 31, 2026",898700640011,Home Decor > Entryway > Entryway Decor > Entryway Decor For Shoes,https://www.pinterest.com/ideas/home-decor/935249274030/ > https://www.pinterest.com/ideas/entryway/947659681346/ > https://www.pinterest.com/ideas/entryway-decor/921715628295/ > https://www.pinterest.com/ideas/entryway-decor-for-shoes/898700640011/,https://www.pinterest.com/ideas/entryway-decor-for-shoes/898700640011/
entryway decor bench and mirror,5,31,54,0,"Sep 15, 2026",945872954106,Home Decor > Entryway > Entryway Decor > Entryway Decor Bench And Mirror,https://www.pinterest.com/ideas/home-decor/935249274030/ > https://www.pinterest.com/ideas/entryway/947659681346/ > https://www.pinterest.com/ideas/entryway-decor/921715628295/ > https://www.pinterest.com/ideas/entryway-decor-bench-and-mirror/945872954106/,https://www.pinterest.com/ideas/entryway-decor-bench-and-mirror/945872954106/
small entryway tile floor ideas,5,31,54,0,"Sep 17, 2026",906338008606,Small Entryway Tile Floor Ideas,https://www.pinterest.com/ideas/small-entryway-tile-floor-ideas/906338008606/,https://www.pinterest.com/ideas/small-entryway-tile-floor-ideas/906338008606/
entryway decor modern farmhouse,4,31,54,0,"Sep 17, 2026",904891375508,Home Decor > Entryway > Entryway Decor > Entryway Decor Modern Farmhouse,https://www.pinterest.com/ideas/home-decor/935249274030/ > https://www.pinterest.com/ideas/entryway/947659681346/ > https://www.pinterest.com/ideas/entryway-decor/921715628295/ > https://www.pinterest.com/ideas/entryway-decor-modern-farmhouse/904891375508/,https://www.pinterest.com/ideas/entryway-decor-modern-farmhouse/904891375508/
entryway exterior ideas front entrances,5,39,54,0,"Aug 18, 2026",902396134868,Home Decor > Entryway > Front Door Decor > Entryway Exterior Ideas Front Entrances,https://www.pinterest.com/ideas/home-decor/935249274030/ > https://www.pinterest.com/ideas/entryway/947659681346/ > https://www.pinterest.com/ideas/front-door-decor/950080963447/ > https://www.pinterest.com/ideas/entryway-exterior-ideas-front-entrances/902396134868/,https://www.pinterest.com/ideas/entryway-exterior-ideas-front-entrances/902396134868/
entryway ideas art deco,4,23,53,0,"Sep 17, 2026",954697733894,Art > Entryway Ideas Art Deco,https://www.pinterest.com/ideas/art/961238559656/ > https://www.pinterest.com/ideas/entryway-ideas-art-deco/954697733894/,https://www.pinterest.com/ideas/entryway-ideas-art-deco/954697733894/
entryway ideas halloween,3,24,52,0,"Jan 31, 2026",893455797296,Home Decor > Entryway Ideas Halloween,https://www.pinterest.com/ideas/home-decor/935249274030/ > https://www.pinterest.com/ideas/entryway-ideas-halloween/893455797296/,https://www.pinterest.com/ideas/entryway-ideas-halloween/893455797296/
entryway decor gold,3,19,51,0,"Sep 17, 2026",897786125013,Home Decor > Entryway > Entryway Decor > Entryway Decor Gold,https://www.pinterest.com/ideas/home-decor/935249274030/ > https://www.pinterest.com/ideas/entryway/947659681346/ > https://www.pinterest.com/ideas/entryway-decor/921715628295/ > https://www.pinterest.com/ideas/entryway-decor-gold/897786125013/,https://www.pinterest.com/ideas/entryway-decor-gold/897786125013/
entryway table decor 3 shelves,5,30,50,0,"Sep 17, 2026",904191125722,Home Decor > Entryway > Entryway Table Decor 3 Shelves,https://www.pinterest.com/ideas/home-decor/935249274030/ > https://www.pinterest.com/ideas/entryway/947659681346/ > https://www.pinterest.com/ideas/entryway-table-decor-3-shelves/904191125722/,https://www.pinterest.com/ideas/entryway-table-decor-3-shelves/904191125722/
small entryway paneling,3,23,49,0,"Sep 15, 2026",935669865805,Home Decor > Entryway > Entryway Ideas > Small Entryway Paneling,https://www.pinterest.com/ideas/home-decor/935249274030/ > https://www.pinterest.com/ideas/entryway/947659681346/ > https://www.pinterest.com/ideas/entryway-ideas/939790496305/ > https://www.pinterest.com/ideas/small-entryway-paneling/935669865805/,https://www.pinterest.com/ideas/small-entryway-paneling/935669865805/
entryway decor large mirror,4,27,49,0,"Aug 23, 2026",938293941596,Home Decor > Entryway > Entryway Decor > Entryway Decor Large Mirror,https://www.pinterest.com/ideas/home-decor/935249274030/ > https://www.pinterest.com/ideas/entryway/947659681346/ > https://www.pinterest.com/ideas/entryway-decor/921715628295/ > https://www.pinterest.com/ideas/entryway-decor-large-mirror/938293941596/,https://www.pinterest.com/ideas/entryway-decor-large-mirror/938293941596/
entryway ideas industrial,3,25,47,0,"Aug 18, 2026",951752121917,Home Decor > Entryway > Entryway Ideas > Entryway Ideas Industrial,https://www.pinterest.com/ideas/home-decor/935249274030/ > https://www.pinterest.com/ideas/entryway/947659681346/ > https://www.pinterest.com/ideas/entryway-ideas/939790496305/ > https://www.pinterest.com/ideas/entryway-ideas-industrial/951752121917/,https://www.pinterest.com/ideas/entryway-ideas-industrial/951752121917/
apartment entryway design ideas,4,31,46,0,"Sep 15, 2026",949947899705,Apartment Entryway Design Ideas,https://www.pinterest.com/ideas/apartment-entryway-design-ideas/949947899705/,https://www.pinterest.com/ideas/apartment-entryway-design-ideas/949947899705/
small entryway hall tree,4,24,44,0,"Sep 17, 2026",928187111745,Home Decor > Entryway > Small Entryway Hall Tree,https://www.pinterest.com/ideas/home-decor/935249274030/ > https://www.pinterest.com/ideas/entryway/947659681346/ > https://www.pinterest.com/ideas/small-entryway-hall-tree/928187111745/,https://www.pinterest.com/ideas/small-entryway-hall-tree/928187111745/
small entryway ideas japandi,4,28,44,0,"Sep 17, 2026",944521003092,Home Decor > Entryway > Entryway Ideas > Small Entryway Ideas Japandi,https://www.pinterest.com/ideas/home-decor/935249274030/ > https://www.pinterest.com/ideas/entryway/947659681346/ > https://www.pinterest.com/ideas/entryway-ideas/939790496305/ > https://www.pinterest.com/ideas/small-entryway-ideas-japandi/944521003092/,https://www.pinterest.com/ideas/small-entryway-ideas-japandi/944521003092/
small entryway ottoman,3,22,43,0,"Sep 15, 2026",896151315603,Home Decor > Entryway > Small Entryway Ottoman,https://www.pinterest.com/ideas/home-decor/935249274030/ > https://www.pinterest.com/ideas/entryway/947659681346/ > https://www.pinterest.com/ideas/small-entryway-ottoman/896151315603/,https://www.pinterest.com/ideas/small-entryway-ottoman/896151315603/
small entryway remodel,3,22,43,0,"Sep 15, 2026",945139600560,Design > Interior Design > House Design > Small Entryway Remodel,https://www.pinterest.com/ideas/design/902065567321/ > https://www.pinterest.com/ideas/interior-design/922773544354/ > https://www.pinterest.com/ideas/house-design/899991296769/ > https://www.pinterest.com/ideas/small-entryway-remodel/945139600560/,https://www.pinterest.com/ideas/small-entryway-remodel/945139600560/
entryway decor black and white,5,30,42,0,"Sep 15, 2026",903907806642,Home Decor > Entryway > Entryway Decor > Entryway Decor Black And White,https://www.pinterest.com/ideas/home-decor/935249274030/ > https://www.pinterest.com/ideas/entryway/947659681346/ > https://www.pinterest.com/ideas/entryway-decor/921715628295/ > https://www.pinterest.com/ideas/entryway-decor-black-and-white/903907806642/,https://www.pinterest.com/ideas/entryway-decor-black-and-white/903907806642/
small entryway halloween decor,4,30,41,0,"Sep 17, 2026",957701757225,Home Decor > Small Entryway Halloween Decor,https://www.pinterest.com/ideas/home-decor/935249274030/ > https://www.pinterest.com/ideas/small-entryway-halloween-decor/957701757225/,https://www.pinterest.com/ideas/small-entryway-halloween-decor/957701757225/
entryway ideas neutral,3,22,41,0,"Sep 17, 2026",955912707237,Home Decor > Entryway > Entryway Ideas > Entryway Ideas Neutral,https://www.pinterest.com/ideas/home-decor/935249274030/ > https://www.pinterest.com/ideas/entryway/947659681346/ > https://www.pinterest.com/ideas/entryway-ideas/939790496305/ > https://www.pinterest.com/ideas/entryway-ideas-neutral/955912707237/,https://www.pinterest.com/ideas/entryway-ideas-neutral/955912707237/
small entryway from garage,4,26,41,0,"Sep 17, 2026",936911242158,Architecture > Residential Architecture > Small Entryway From Garage,https://www.pinterest.com/ideas/architecture/918105274631/ > https://www.pinterest.com/ideas/residential-architecture/917763335785/ > https://www.pinterest.com/ideas/small-entryway-from-garage/936911242158/,https://www.pinterest.com/ideas/small-entryway-from-garage/936911242158/
entryway ideas grey walls,4,25,40,0,"Sep 17, 2026",915715518027,Home Decor > Entryway > Entryway Ideas > Entryway Ideas Grey Walls,https://www.pinterest.com/ideas/home-decor/935249274030/ > https://www.pinterest.com/ideas/entryway/947659681346/ > https://www.pinterest.com/ideas/entryway-ideas/939790496305/ > https://www.pinterest.com/ideas/entryway-ideas-grey-walls/915715518027/,https://www.pinterest.com/ideas/entryway-ideas-grey-walls/915715518027/
entryway ideas vaulted ceiling,4,30,40,0,"Sep 15, 2026",951217359710,Home Decor > Entryway > Entryway Ideas > Entryway Ideas Vaulted Ceiling,https://www.pinterest.com/ideas/home-decor/935249274030/ > https://www.pinterest.com/ideas/entryway/947659681346/ > https://www.pinterest.com/ideas/entryway-ideas/939790496305/ > https://www.pinterest.com/ideas/entryway-ideas-vaulted-ceiling/951217359710/,https://www.pinterest.com/ideas/entryway-ideas-vaulted-ceiling/951217359710/
entryway ideas picture wall,4,27,39,0,"Sep 15, 2026",907912418000,Home Decor > Entryway > Entryway Ideas > Entryway Ideas Picture Wall,https://www.pinterest.com/ideas/home-decor/935249274030/ > https://www.pinterest.com/ideas/entryway/947659681346/ > https://www.pinterest.com/ideas/entryway-ideas/939790496305/ > https://www.pinterest.com/ideas/entryway-ideas-picture-wall/907912418000/,https://www.pinterest.com/ideas/entryway-ideas-picture-wall/907912418000/
small entryway organizer,3,24,37,0,"Sep 15, 2026",911855218024,Small Entryway Organizer,https://www.pinterest.com/ideas/small-entryway-organizer/911855218024/,https://www.pinterest.com/ideas/small-entryway-organizer/911855218024/
umbrella stand entryway decor,4,29,37,0,"Sep 17, 2026",941541618855,Umbrella Stand Entryway Decor,https://www.pinterest.com/ideas/umbrella-stand-entryway-decor/941541618855/,https://www.pinterest.com/ideas/umbrella-stand-entryway-decor/941541618855/
entryway decor large,3,20,33,0,"Sep 17, 2026",938615237001,Home Decor > Entryway > Entryway Decor > Entryway Decor Large,https://www.pinterest.com/ideas/home-decor/935249274030/ > https://www.pinterest.com/ideas/entryway/947659681346/ > https://www.pinterest.com/ideas/entryway-decor/921715628295/ > https://www.pinterest.com/ideas/entryway-decor-large/938615237001/,https://www.pinterest.com/ideas/entryway-decor-large/938615237001/
entryway decor pictures wall galleries,5,38,32,0,"Sep 15, 2026",894077022596,Home Decor > Entryway > Entryway Decor > Entryway Decor Pictures Wall Galleries,https://www.pinterest.com/ideas/home-decor/935249274030/ > https://www.pinterest.com/ideas/entryway/947659681346/ > https://www.pinterest.com/ideas/entryway-decor/921715628295/ > https://www.pinterest.com/ideas/entryway-decor-pictures-wall-galleries/894077022596/,https://www.pinterest.com/ideas/entryway-decor-pictures-wall-galleries/894077022596/
apartment entryway furniture,3,28,30,0,"Sep 15, 2026",951207732696,Home Decor > Entryway > Apartment Entryway Furniture,https://www.pinterest.com/ideas/home-decor/935249274030/ > https://www.pinterest.com/ideas/entryway/947659681346/ > https://www.pinterest.com/ideas/apartment-entryway-furniture/951207732696/,https://www.pinterest.com/ideas/apartment-entryway-furniture/951207732696/
small entryway photo wall,4,25,30,0,"Sep 17, 2026",952235356380,Home Decor > Entryway > Entryway Wall Art > Small Entryway Photo Wall,https://www.pinterest.com/ideas/home-decor/935249274030/ > https://www.pinterest.com/ideas/entryway/947659681346/ > https://www.pinterest.com/ideas/entryway-wall-art/924844456068/ > https://www.pinterest.com/ideas/small-entryway-photo-wall/952235356380/,https://www.pinterest.com/ideas/small-entryway-photo-wall/952235356380/
small entryway garden ideas,4,27,30,0,"Sep 15, 2026",959240279076,Small Entryway Garden Ideas,https://www.pinterest.com/ideas/small-entryway-garden-ideas/959240279076/,https://www.pinterest.com/ideas/small-entryway-garden-ideas/959240279076/
entryway decor elegant,3,22,29,0,"Sep 17, 2026",896985017617,Home Decor > Entryway > Entryway Decor > Entryway Decor Elegant,https://www.pinterest.com/ideas/home-decor/935249274030/ > https://www.pinterest.com/ideas/entryway/947659681346/ > https://www.pinterest.com/ideas/entryway-decor/921715628295/ > https://www.pinterest.com/ideas/entryway-decor-elegant/896985017617/,https://www.pinterest.com/ideas/entryway-decor-elegant/896985017617/
3 shelf entryway table decor,5,28,29,0,"Jul 21, 2026",956780802818,Home Decor > Entryway > Entry Table > 3 Shelf Entryway Table Decor,https://www.pinterest.com/ideas/home-decor/935249274030/ > https://www.pinterest.com/ideas/entryway/947659681346/ > https://www.pinterest.com/ideas/entry-table/893952468325/ > https://www.pinterest.com/ideas/3-shelf-entryway-table-decor/956780802818/,https://www.pinterest.com/ideas/3-shelf-entryway-table-decor/956780802818/
small entryway exterior,3,23,27,0,"Sep 15, 2026",903338691017,Architecture > Small Entryway Exterior,https://www.pinterest.com/ideas/architecture/918105274631/ > https://www.pinterest.com/ideas/small-entryway-exterior/903338691017/,https://www.pinterest.com/ideas/small-entryway-exterior/903338691017/
small entryway makeover ideas,4,29,27,0,"Sep 15, 2026",958250100679,Small Entryway Makeover Ideas,https://www.pinterest.com/ideas/small-entryway-makeover-ideas/958250100679/,https://www.pinterest.com/ideas/small-entryway-makeover-ideas/958250100679/
small entryway ottoman ideas,4,28,27,0,"Sep 15, 2026",949276535107,not-given,not-given,https://www.pinterest.com/ideas/small-entryway-ottoman-ideas/949276535107/
small entryway accent table,4,27,23,0,"Sep 17, 2026",937957108645,Small Entryway Accent Table,https://www.pinterest.com/ideas/small-entryway-accent-table/937957108645/,https://www.pinterest.com/ideas/small-entryway-accent-table/937957108645/
12 foot ceiling entryway,4,24,19,0,"Sep 17, 2026",937112568379,not-given,not-given,https://www.pinterest.com/ideas/12-foot-ceiling-entryway/937112568379/
5x8 entryway rug,3,16,18,0,"Sep 17, 2026",945161230618,5x8 Entryway Rug,https://www.pinterest.com/ideas/5x8-entryway-rug/945161230618/,https://www.pinterest.com/ideas/5x8-entryway-rug/945161230618/
2 story foyer decorating ideas entryway,6,39,17,0,"Sep 17, 2026",896439551831,Home Decor > Entryway > Entryway Ideas > 2 Story Foyer Decorating Ideas Entryway,https://www.pinterest.com/ideas/home-decor/935249274030/ > https://www.pinterest.com/ideas/entryway/947659681346/ > https://www.pinterest.com/ideas/entryway-ideas/939790496305/ > https://www.pinterest.com/ideas/2-story-foyer-decorating-ideas-entryway/896439551831/,https://www.pinterest.com/ideas/2-story-foyer-decorating-ideas-entryway/896439551831/
unique entryway decor ideas,4,27,9,0,"Sep 15, 2026",953061082278,Home Decor > Entryway > Entryway Decor > Unique Entryway Decor Ideas,https://www.pinterest.com/ideas/home-decor/935249274030/ > https://www.pinterest.com/ideas/entryway/947659681346/ > https://www.pinterest.com/ideas/entryway-decor/921715628295/ > https://www.pinterest.com/ideas/unique-entryway-decor-ideas/953061082278/,https://www.pinterest.com/ideas/unique-entryway-decor-ideas/953061082278/
inspirational quotes for entryway,4,33,9,0,"Sep 15, 2026",925369552305,Inspirational Quotes For Entryway,https://www.pinterest.com/ideas/inspirational-quotes-for-entryway/925369552305/,https://www.pinterest.com/ideas/inspirational-quotes-for-entryway/925369552305/
quatrefoil mirror entryway,3,26,9,0,"Sep 17, 2026",915036240007,Home Decor > Entryway > Entryway Decor > Quatrefoil Mirror Entryway,https://www.pinterest.com/ideas/home-decor/935249274030/ > https://www.pinterest.com/ideas/entryway/947659681346/ > https://www.pinterest.com/ideas/entryway-decor/921715628295/ > https://www.pinterest.com/ideas/quatrefoil-mirror-entryway/915036240007/,https://www.pinterest.com/ideas/quatrefoil-mirror-entryway/915036240007/
small foyer ideas entryway japandi,5,34,not-found,not-found,not-found,not-found,not-given,not-given,not-found
jacket hanger entryway small space,5,34,not-found,not-found,not-found,not-found,not-given,not-given,not-found
small entryway ideas jackets,4,28,not-found,not-found,not-found,not-found,not-given,not-given,not-found
small entryway jackets,3,22,not-found,not-found,not-found,not-found,not-given,not-given,not-found
small entryway japanese,3,23,not-found,not-found,not-found,not-found,not-given,not-given,not-found
entryway ideas long,3,19,not-found,not-found,not-found,not-found,not-given,not-given,not-found
small entryway jacket storage,4,29,not-found,not-found,not-found,not-found,not-given,not-given,not-found
entryway ideas living room front doors,6,38,not-found,not-found,not-found,not-found,not-given,not-given,not-found
entryway ideas light,3,20,not-found,not-found,not-found,not-found,not-given,not-given,not-found
small entryway house,3,20,not-found,not-found,not-found,not-found,not-given,not-given,not-found
small entryway hanging light,4,28,not-found,not-found,not-found,not-found,not-given,not-given,not-found
entryway ideas mudroom,3,22,not-found,not-found,not-found,not-found,not-given,not-given,not-found
entryway ideas mirror,3,21,not-found,not-found,not-found,not-found,not-given,not-given,not-found
small entryway hall ideas,4,25,not-found,not-found,not-found,not-found,not-given,not-given,not-found
small entryway hall,3,19,not-found,not-found,not-found,not-found,not-given,not-given,not-found
entryway ideas mcm,3,18,not-found,not-found,not-found,not-found,not-given,not-given,not-found
small entryway with stairs going up,6,35,not-found,not-found,not-found,not-found,not-given,not-given,not-found
gorgeous small entryway,3,23,not-found,not-found,not-found,not-found,not-given,not-given,not-found
entryway ideas moody,3,20,not-found,not-found,not-found,not-found,not-given,not-given,not-found
small entryway girly,3,20,not-found,not-found,not-found,not-found,not-given,not-given,not-found
small entryway garage,3,21,not-found,not-found,not-found,not-found,not-given,not-given,not-found
entryway ideas narrow hallways,4,30,not-found,not-found,not-found,not-found,not-given,not-given,not-found
entryway ideas no mirror,4,24,not-found,not-found,not-found,not-found,not-given,not-given,not-found
small entryway gallery wall ideas,5,33,not-found,not-found,not-found,not-found,not-given,not-given,not-found
small entryway garden,3,21,not-found,not-found,not-found,not-found,not-given,not-given,not-found
small entryway foyer ideas,4,26,not-found,not-found,not-found,not-found,not-given,not-given,not-found
entryway ideas nancy meyers,4,27,not-found,not-found,not-found,not-found,not-given,not-given,not-found
small entryway front door,4,25,not-found,not-found,not-found,not-found,not-given,not-given,not-found
entryway ideas no foyer,4,23,not-found,not-found,not-found,not-found,not-given,not-given,not-found
small entryway fall decor,4,25,not-found,not-found,not-found,not-found,not-given,not-given,not-found
entryway ideas no wall,4,22,not-found,not-found,not-found,not-found,not-given,not-given,not-found
entryway ideas nook,3,19,not-found,not-found,not-found,not-found,not-given,not-given,not-found
entryway ideas outside,3,22,not-found,not-found,not-found,not-found,not-given,not-given,not-found
small entryway flooring,3,23,not-found,not-found,not-found,not-found,not-given,not-given,not-found
small wall decor ideas living room entryway farmhouse,8,53,not-found,not-found,not-found,not-found,not-given,not-given,not-found
entryway ideas outdoor entrance,4,31,not-found,not-found,not-found,not-found,not-given,not-given,not-found
entryway ideas organization,3,27,not-found,not-found,not-found,not-found,not-given,not-given,not-found
entryway ideas organic modern,4,29,not-found,not-found,not-found,not-found,not-given,not-given,not-found
entryway ideas open,3,19,not-found,not-found,not-found,not-found,not-given,not-given,not-found
entryway ideas outside front entry,5,34,not-found,not-found,not-found,not-found,not-given,not-given,not-found
entryway ideas office,3,21,not-found,not-found,not-found,not-found,not-given,not-given,not-found
entryway ideas old house,4,24,not-found,not-found,not-found,not-found,not-given,not-given,not-found
small entryway decor narrow hallways,5,36,not-found,not-found,not-found,not-found,not-given,not-given,not-found
small entryway decor ideas modern,5,33,not-found,not-found,not-found,not-found,not-given,not-given,not-found
small entryway decor apartment,4,30,not-found,not-found,not-found,not-found,not-given,not-given,not-found
small entryway drop zone ideas,5,30,not-found,not-found,not-found,not-found,not-given,not-given,not-found
small entryway console table,4,28,not-found,not-found,not-found,not-found,not-given,not-given,not-found
entryway ideas photos,3,21,not-found,not-found,not-found,not-found,not-given,not-given,not-found
entryway ideas photo wall,4,25,not-found,not-found,not-found,not-found,not-given,not-given,not-found
entryway ideas practical,3,24,not-found,not-found,not-found,not-found,not-given,not-given,not-found
entryway ideas painting,3,23,not-found,not-found,not-found,not-found,not-given,not-given,not-found
entryway ideas party,3,20,not-found,not-found,not-found,not-found,not-given,not-given,not-found
small entryway armoire,3,22,not-found,not-found,not-found,not-found,not-given,not-given,not-found
entryway ideas porch,3,20,not-found,not-found,not-found,not-found,not-given,not-given,not-found
entryway ideas quince,3,21,not-found,not-found,not-found,not-found,not-given,not-given,not-found
quick and easy fall entryway decor ideas,7,40,not-found,not-found,not-found,not-found,not-given,not-given,not-found
entryway ideas for quince,4,25,not-found,not-found,not-found,not-found,not-given,not-given,not-found
entrance ideas entryway quince,4,30,not-found,not-found,not-found,not-found,not-given,not-given,not-found
entrance ideas entryway for quince,5,34,not-found,not-found,not-found,not-found,not-given,not-given,not-found
small entryway ideas narrow hallways,5,36,not-found,not-found,not-found,not-found,not-given,not-given,not-found
entryway ideas 90s,3,18,not-found,not-found,not-found,not-found,not-given,not-given,not-found
entryway ideas rug,3,18,not-found,not-found,not-found,not-found,not-given,not-given,not-found
entryway ideas 70s,3,18,not-found,not-found,not-found,not-found,not-given,not-given,not-found
entryway ideas rental friendly,4,30,not-found,not-found,not-found,not-found,not-given,not-given,not-found
mudroom ideas entryway sims 4,5,29,not-found,not-found,not-found,not-found,not-given,not-given,not-found
entryway ideas room,3,19,not-found,not-found,not-found,not-found,not-given,not-given,not-found
entryway ideas retro,3,20,not-found,not-found,not-found,not-found,not-given,not-given,not-found
entryway ideas ralph lauren,4,27,not-found,not-found,not-found,not-found,not-given,not-given,not-found
entryway ideas runner,3,21,not-found,not-found,not-found,not-found,not-given,not-given,not-found
entryway ideas restaurant,3,25,not-found,not-found,not-found,not-found,not-given,not-given,not-found
entryway ideas rustic modern,4,28,not-found,not-found,not-found,not-found,not-given,not-given,not-found
entryway ideas rugs front doors,5,31,not-found,not-found,not-found,not-found,not-given,not-given,not-found
3 round mirrors on wall ideas entryway,7,38,not-found,not-found,not-found,not-found,not-given,not-given,not-found
foyer ideas entryway 3d warehouse,5,33,not-found,not-found,not-found,not-found,not-given,not-given,not-found
entryway ideas small space,4,26,not-found,not-found,not-found,not-found,not-given,not-given,not-found
foyer ideas entryway 3d,4,23,not-found,not-found,not-found,not-found,not-given,not-given,not-found
3 mirror entryway ideas,4,23,not-found,not-found,not-found,not-found,not-given,not-given,not-found
entryway rug ideas 3x5,4,22,not-found,not-found,not-found,not-found,not-given,not-given,not-found
3 foot entryway ideas,4,21,not-found,not-found,not-found,not-found,not-given,not-given,not-found
3 mirrors on wall ideas entryway,6,32,not-found,not-found,not-found,not-found,not-given,not-given,not-found
3 wall entryway ideas,4,21,not-found,not-found,not-found,not-found,not-given,not-given,not-found
3 tier entryway table decor ideas,6,33,not-found,not-found,not-found,not-found,not-given,not-given,not-found
entryway ideas toca boca maple house,6,36,not-found,not-found,not-found,not-found,not-given,not-given,not-found
entryway ideas with 2 mirrors,5,29,not-found,not-found,not-found,not-found,not-given,not-given,not-found
entryway ideas toca boca free,5,29,not-found,not-found,not-found,not-found,not-given,not-given,not-found
2 sided entryway ideas,4,22,not-found,not-found,not-found,not-found,not-given,not-given,not-found
2 door entryway ideas,4,21,not-found,not-found,not-found,not-found,not-given,not-given,not-found
2 story foyer ideas entryway farmhouse,6,38,not-found,not-found,not-found,not-found,not-given,not-given,not-found
entryway ideas 2 doors,4,22,not-found,not-found,not-found,not-found,not-given,not-given,not-found
entryway ideas toca boca family house,6,37,not-found,not-found,not-found,not-found,not-given,not-given,not-found
entryway ideas table decor,4,26,not-found,not-found,not-found,not-found,not-given,not-given,not-found
entryway ideas tiles,3,20,not-found,not-found,not-found,not-found,not-given,not-given,not-found
entryway ideas 2 story,4,22,not-found,not-found,not-found,not-found,not-given,not-given,not-found
entryway ideas 2026,3,19,not-found,not-found,not-found,not-found,not-given,not-given,not-found
entryway ideas unique,3,21,not-found,not-found,not-found,not-found,not-given,not-given,not-found
entryway ideas under window,4,27,not-found,not-found,not-found,not-found,not-given,not-given,not-found
entryway ideas useful,3,21,not-found,not-found,not-found,not-found,not-given,not-given,not-found
entryway ideas upstairs,3,23,not-found,not-found,not-found,not-found,not-given,not-given,not-found
entryway ideas umbrella,3,23,not-found,not-found,not-found,not-found,not-given,not-given,not-found
unique bride entry ideas entryway,5,33,not-found,not-found,not-found,not-found,not-given,not-given,not-found
split foyer remodel ideas for entryway update,7,45,not-found,not-found,not-found,not-found,not-given,not-given,not-found
unused entryway ideas,3,21,not-found,not-found,not-found,not-found,not-given,not-given,not-found
outside front door entryway ideas uk,6,36,not-found,not-found,not-found,not-found,not-given,not-given,not-found
small mudroom ideas entryway drop zone entrance,7,47,not-found,not-found,not-found,not-found,not-given,not-given,not-found
drop zone ideas front entryway,5,30,not-found,not-found,not-found,not-found,not-given,not-given,not-found
drop zone ideas entryway shoe storage,6,37,not-found,not-found,not-found,not-found,not-given,not-given,not-found
entryway ideas vintage modern,4,29,not-found,not-found,not-found,not-found,not-given,not-given,not-found
entryway ideas virgencita,3,25,not-found,not-found,not-found,not-found,not-given,not-given,not-found
entryway ideas zen,3,18,not-found,not-found,not-found,not-found,not-given,not-given,not-found
entryway ideas villa,3,20,not-found,not-found,not-found,not-found,not-given,not-given,not-found
entryway ideas video,3,20,not-found,not-found,not-found,not-found,not-given,not-given,not-found
entryway ideas victorian home,4,29,not-found,not-found,not-found,not-found,not-given,not-given,not-found
entryway ideas valentines,3,25,not-found,not-found,not-found,not-found,not-given,not-given,not-found
entryway ideas vintage mirrors,4,30,not-found,not-found,not-found,not-found,not-given,not-given,not-found
entryway ideas vertical,3,23,not-found,not-found,not-found,not-found,not-given,not-given,not-found
entryway ideas vase,3,19,not-found,not-found,not-found,not-found,not-given,not-given,not-found
entryway ideas y2k,3,18,not-found,not-found,not-found,not-found,not-given,not-given,not-found
entryway ideas yellow,3,21,not-found,not-found,not-found,not-found,not-given,not-given,not-found
front door xmas decor ideas entryway,6,36,not-found,not-found,not-found,not-found,not-given,not-given,not-found
apartment entryway with shoe rack,5,33,not-found,not-found,not-found,not-found,not-given,not-given,not-found
entryway ideas apartment vintage,4,32,not-found,not-found,not-found,not-found,not-given,not-given,not-found
victorian apartment entryway,3,28,not-found,not-found,not-found,not-found,not-given,not-given,not-found
parisian apartment entryway decor,4,33,not-found,not-found,not-found,not-found,not-given,not-given,not-found
entryway ideas small apartment photo wall,6,41,not-found,not-found,not-found,not-found,not-given,not-given,not-found
apartment entryway privacy,3,26,not-found,not-found,not-found,not-found,not-given,not-given,not-found
apartment entryway partition,3,28,not-found,not-found,not-found,not-found,not-given,not-given,not-found
apartment entryway paint ideas,4,30,not-found,not-found,not-found,not-found,not-given,not-given,not-found
basement apartment entryway outdoor,4,35,not-found,not-found,not-found,not-found,not-given,not-given,not-found
entryway ideas yard,3,19,not-found,not-found,not-found,not-found,not-given,not-given,not-found
small front yard entryway ideas,5,31,not-found,not-found,not-found,not-found,not-given,not-given,not-found
pale yellow entryway paint ideas,5,32,not-found,not-found,not-found,not-found,not-given,not-given,not-found
front yard entryway landscaping ideas,5,37,not-found,not-found,not-found,not-found,not-given,not-given,not-found
narrow front entryway ideas apartment,5,37,not-found,not-found,not-found,not-found,not-given,not-given,not-found
yellow entryway paint ideas,4,27,not-found,not-found,not-found,not-found,not-given,not-given,not-found
front yard porch and entryway lighting ideas,7,44,not-found,not-found,not-found,not-found,not-given,not-given,not-found
small front yard landscaping ideas entryway columns,7,51,not-found,not-found,not-found,not-found,not-given,not-given,not-found
apartment entryway lobby,3,24,not-found,not-found,not-found,not-found,not-given,not-given,not-found
apartment entryway light fixture,4,32,not-found,not-found,not-found,not-found,not-given,not-given,not-found
drop zone ideas entryway kids,5,29,not-found,not-found,not-found,not-found,not-given,not-given,not-found
drop zone ideas entryway small space kids,7,41,not-found,not-found,not-found,not-found,not-given,not-given,not-found
apartment entryway luxury,3,25,not-found,not-found,not-found,not-found,not-given,not-given,not-found
entryway apartment korea,3,24,not-found,not-found,not-found,not-found,not-given,not-given,not-found
apartment entryway key holder,4,29,not-found,not-found,not-found,not-found,not-given,not-given,not-found
apartment entryway kitchen,3,26,not-found,not-found,not-found,not-found,not-given,not-given,not-found
mudroom ideas entryway with drop zone,6,37,not-found,not-found,not-found,not-found,not-given,not-given,not-found
drop zone ideas no entryway,5,27,not-found,not-found,not-found,not-found,not-given,not-given,not-found
small drop zone ideas entryway,5,30,not-found,not-found,not-found,not-found,not-given,not-given,not-found
19 halloween entryway decor ideas,5,33,not-found,not-found,not-found,not-found,not-given,not-given,not-found
11 home staging tips and stylish entryway ideas for small spaces,11,64,not-found,not-found,not-found,not-found,not-given,not-given,not-found
bloxburg entryway ideas 1 story,5,31,not-found,not-found,not-found,not-found,not-given,not-given,not-found
apartment entryway ideas with storage,5,37,not-found,not-found,not-found,not-found,not-given,not-given,not-found
1920s entryway ideas,3,20,not-found,not-found,not-found,not-found,not-given,not-given,not-found
sweet 16 entrance ideas entryway,5,32,not-found,not-found,not-found,not-found,not-given,not-given,not-found
1930s hallway ideas entryway,4,28,not-found,not-found,not-found,not-found,not-given,not-given,not-found
apartment entryway hall,3,23,not-found,not-found,not-found,not-found,not-given,not-given,not-found
apartment entryway girly,3,24,not-found,not-found,not-found,not-found,not-given,not-given,not-found
entryway ideas 2 sides,4,22,not-found,not-found,not-found,not-found,not-given,not-given,not-found
entryway ideas 2000s,3,20,not-found,not-found,not-found,not-found,not-given,not-given,not-found
entryway ideas 2 walls,4,22,not-found,not-found,not-found,not-found,not-given,not-given,not-found
apartment entryway color,3,24,not-found,not-found,not-found,not-found,not-given,not-given,not-found
apartment entryway cozy,3,23,not-found,not-found,not-found,not-found,not-given,not-given,not-found
entrance small apartment entryway,4,33,not-found,not-found,not-found,not-found,not-given,not-given,not-found
apartment entryway full length mirror,5,37,not-found,not-found,not-found,not-found,not-given,not-given,not-found
entryway table ideas 2026,4,25,not-found,not-found,not-found,not-found,not-given,not-given,not-found
apartment entryway architecture,3,31,not-found,not-found,not-found,not-found,not-given,not-given,not-found
apartment entryway accent wall,4,30,not-found,not-found,not-found,not-found,not-given,not-given,not-found
entryway ideas 3 mirrors,4,24,not-found,not-found,not-found,not-found,not-given,not-given,not-found
apartment entryway hallway,3,26,not-found,not-found,not-found,not-found,not-given,not-given,not-found
apartment entryway decor ideas,4,30,not-found,not-found,not-found,not-found,not-given,not-given,not-found
apartment entryway ideas outside,4,32,not-found,not-found,not-found,not-found,not-given,not-given,not-found
3 tiered entryway table decor,5,29,not-found,not-found,not-found,not-found,not-given,not-given,not-found
entryway table decor ideas 2026,5,31,not-found,not-found,not-found,not-found,not-given,not-given,not-found
entryway wall decor 2026,4,24,not-found,not-found,not-found,not-found,not-given,not-given,not-found
incorporating mirrors into your entryway decor,6,46,not-found,not-found,not-found,not-found,not-given,not-given,not-found
bloxburg entryway ideas 3x4,4,27,not-found,not-found,not-found,not-found,not-given,not-given,not-found
front yard decor ideas entrance entryway,6,40,not-found,not-found,not-found,not-found,not-given,not-given,not-found
entryway table xmas decor,4,25,not-found,not-found,not-found,not-found,not-given,not-given,not-found
entryway ideas 4 kids,4,21,not-found,not-found,not-found,not-found,not-given,not-given,not-found
entryway ideas with stairs sims 4,6,33,not-found,not-found,not-found,not-found,not-given,not-given,not-found
sims 4 big entryway ideas,5,25,not-found,not-found,not-found,not-found,not-given,not-given,not-found
sims 4 entryway ideas stairs,5,28,not-found,not-found,not-found,not-found,not-given,not-given,not-found
front entryway ideas sims 4,5,27,not-found,not-found,not-found,not-found,not-given,not-given,not-found
sims 4 large entryway ideas,5,27,not-found,not-found,not-found,not-found,not-given,not-given,not-found
sims 4 house entryway ideas,5,27,not-found,not-found,not-found,not-found,not-given,not-given,not-found
upper entryway decor,3,20,not-found,not-found,not-found,not-found,not-given,not-given,not-found
entry rugs ideas entryway 5x7,5,29,not-found,not-found,not-found,not-found,not-given,not-given,not-found
entryway decor table ideas,4,26,not-found,not-found,not-found,not-found,not-given,not-given,not-found
entryway ideas 80s,3,18,not-found,not-found,not-found,not-found,not-given,not-given,not-found
entryway decor shelves,3,22,not-found,not-found,not-found,not-found,not-given,not-given,not-found
entryway decor shoe rack,4,24,not-found,not-found,not-found,not-found,not-given,not-given,not-found
entryway decor shelf,3,20,not-found,not-found,not-found,not-found,not-given,not-given,not-found
entryway decor shoes,3,20,not-found,not-found,not-found,not-found,not-given,not-given,not-found
entryway decor shoe cabinet,4,27,not-found,not-found,not-found,not-found,not-given,not-given,not-found
entryway decor small space,4,26,not-found,not-found,not-found,not-found,not-given,not-given,not-found
entryway decor round staircase,4,30,not-found,not-found,not-found,not-found,not-given,not-given,not-found
entryway decor renter friendly,4,30,not-found,not-found,not-found,not-found,not-given,not-given,not-found
entryway decor room,3,19,not-found,not-found,not-found,not-found,not-given,not-given,not-found
entryway decor reception,3,24,not-found,not-found,not-found,not-found,not-given,not-given,not-found
entryway decor rectangular mirror,4,33,not-found,not-found,not-found,not-found,not-given,not-given,not-found
entryway decor radiator cover,4,29,not-found,not-found,not-found,not-found,not-given,not-given,not-found
entryway decor rug,3,18,not-found,not-found,not-found,not-found,not-given,not-given,not-found
small entryway apartment,3,24,not-found,not-found,not-found,not-found,not-given,not-given,not-found
small entryway aesthetic,3,24,not-found,not-found,not-found,not-found,not-given,not-given,not-found
small entryway apartment ideas,4,30,not-found,not-found,not-found,not-found,not-given,not-given,not-found
entryway decor quirky,3,21,not-found,not-found,not-found,not-found,not-given,not-given,not-found
entryway decor quotes,3,21,not-found,not-found,not-found,not-found,not-given,not-given,not-found
entryway decor porch,3,20,not-found,not-found,not-found,not-found,not-given,not-given,not-found
small entryway artwork,3,22,not-found,not-found,not-found,not-found,not-given,not-given,not-found
small entryway and living room,5,30,not-found,not-found,not-found,not-found,not-given,not-given,not-found
entryway decor paneling,3,23,not-found,not-found,not-found,not-found,not-given,not-given,not-found
small entryway alcove,3,21,not-found,not-found,not-found,not-found,not-given,not-given,not-found
entryway decor photo wall,4,25,not-found,not-found,not-found,not-found,not-given,not-given,not-found
small entryway addition,3,23,not-found,not-found,not-found,not-found,not-given,not-given,not-found
entryway decor pink,3,19,not-found,not-found,not-found,not-found,not-given,not-given,not-found
small entryway bench ideas,4,26,not-found,not-found,not-found,not-found,not-given,not-given,not-found
entryway decor on a budget,5,26,not-found,not-found,not-found,not-found,not-given,not-given,not-found
entryway decor on wall,4,22,not-found,not-found,not-found,not-found,not-given,not-given,not-found
entryway decor over bench,4,25,not-found,not-found,not-found,not-found,not-given,not-given,not-found
small entryway bench with storage,5,33,not-found,not-found,not-found,not-found,not-given,not-given,not-found
entryway decor ottoman,3,22,not-found,not-found,not-found,not-found,not-given,not-given,not-found
entryway decor open floor plan,5,30,not-found,not-found,not-found,not-found,not-given,not-given,not-found
entryway decor outside porch ideas,5,34,not-found,not-found,not-found,not-found,not-given,not-given,not-found
entryway decor organic modern,4,29,not-found,not-found,not-found,not-found,not-given,not-given,not-found
entryway decor outside,3,22,not-found,not-found,not-found,not-found,not-given,not-given,not-found
entryway decor near door,4,24,not-found,not-found,not-found,not-found,not-given,not-given,not-found
entryway decor next to door,5,27,not-found,not-found,not-found,not-found,not-given,not-given,not-found
small entryway coat rack ideas,5,30,not-found,not-found,not-found,not-found,not-given,not-given,not-found
small entryway console,3,22,not-found,not-found,not-found,not-found,not-given,not-given,not-found
entryway decor neutral,3,22,not-found,not-found,not-found,not-found,not-given,not-given,not-found
entryway decor next to stairs,5,29,not-found,not-found,not-found,not-found,not-given,not-given,not-found
entryway decor near staircase,4,29,not-found,not-found,not-found,not-found,not-given,not-given,not-found
entryway decor nancy meyers,4,27,not-found,not-found,not-found,not-found,not-given,not-given,not-found
entryway decor no mirror,4,24,not-found,not-found,not-found,not-found,not-given,not-given,not-found
entryway decor no table,4,23,not-found,not-found,not-found,not-found,not-given,not-given,not-found
entryway decor mirror front entry,5,33,not-found,not-found,not-found,not-found,not-given,not-given,not-found
entryway decor mcm,3,18,not-found,not-found,not-found,not-found,not-given,not-given,not-found
entryway decor mirrors wall,4,27,not-found,not-found,not-found,not-found,not-given,not-given,not-found
entryway decor moody,3,20,not-found,not-found,not-found,not-found,not-given,not-given,not-found
entryway decor minecraft,3,24,not-found,not-found,not-found,not-found,not-given,not-given,not-found
entryway decor luxury grand entrance,5,36,not-found,not-found,not-found,not-found,not-given,not-given,not-found
entryway decor long wall,4,24,not-found,not-found,not-found,not-found,not-given,not-given,not-found
entryway decor light,3,20,not-found,not-found,not-found,not-found,not-given,not-given,not-found
small entryway decor behind door,5,32,not-found,not-found,not-found,not-found,not-given,not-given,not-found
entryway decor long mirror,4,26,not-found,not-found,not-found,not-found,not-given,not-given,not-found
small entryway eclectic,3,23,not-found,not-found,not-found,not-found,not-given,not-given,not-found
small entryway elegant,3,22,not-found,not-found,not-found,not-found,not-given,not-given,not-found
small entryway entrance,3,23,not-found,not-found,not-found,not-found,not-given,not-given,not-found
small entryway exterior ideas,4,29,not-found,not-found,not-found,not-found,not-given,not-given,not-found
small entryway essentials,3,25,not-found,not-found,not-found,not-found,not-given,not-given,not-found
small entryway extension,3,24,not-found,not-found,not-found,not-found,not-given,not-given,not-found
entryway decor korean,3,21,not-found,not-found,not-found,not-found,not-given,not-given,not-found
entryway decor kitchen,3,22,not-found,not-found,not-found,not-found,not-given,not-given,not-found
entryway decor kid friendly,4,27,not-found,not-found,not-found,not-found,not-given,not-given,not-found
entryway decor kmart,3,20,not-found,not-found,not-found,not-found,not-given,not-given,not-found
entryway decor key bowl,4,23,not-found,not-found,not-found,not-found,not-given,not-given,not-found
small entryway furniture,3,24,not-found,not-found,not-found,not-found,not-given,not-given,not-found
small entryway functional ideas,4,31,not-found,not-found,not-found,not-found,not-given,not-given,not-found
small entryway floor,3,20,not-found,not-found,not-found,not-found,not-given,not-given,not-found
farmhouse 4th of july entryway decor inspiration,7,48,not-found,not-found,not-found,not-found,not-given,not-given,not-found
small entryway foyer,3,20,not-found,not-found,not-found,not-found,not-given,not-given,not-found
entryway decor ideas inspired by joanna gaines,7,46,not-found,not-found,not-found,not-found,not-given,not-given,not-found
entryway table decor ginger jar,5,31,not-found,not-found,not-found,not-found,not-given,not-given,not-found
small entryway farmhouse,3,24,not-found,not-found,not-found,not-found,not-given,not-given,not-found
entryway table decor january,4,28,not-found,not-found,not-found,not-found,not-given,not-given,not-found
fourth of july entryway decor,5,29,not-found,not-found,not-found,not-found,not-given,not-given,not-found
entryway decor jackets,3,22,not-found,not-found,not-found,not-found,not-given,not-given,not-found
entryway decor japanese,3,23,not-found,not-found,not-found,not-found,not-given,not-given,not-found
entryway decor japandi,3,22,not-found,not-found,not-found,not-found,not-given,not-given,not-found
small entryway garderobe,3,24,not-found,not-found,not-found,not-found,not-given,not-given,not-found
small entryway gate,3,19,not-found,not-found,not-found,not-found,not-given,not-given,not-found
entryway decor ideas with shoe storage,6,38,not-found,not-found,not-found,not-found,not-given,not-given,not-found
entryway decor holiday,3,22,not-found,not-found,not-found,not-found,not-given,not-given,not-found
small entryway by garage,4,24,not-found,not-found,not-found,not-found,not-given,not-given,not-found
entryway decor hobby lobby,4,26,not-found,not-found,not-found,not-found,not-given,not-given,not-found
entryway decor hall,3,19,not-found,not-found,not-found,not-found,not-given,not-given,not-found
small entryway ideas grey,4,25,not-found,not-found,not-found,not-found,not-given,not-given,not-found
entryway decor hutch,3,20,not-found,not-found,not-found,not-found,not-given,not-given,not-found
entryway decor half moon table,5,30,not-found,not-found,not-found,not-found,not-given,not-given,not-found
entryway decor home,3,19,not-found,not-found,not-found,not-found,not-given,not-given,not-found
entryway decor gold and white,5,29,not-found,not-found,not-found,not-found,not-given,not-given,not-found
entryway decor grunge,3,21,not-found,not-found,not-found,not-found,not-given,not-given,not-found
entryway decor grand,3,20,not-found,not-found,not-found,not-found,not-given,not-given,not-found
entryway decor green wall,4,25,not-found,not-found,not-found,not-found,not-given,not-given,not-found
entryway decor grandmillenial,3,29,not-found,not-found,not-found,not-found,not-given,not-given,not-found
small entryway hooks and shelf,5,30,not-found,not-found,not-found,not-found,not-given,not-given,not-found
small entryway hanging hooks,4,28,not-found,not-found,not-found,not-found,not-given,not-given,not-found
entryway decor gallery wall,4,27,not-found,not-found,not-found,not-found,not-given,not-given,not-found
entryway decor gold mirror,4,26,not-found,not-found,not-found,not-found,not-given,not-given,not-found
entryway decor green,3,20,not-found,not-found,not-found,not-found,not-given,not-given,not-found
entryway decor girly,3,20,not-found,not-found,not-found,not-found,not-given,not-given,not-found
small entryway ideas decor,4,26,not-found,not-found,not-found,not-found,not-given,not-given,not-found
entryway decor flowers,3,22,not-found,not-found,not-found,not-found,not-given,not-given,not-found
entryway decor front door,4,25,not-found,not-found,not-found,not-found,not-given,not-given,not-found
entryway decor for christmas,4,28,not-found,not-found,not-found,not-found,not-given,not-given,not-found
entryway decor for small space,5,30,not-found,not-found,not-found,not-found,not-given,not-given,not-found
entryway decor full length mirror,5,33,not-found,not-found,not-found,not-found,not-given,not-given,not-found
small entryway ideas kids,4,25,not-found,not-found,not-found,not-found,not-given,not-given,not-found
entryway decor english country,4,30,not-found,not-found,not-found,not-found,not-given,not-given,not-found
small entryway japandi,3,22,not-found,not-found,not-found,not-found,not-given,not-given,not-found
entryway decor eclectic entry ways,5,34,not-found,not-found,not-found,not-found,not-given,not-given,not-found
entryway decor european,3,23,not-found,not-found,not-found,not-found,not-given,not-given,not-found
entryway decor exterior entrance,4,32,not-found,not-found,not-found,not-found,not-given,not-given,not-found
entryway decor earthy,3,21,not-found,not-found,not-found,not-found,not-given,not-given,not-found
entryway decor easter,3,21,not-found,not-found,not-found,not-found,not-given,not-given,not-found
entryway decor engagement,3,25,not-found,not-found,not-found,not-found,not-given,not-given,not-found
entryway decor event,3,20,not-found,not-found,not-found,not-found,not-given,not-given,not-found
small entryway shoe and jacket storage ideas,7,44,not-found,not-found,not-found,not-found,not-given,not-given,not-found
japanese entryway ideas for small spaces,6,40,not-found,not-found,not-found,not-found,not-given,not-given,not-found
entryway decor design,3,21,not-found,not-found,not-found,not-found,not-given,not-given,not-found
small entryway key holder,4,25,not-found,not-found,not-found,not-found,not-given,not-given,not-found
small entryway kids organization,4,32,not-found,not-found,not-found,not-found,not-given,not-given,not-found
small entryway key table,4,24,not-found,not-found,not-found,not-found,not-given,not-given,not-found
small entryway kitchen,3,22,not-found,not-found,not-found,not-found,not-given,not-given,not-found
small entryway key storage,4,26,not-found,not-found,not-found,not-found,not-given,not-given,not-found
small entryway key holder ideas,5,31,not-found,not-found,not-found,not-found,not-given,not-given,not-found
small entryway kids storage,4,27,not-found,not-found,not-found,not-found,not-given,not-given,not-found
entryway decor console,3,22,not-found,not-found,not-found,not-found,not-given,not-given,not-found
small entryway kid friendly,4,27,not-found,not-found,not-found,not-found,not-given,not-given,not-found
entryway decor cabinet,3,22,not-found,not-found,not-found,not-found,not-given,not-given,not-found
entryway decor big mirror,4,25,not-found,not-found,not-found,not-found,not-given,not-given,not-found
entryway decor behind front door,5,32,not-found,not-found,not-found,not-found,not-given,not-given,not-found
entryway decor blue,3,19,not-found,not-found,not-found,not-found,not-given,not-given,not-found
small entryway light,3,20,not-found,not-found,not-found,not-found,not-given,not-given,not-found
entryway decor apartment entrance,4,33,not-found,not-found,not-found,not-found,not-given,not-given,not-found
small entryway light fixture ideas,5,34,not-found,not-found,not-found,not-found,not-given,not-given,not-found
small entryway with 3 doors,5,27,not-found,not-found,not-found,not-found,not-given,not-given,not-found
small entryway living room ideas,5,32,not-found,not-found,not-found,not-found,not-given,not-given,not-found
small entryway landing zone,4,27,not-found,not-found,not-found,not-found,not-given,not-given,not-found
small entryway layout,3,21,not-found,not-found,not-found,not-found,not-given,not-given,not-found
small entryway landing ideas,4,28,not-found,not-found,not-found,not-found,not-given,not-given,not-found
small entryway mudroom ideas,4,28,not-found,not-found,not-found,not-found,not-given,not-given,not-found
small front yard landscaping ideas entryway cottage style,8,57,not-found,not-found,not-found,not-found,not-given,not-given,not-found
small front yard landscaping ideas entryway house numbers,8,57,not-found,not-found,not-found,not-found,not-given,not-given,not-found
small new york apartment entryway,5,33,not-found,not-found,not-found,not-found,not-given,not-given,not-found
small entryway mudroom wall,4,27,not-found,not-found,not-found,not-found,not-given,not-given,not-found
small entryway mirror and shelf,5,31,not-found,not-found,not-found,not-found,not-given,not-given,not-found
small entryway modern,3,21,not-found,not-found,not-found,not-found,not-given,not-given,not-found
very small entryway ideas modern,5,32,not-found,not-found,not-found,not-found,not-given,not-given,not-found
very small entryway wall decor,5,30,not-found,not-found,not-found,not-found,not-given,not-given,not-found
small entryway moody,3,20,not-found,not-found,not-found,not-found,not-given,not-given,not-found
small vintage entryway ideas,4,28,not-found,not-found,not-found,not-found,not-given,not-given,not-found
small entryway mcm,3,18,not-found,not-found,not-found,not-found,not-given,not-given,not-found
small entryway victorian house,4,30,not-found,not-found,not-found,not-found,not-given,not-given,not-found
small entryway victorian,3,24,not-found,not-found,not-found,not-found,not-given,not-given,not-found
small entryway narrow,3,21,not-found,not-found,not-found,not-found,not-given,not-given,not-found
small entryway no closet,4,24,not-found,not-found,not-found,not-found,not-given,not-given,not-found
small entryway next to stairs,5,29,not-found,not-found,not-found,not-found,not-given,not-given,not-found
small entryway renovation,3,25,not-found,not-found,not-found,not-found,not-given,not-given,not-found
small entryway near stairs,4,26,not-found,not-found,not-found,not-found,not-given,not-given,not-found
small entryway rug ideas foyers,5,31,not-found,not-found,not-found,not-found,not-given,not-given,not-found
small entryway refresh,3,22,not-found,not-found,not-found,not-found,not-given,not-given,not-found
small entryway radiator,3,23,not-found,not-found,not-found,not-found,not-given,not-given,not-found
small entryway nancy meyers,4,27,not-found,not-found,not-found,not-found,not-given,not-given,not-found
small entryway purse storage,4,28,not-found,not-found,not-found,not-found,not-given,not-given,not-found
small entryway partition,3,24,not-found,not-found,not-found,not-found,not-given,not-given,not-found
small entryway open to living room,6,34,not-found,not-found,not-found,not-found,not-given,not-given,not-found
small entryway organization kids,4,32,not-found,not-found,not-found,not-found,not-given,not-given,not-found
small entryway organization storage,4,35,not-found,not-found,not-found,not-found,not-given,not-given,not-found
small entryway outdoor,3,22,not-found,not-found,not-found,not-found,not-given,not-given,not-found
small entryway open closet,4,26,not-found,not-found,not-found,not-found,not-given,not-given,not-found
apartment entryway outdoor,3,26,not-found,not-found,not-found,not-found,not-given,not-given,not-found
apartment entryway organization,3,31,not-found,not-found,not-found,not-found,not-given,not-given,not-found
small entryway office,3,21,not-found,not-found,not-found,not-found,not-given,not-given,not-found
entryway decor apartment narrow,4,31,not-found,not-found,not-found,not-found,not-given,not-given,not-found
apartment entryway no hallway,4,29,not-found,not-found,not-found,not-found,not-given,not-given,not-found
apartment entryway nook,3,23,not-found,not-found,not-found,not-found,not-given,not-given,not-found
apartment entryway mat,3,22,not-found,not-found,not-found,not-found,not-given,not-given,not-found
apartment entryway light,3,24,not-found,not-found,not-found,not-found,not-given,not-given,not-found
small entryway porch ideas,4,26,not-found,not-found,not-found,not-found,not-given,not-given,not-found
apartment entryway keys,3,23,not-found,not-found,not-found,not-found,not-given,not-given,not-found
japan apartment entryway,3,24,not-found,not-found,not-found,not-found,not-given,not-given,not-found
small entryway pendant lighting,4,31,not-found,not-found,not-found,not-found,not-given,not-given,not-found
japanese entryway apartment,3,27,not-found,not-found,not-found,not-found,not-given,not-given,not-found
apartment entryway japandi,3,26,not-found,not-found,not-found,not-found,not-given,not-given,not-found
apartment entryway ideas with mirror,5,36,not-found,not-found,not-found,not-found,not-given,not-given,not-found
long hallway entryway apartment,4,31,not-found,not-found,not-found,not-found,not-given,not-given,not-found
quiet luxury small entryway,4,27,not-found,not-found,not-found,not-found,not-given,not-given,not-found
apartment entryway hall tree,4,28,not-found,not-found,not-found,not-found,not-given,not-given,not-found
apartment entryway front door,4,29,not-found,not-found,not-found,not-found,not-given,not-given,not-found
apartment entryway feng shui,4,28,not-found,not-found,not-found,not-found,not-given,not-given,not-found
apartment entryway decor small spaces,5,37,not-found,not-found,not-found,not-found,not-given,not-given,not-found
small apartment entryway ideas tiny spaces,6,42,not-found,not-found,not-found,not-found,not-given,not-given,not-found
apartment entryway art,3,22,not-found,not-found,not-found,not-found,not-given,not-given,not-found
wall decor ideas to enhance your entryway,7,41,not-found,not-found,not-found,not-found,not-given,not-given,not-found
entryway decor with pictures,4,28,not-found,not-found,not-found,not-found,not-given,not-given,not-found
entryway decor with storage,4,27,not-found,not-found,not-found,not-found,not-given,not-given,not-found
entryway decor wedding,3,22,not-found,not-found,not-found,not-found,not-given,not-given,not-found
small entryway runner rug,4,25,not-found,not-found,not-found,not-found,not-given,not-given,not-found
vintage farmhouse decor entryway,4,32,not-found,not-found,not-found,not-found,not-given,not-given,not-found
entryway decor virgin mary,4,26,not-found,not-found,not-found,not-found,not-given,not-given,not-found
entryway decor vintage modern,4,29,not-found,not-found,not-found,not-found,not-given,not-given,not-found
entryway decor townhome,3,23,not-found,not-found,not-found,not-found,not-given,not-given,not-found
entryway decor toca boca,4,24,not-found,not-found,not-found,not-found,not-given,not-given,not-found
entryway decor rustic,3,21,not-found,not-found,not-found,not-found,not-given,not-given,not-found
quirky entryway table decor,4,27,not-found,not-found,not-found,not-found,not-given,not-given,not-found
entryway decor quince,3,21,not-found,not-found,not-found,not-found,not-given,not-given,not-found
entryway decor poster,3,21,not-found,not-found,not-found,not-found,not-given,not-given,not-found
entryway decor plant stand,4,26,not-found,not-found,not-found,not-found,not-given,not-given,not-found
entryway decor photos,3,21,not-found,not-found,not-found,not-found,not-given,not-given,not-found
entryway decor painting,3,23,not-found,not-found,not-found,not-found,not-given,not-given,not-found
entryway decor party,3,20,not-found,not-found,not-found,not-found,not-given,not-given,not-found
entryway decor office,3,21,not-found,not-found,not-found,not-found,not-given,not-given,not-found
small entryway table styling,4,28,not-found,not-found,not-found,not-found,not-given,not-given,not-found
entryway decor nyc,3,18,not-found,not-found,not-found,not-found,not-given,not-given,not-found
entryway decor living room,4,26,not-found,not-found,not-found,not-found,not-given,not-given,not-found
entryway decor lamp,3,19,not-found,not-found,not-found,not-found,not-given,not-given,not-found
entryway decor large wall,4,25,not-found,not-found,not-found,not-found,not-given,not-given,not-found
entryway table decor for keys,5,29,not-found,not-found,not-found,not-found,not-given,not-given,not-found
entryway key shelf decor,4,24,not-found,not-found,not-found,not-found,not-given,not-given,not-found
entryway decor for kids backpacks,5,33,not-found,not-found,not-found,not-found,not-given,not-given,not-found
key tray entryway decor,4,23,not-found,not-found,not-found,not-found,not-given,not-given,not-found
entryway decor keys,3,19,not-found,not-found,not-found,not-found,not-given,not-given,not-found
entryway decor key holder,4,25,not-found,not-found,not-found,not-found,not-given,not-given,not-found
4th of july entryway table decor,6,32,not-found,not-found,not-found,not-found,not-given,not-given,not-found
small entryway update,3,21,not-found,not-found,not-found,not-found,not-given,not-given,not-found
japandi entryway table decor,4,28,not-found,not-found,not-found,not-found,not-given,not-given,not-found
small entryway with stairs up and down,7,38,not-found,not-found,not-found,not-found,not-given,not-given,not-found
entryway decor ideas small space,5,32,not-found,not-found,not-found,not-found,not-given,not-given,not-found
entryway decor hall tree,4,24,not-found,not-found,not-found,not-found,not-given,not-given,not-found
entryway decor hanging,3,22,not-found,not-found,not-found,not-found,not-given,not-given,not-found
entryway decor grey floor,4,25,not-found,not-found,not-found,not-found,not-given,not-given,not-found
entryway decor glass table,4,26,not-found,not-found,not-found,not-found,not-given,not-given,not-found
entryway decor frames,3,21,not-found,not-found,not-found,not-found,not-given,not-given,not-found
entryway decor fall,3,19,not-found,not-found,not-found,not-found,not-given,not-given,not-found
entryway decor english cottage,4,30,not-found,not-found,not-found,not-found,not-given,not-given,not-found
entryway decor exterior,3,23,not-found,not-found,not-found,not-found,not-given,not-given,not-found
small entryway valet,3,20,not-found,not-found,not-found,not-found,not-given,not-given,not-found
entryway decor dark academia,4,28,not-found,not-found,not-found,not-found,not-given,not-given,not-found
vintage small mudroom ideas entryway narrow hallways,7,52,not-found,not-found,not-found,not-found,not-given,not-given,not-found
entryway decor diwali,3,21,not-found,not-found,not-found,not-found,not-given,not-given,not-found
entryway decor dark wood table,5,30,not-found,not-found,not-found,not-found,not-given,not-given,not-found
vertical shiplap small entryway,4,31,not-found,not-found,not-found,not-found,not-given,not-given,not-found
entryway decor dresser,3,22,not-found,not-found,not-found,not-found,not-given,not-given,not-found
entryway decor dark,3,19,not-found,not-found,not-found,not-found,not-given,not-given,not-found
entryway decor christmas ideas,4,30,not-found,not-found,not-found,not-found,not-given,not-given,not-found
entryway decor above shoe rack,5,30,not-found,not-found,not-found,not-found,not-given,not-given,not-found
entryway decor art,3,18,not-found,not-found,not-found,not-found,not-given,not-given,not-found
shoe storage small space entryway drop zone,7,43,not-found,not-found,not-found,not-found,not-given,not-given,not-found
small drop off zone entryway,5,28,not-found,not-found,not-found,not-found,not-given,not-given,not-found
small front yard ideas entryway landscape design,7,48,not-found,not-found,not-found,not-found,not-given,not-given,not-found
small front yard landscaping ideas entryway garden paths,8,56,not-found,not-found,not-found,not-found,not-given,not-given,not-found
courtyard entryway front entry gates small yard,7,47,not-found,not-found,not-found,not-found,not-given,not-given,not-found
small entryway yellow,3,21,not-found,not-found,not-found,not-found,not-given,not-given,not-found
entryway decor door,3,19,not-found,not-found,not-found,not-found,not-given,not-given,not-found
entryway decor dopamine,3,23,not-found,not-found,not-found,not-found,not-given,not-given,not-found
apartment entryway outside,3,26,not-found,not-found,not-found,not-found,not-given,not-given,not-found
apartment entryway living room,4,30,not-found,not-found,not-found,not-found,not-given,not-given,not-found
japanese apartment entryway ideas,4,33,not-found,not-found,not-found,not-found,not-given,not-given,not-found
entryway decor ideas with mirror,5,32,not-found,not-found,not-found,not-found,not-given,not-given,not-found
apartment entryway hutch,3,24,not-found,not-found,not-found,not-found,not-given,not-given,not-found
ginger jars decor entryway,4,26,not-found,not-found,not-found,not-found,not-given,not-given,not-found
entryway decor nook,3,19,not-found,not-found,not-found,not-found,not-given,not-given,not-found
entryway decor diy entrance,4,27,not-found,not-found,not-found,not-found,not-given,not-given,not-found
black entryway table decor vintage,5,34,not-found,not-found,not-found,not-found,not-given,not-given,not-found
japandi entryway small space,4,28,not-found,not-found,not-found,not-found,not-given,not-given,not-found
kitchen door ideas entryway,4,27,not-found,not-found,not-found,not-found,not-given,not-given,not-found
kitchen entryway ideas small storage,5,36,not-found,not-found,not-found,not-found,not-given,not-given,not-found
small entryway kids,3,19,not-found,not-found,not-found,not-found,not-given,not-given,not-found
entryway ideas key,3,18,not-found,not-found,not-found,not-found,not-given,not-given,not-found
entryway ideas key bowl,4,23,not-found,not-found,not-found,not-found,not-given,not-given,not-found
entryway ideas korean,3,21,not-found,not-found,not-found,not-found,not-given,not-given,not-found
entryway ideas kids storage,4,27,not-found,not-found,not-found,not-found,not-given,not-given,not-found
entryway ideas kitchen,3,22,not-found,not-found,not-found,not-found,not-given,not-given,not-found
entryway ideas kids backpacks,4,29,not-found,not-found,not-found,not-found,not-given,not-given,not-found
entryway ideas kid friendly,4,27,not-found,not-found,not-found,not-found,not-given,not-given,not-found
small entryway kids backpacks,4,29,not-found,not-found,not-found,not-found,not-given,not-given,not-found
entryway ideas kids,3,19,not-found,not-found,not-found,not-found,not-given,not-given,not-found
small entryway kitchen ideas,4,28,not-found,not-found,not-found,not-found,not-given,not-given,not-found
modern japanese entryway ideas,4,30,not-found,not-found,not-found,not-found,not-given,not-given,not-found
jute entryway rug ideas,4,23,not-found,not-found,not-found,not-found,not-given,not-given,not-found
ideas from joanna gaines for creating a welcoming entryway,9,58,not-found,not-found,not-found,not-found,not-given,not-given,not-found
hanging jackets ideas entryway,4,30,not-found,not-found,not-found,not-found,not-given,not-given,not-found
japandi entryway design ideas,4,29,not-found,not-found,not-found,not-found,not-given,not-given,not-found
entryway ideas joinery,3,22,not-found,not-found,not-found,not-found,not-given,not-given,not-found
entryway ideas jesus,3,20,not-found,not-found,not-found,not-found,not-given,not-given,not-found
entryway ideas jysk,3,19,not-found,not-found,not-found,not-found,not-given,not-given,not-found
entryway ideas jackets,3,22,not-found,not-found,not-found,not-found,not-given,not-given,not-found
small entryway mudroom,3,22,not-found,not-found,not-found,not-found,not-given,not-given,not-found
small entryway mid century modern,5,33,not-found,not-found,not-found,not-found,not-given,not-given,not-found
entryway ideas in minecraft,4,27,not-found,not-found,not-found,not-found,not-given,not-given,not-found
entryway ideas in bloxburg,4,26,not-found,not-found,not-found,not-found,not-given,not-given,not-found
entryway ideas inside,3,21,not-found,not-found,not-found,not-found,not-given,not-given,not-found
entryway ideas in toca boca,5,27,not-found,not-found,not-found,not-found,not-given,not-given,not-found
entryway ideas ikea hacks,4,25,not-found,not-found,not-found,not-found,not-given,not-given,not-found
small entryway no table,4,23,not-found,not-found,not-found,not-found,not-given,not-given,not-found
entryway ideas interior,3,23,not-found,not-found,not-found,not-found,not-given,not-given,not-found
small entryway niche,3,20,not-found,not-found,not-found,not-found,not-given,not-given,not-found
small entryway nook decor,4,25,not-found,not-found,not-found,not-found,not-given,not-given,not-found
small entryway next to door,5,27,not-found,not-found,not-found,not-found,not-given,not-given,not-found
entryway ideas ikea,3,19,not-found,not-found,not-found,not-found,not-given,not-given,not-found
small entryway outdoor ideas,4,28,not-found,not-found,not-found,not-found,not-given,not-given,not-found
entryway ideas hidden storage,4,29,not-found,not-found,not-found,not-found,not-given,not-given,not-found
entryway ideas hall tree,4,24,not-found,not-found,not-found,not-found,not-given,not-given,not-found
entryway ideas hallway entrance,4,31,not-found,not-found,not-found,not-found,not-given,not-given,not-found
entryway ideas hdb,3,18,not-found,not-found,not-found,not-found,not-given,not-given,not-found
entryway ideas half wall,4,24,not-found,not-found,not-found,not-found,not-given,not-given,not-found
entryway ideas hooks and bench,5,30,not-found,not-found,not-found,not-found,not-given,not-given,not-found
small entryway paint,3,20,not-found,not-found,not-found,not-found,not-given,not-given,not-found
entryway ideas hangers,3,22,not-found,not-found,not-found,not-found,not-given,not-given,not-found
small entryway partition ideas,4,30,not-found,not-found,not-found,not-found,not-given,not-given,not-found
entryway ideas house,3,20,not-found,not-found,not-found,not-found,not-given,not-given,not-found
small entryway porch,3,20,not-found,not-found,not-found,not-found,not-given,not-given,not-found
entryway ideas hallway,3,22,not-found,not-found,not-found,not-found,not-given,not-given,not-found
entryway ideas gothic,3,21,not-found,not-found,not-found,not-found,not-given,not-given,not-found
entryway ideas garage,3,21,not-found,not-found,not-found,not-found,not-given,not-given,not-found
small entryway round table decor,5,32,not-found,not-found,not-found,not-found,not-given,not-given,not-found
entryway ideas grand,3,20,not-found,not-found,not-found,not-found,not-given,not-given,not-found
entryway ideas green wall,4,25,not-found,not-found,not-found,not-found,not-given,not-given,not-found
entryway ideas girly,3,20,not-found,not-found,not-found,not-found,not-given,not-given,not-found
entryway ideas gallery wall,4,27,not-found,not-found,not-found,not-found,not-given,not-given,not-found
entryway ideas gold mirror,4,26,not-found,not-found,not-found,not-found,not-given,not-given,not-found
entryway ideas grey floors,4,26,not-found,not-found,not-found,not-found,not-given,not-given,not-found
small entryway tiles,3,20,not-found,not-found,not-found,not-found,not-given,not-given,not-found
small entryway under stairs,4,27,not-found,not-found,not-found,not-found,not-given,not-given,not-found
small entryway uk,3,17,not-found,not-found,not-found,not-found,not-given,not-given,not-found
small entryway unit,3,19,not-found,not-found,not-found,not-found,not-given,not-given,not-found
small entryway upgrade,3,22,not-found,not-found,not-found,not-found,not-given,not-given,not-found
entryway ideas for hallways,4,27,not-found,not-found,not-found,not-found,not-given,not-given,not-found
unique small entryway table,4,27,not-found,not-found,not-found,not-found,not-given,not-given,not-found
entryway ideas for small apartments,5,35,not-found,not-found,not-found,not-found,not-given,not-given,not-found
how to open up a small entryway,7,31,not-found,not-found,not-found,not-found,not-given,not-given,not-found
small entryway set up,4,21,not-found,not-found,not-found,not-found,not-given,not-given,not-found
small upstairs entryway,3,23,not-found,not-found,not-found,not-found,not-given,not-given,not-found
small entryway vestibule,3,24,not-found,not-found,not-found,not-found,not-given,not-given,not-found
small entryway vintage,3,22,not-found,not-found,not-found,not-found,not-given,not-given,not-found
small entryway vignette,3,23,not-found,not-found,not-found,not-found,not-given,not-given,not-found
small entryway vaulted ceiling,4,30,not-found,not-found,not-found,not-found,not-given,not-given,not-found
entryway ideas english,3,22,not-found,not-found,not-found,not-found,not-given,not-given,not-found
entryway ideas earth tones,4,26,not-found,not-found,not-found,not-found,not-given,not-given,not-found
entryway ideas english cottage,4,30,not-found,not-found,not-found,not-found,not-given,not-given,not-found
entryway ideas european,3,23,not-found,not-found,not-found,not-found,not-given,not-given,not-found
entryway ideas earthy,3,21,not-found,not-found,not-found,not-found,not-given,not-given,not-found
entryway ideas event,3,20,not-found,not-found,not-found,not-found,not-given,not-given,not-found
entryway ideas exterior front entrances,5,39,not-found,not-found,not-found,not-found,not-given,not-given,not-found
entryway ideas entrance,3,23,not-found,not-found,not-found,not-found,not-given,not-given,not-found
small entryway wall ideas,4,25,not-found,not-found,not-found,not-found,not-given,not-given,not-found
small entryway wall,3,19,not-found,not-found,not-found,not-found,not-given,not-given,not-found
entryway ideas exterior,3,23,not-found,not-found,not-found,not-found,not-given,not-given,not-found
entryway ideas drop zone,4,24,not-found,not-found,not-found,not-found,not-given,not-given,not-found
entryway ideas dark walls,4,25,not-found,not-found,not-found,not-found,not-given,not-given,not-found
entryway ideas dopamine,3,23,not-found,not-found,not-found,not-found,not-given,not-given,not-found
entryway ideas double doors,4,27,not-found,not-found,not-found,not-found,not-given,not-given,not-found
entryway ideas design,3,21,not-found,not-found,not-found,not-found,not-given,not-given,not-found
entryway ideas dark floor,4,25,not-found,not-found,not-found,not-found,not-given,not-given,not-found
small front yard landscaping ideas entryway shrubs,7,50,not-found,not-found,not-found,not-found,not-given,not-given,not-found
small entryway ideas yellow,4,27,not-found,not-found,not-found,not-found,not-given,not-given,not-found
drop zone small entryway,4,24,not-found,not-found,not-found,not-found,not-given,not-given,not-found
entryway ideas decor entrance,4,29,not-found,not-found,not-found,not-found,not-given,not-given,not-found
entryway ideas diy,3,18,not-found,not-found,not-found,not-found,not-given,not-given,not-found
diy entryway ideas small drop zone,6,34,not-found,not-found,not-found,not-found,not-given,not-given,not-found
entryway command center small spaces drop zone,7,46,not-found,not-found,not-found,not-found,not-given,not-given,not-found
entryway bench for small drop zone,6,34,not-found,not-found,not-found,not-found,not-given,not-given,not-found
entryway ideas cozy,3,19,not-found,not-found,not-found,not-found,not-given,not-given,not-found
small 1930s entryway with stairs,5,32,not-found,not-found,not-found,not-found,not-given,not-given,not-found
small entryway 2026,3,19,not-found,not-found,not-found,not-found,not-given,not-given,not-found
small 2 story foyer ideas entryway,6,34,not-found,not-found,not-found,not-found,not-given,not-given,not-found
small entryway decor 2026,4,25,not-found,not-found,not-found,not-found,not-given,not-given,not-found
small entryway ideas 2026,4,25,not-found,not-found,not-found,not-found,not-given,not-given,not-found
small 2 story entryway,4,22,not-found,not-found,not-found,not-found,not-given,not-given,not-found
small 2 story entryway ideas,5,28,not-found,not-found,not-found,not-found,not-given,not-given,not-found
small entryway ideas with 2 doors,6,33,not-found,not-found,not-found,not-found,not-given,not-given,not-found
small entryway table 36”,4,24,not-found,not-found,not-found,not-found,not-given,not-given,not-found
entryway ideas blue,3,19,not-found,not-found,not-found,not-found,not-given,not-given,not-found
small entryway sims 4,4,21,not-found,not-found,not-found,not-found,not-given,not-given,not-found
entryway decor ideas for apartments,5,35,not-found,not-found,not-found,not-found,not-given,not-given,not-found
entryway ideas built in,4,23,not-found,not-found,not-found,not-found,not-given,not-given,not-found
entryway ideas big,3,18,not-found,not-found,not-found,not-found,not-given,not-given,not-found
entryway decor amazon,3,21,not-found,not-found,not-found,not-found,not-given,not-given,not-found
entryway decor antique,3,22,not-found,not-found,not-found,not-found,not-given,not-given,not-found
entryway decor artwork,3,22,not-found,not-found,not-found,not-found,not-given,not-given,not-found
entryway decor above bench,4,26,not-found,not-found,not-found,not-found,not-given,not-given,not-found
entryway decor arched mirror,4,28,not-found,not-found,not-found,not-found,not-given,not-given,not-found
entryway decor apartment wall art,5,33,not-found,not-found,not-found,not-found,not-given,not-given,not-found
entryway ideas apartment shoes,4,30,not-found,not-found,not-found,not-found,not-given,not-given,not-found
entryway decor birthday party,4,29,not-found,not-found,not-found,not-found,not-given,not-given,not-found
entryway ideas apartment narrow,4,31,not-found,not-found,not-found,not-found,not-given,not-given,not-found
entryway ideas art,3,18,not-found,not-found,not-found,not-found,not-given,not-given,not-found
entryway ideas animal crossing,4,30,not-found,not-found,not-found,not-found,not-given,not-given,not-found
entryway ideas acnh,3,19,not-found,not-found,not-found,not-found,not-given,not-given,not-found
entryway decor cozy,3,19,not-found,not-found,not-found,not-found,not-given,not-given,not-found
entryway ideas adopt me,4,23,not-found,not-found,not-found,not-found,not-given,not-given,not-found
entryway decor corner,3,21,not-found,not-found,not-found,not-found,not-given,not-given,not-found
entryway decor cottage,3,22,not-found,not-found,not-found,not-found,not-given,not-given,not-found
entryway ideas outdoor,3,22,not-found,not-found,not-found,not-found,not-given,not-given,not-found
entryway decor diy,3,18,not-found,not-found,not-found,not-found,not-given,not-given,not-found
vintage 90s entryway,3,20,not-found,not-found,not-found,not-found,not-given,not-given,not-found
9 cube organizer entryway,4,25,not-found,not-found,not-found,not-found,not-given,not-given,not-found
9 ft ceiling entryway lighting,5,30,not-found,not-found,not-found,not-found,not-given,not-given,not-found
90s colonial entryway,3,21,not-found,not-found,not-found,not-found,not-given,not-given,not-found
90s entryway aesthetic,3,22,not-found,not-found,not-found,not-found,not-given,not-given,not-found
90s house entryway,3,18,not-found,not-found,not-found,not-found,not-given,not-given,not-found
90s style entryway,3,18,not-found,not-found,not-found,not-found,not-given,not-given,not-found
update 90s entryway,3,19,not-found,not-found,not-found,not-found,not-given,not-given,not-found
entryway ideas 9ft ceiling,4,26,not-found,not-found,not-found,not-found,not-given,not-given,not-found
9 ft ceiling entryway,4,21,not-found,not-found,not-found,not-found,not-given,not-given,not-found
90’s entryway,2,13,not-found,not-found,not-found,not-found,not-given,not-given,not-found
entryway 90s,2,12,not-found,not-found,not-found,not-found,not-given,not-given,not-found
8 ft wide entryway,4,18,not-found,not-found,not-found,not-found,not-given,not-given,not-found
8ft ceiling entryway,3,20,not-found,not-found,not-found,not-found,not-given,not-given,not-found
80s apartment entryway,3,22,not-found,not-found,not-found,not-found,not-given,not-given,not-found
8 cube organizer entryway,4,25,not-found,not-found,not-found,not-found,not-given,not-given,not-found
8 ft ceiling entryway light,5,27,not-found,not-found,not-found,not-found,not-given,not-given,not-found
80’s entryway,2,13,not-found,not-found,not-found,not-found,not-given,not-given,not-found
8 foot entryway,3,15,not-found,not-found,not-found,not-found,not-given,not-given,not-found
80s home entryway,3,17,not-found,not-found,not-found,not-found,not-given,not-given,not-found
8x8 entryway,2,12,not-found,not-found,not-found,not-found,not-given,not-given,not-found
80s entryway table,3,18,not-found,not-found,not-found,not-found,not-given,not-given,not-found
entryway 8 foot ceiling,4,23,not-found,not-found,not-found,not-found,not-given,not-given,not-found
entryway 80s,2,12,not-found,not-found,not-found,not-found,not-given,not-given,not-found
entryway decor 70s,3,18,not-found,not-found,not-found,not-found,not-given,not-given,not-found
70s style entryway,3,18,not-found,not-found,not-found,not-found,not-given,not-given,not-found
70 inch entryway table decor,5,28,not-found,not-found,not-found,not-found,not-given,not-given,not-found
70's entryway,2,13,not-found,not-found,not-found,not-found,not-given,not-given,not-found
70s entryway ideas,3,18,not-found,not-found,not-found,not-found,not-given,not-given,not-found
70s modern entryway,3,19,not-found,not-found,not-found,not-found,not-given,not-given,not-found
70s split level entryway,4,24,not-found,not-found,not-found,not-found,not-given,not-given,not-found
72 inch artistic entryway sideboard cabinet,6,43,not-found,not-found,not-found,not-found,not-given,not-given,not-found
70s inspired entryway,3,21,not-found,not-found,not-found,not-found,not-given,not-given,not-found
70 inch entryway table,4,22,not-found,not-found,not-found,not-found,not-given,not-given,not-found
entryway 70s house,3,18,not-found,not-found,not-found,not-found,not-given,not-given,not-found
entryway 70s,2,12,not-found,not-found,not-found,not-found,not-given,not-given,not-found
6 foot wide entryway,4,20,not-found,not-found,not-found,not-found,not-given,not-given,not-found
60s home entryway,3,17,not-found,not-found,not-found,not-found,not-given,not-given,not-found
6 cube organizer ideas entryway,5,31,not-found,not-found,not-found,not-found,not-given,not-given,not-found
60 inch entryway bench,4,22,not-found,not-found,not-found,not-found,not-given,not-given,not-found
6ft wide entryway,3,17,not-found,not-found,not-found,not-found,not-given,not-given,not-found
60's entryway,2,13,not-found,not-found,not-found,not-found,not-given,not-given,not-found
6 foot entryway,3,15,not-found,not-found,not-found,not-found,not-given,not-given,not-found
60 inch entryway table,4,22,not-found,not-found,not-found,not-found,not-given,not-given,not-found
6 cube organizer entryway,4,25,not-found,not-found,not-found,not-found,not-given,not-given,not-found
6’ entryway,2,11,not-found,not-found,not-found,not-found,not-given,not-given,not-found
entryway 60s,2,12,not-found,not-found,not-found,not-found,not-given,not-given,not-found
52” entryway table,3,18,not-found,not-found,not-found,not-found,not-given,not-given,not-found
5 room bto entryway,4,19,not-found,not-found,not-found,not-found,not-given,not-given,not-found
studio 54 entryway,3,18,not-found,not-found,not-found,not-found,not-given,not-given,not-found
entryway decor jesus,3,20,not-found,not-found,not-found,not-found,not-given,not-given,not-found
entryway ideas toca boca 5 star hotel,7,37,not-found,not-found,not-found,not-found,not-given,not-given,not-found
54 inch wide entryway table storage,6,35,not-found,not-found,not-found,not-found,not-given,not-given,not-found
5x7 rug in entryway,4,19,not-found,not-found,not-found,not-found,not-given,not-given,not-found
entryway rug ideas 5x7,4,22,not-found,not-found,not-found,not-found,not-given,not-given,not-found
5x7 entryway ideas,3,18,not-found,not-found,not-found,not-found,not-given,not-given,not-found
mudroom ideas entryway family of 5,6,34,not-found,not-found,not-found,not-found,not-given,not-given,not-found
50 inch entryway table,4,22,not-found,not-found,not-found,not-found,not-given,not-given,not-found
entryway 5x7 rug,3,16,not-found,not-found,not-found,not-found,not-given,not-given,not-found
entryway rug 4x6,3,16,not-found,not-found,not-found,not-found,not-given,not-given,not-found
sims 4 apartment entryway ideas,5,31,not-found,not-found,not-found,not-found,not-given,not-given,not-found
entryway sims 4 ideas,4,21,not-found,not-found,not-found,not-found,not-given,not-given,not-found
entryway table 48”,3,18,not-found,not-found,not-found,not-found,not-given,not-given,not-found
entryway table sims 4 cc,5,24,not-found,not-found,not-found,not-found,not-given,not-given,not-found
kallax 4x4 entryway,3,19,not-found,not-found,not-found,not-found,not-given,not-given,not-found
sims 4 entryway mansion,4,23,not-found,not-found,not-found,not-found,not-given,not-given,not-found
sims 4 luxury entryway,4,22,not-found,not-found,not-found,not-found,not-given,not-given,not-found
sims 4 room ideas entryway,5,26,not-found,not-found,not-found,not-found,not-given,not-given,not-found
sims 4 cc entryway decor,5,24,not-found,not-found,not-found,not-found,not-given,not-given,not-found
sims 4 entryway ideas modern,5,28,not-found,not-found,not-found,not-found,not-given,not-given,not-found
3/4 wall entryway,3,17,not-found,not-found,not-found,not-found,not-given,not-given,not-found
3 drawer dresser entryway,4,25,not-found,not-found,not-found,not-found,not-given,not-given,not-found
3 mirror entryway,3,17,not-found,not-found,not-found,not-found,not-given,not-given,not-found
bloxburg 3x3 entryway,3,21,not-found,not-found,not-found,not-found,not-given,not-given,not-found
entryway rugs 3x5,3,17,not-found,not-found,not-found,not-found,not-given,not-given,not-found
entryway 3d,2,11,not-found,not-found,not-found,not-found,not-given,not-given,not-found
entryway 3 photos,3,17,not-found,not-found,not-found,not-found,not-given,not-given,not-found
entryway 3 tier table decor,5,27,not-found,not-found,not-found,not-found,not-given,not-given,not-found
entryway 3 kids,3,15,not-found,not-found,not-found,not-found,not-given,not-given,not-found
entryway 3 mirrors,3,18,not-found,not-found,not-found,not-found,not-given,not-given,not-found
entryway 3 shelf table decor,5,28,not-found,not-found,not-found,not-found,not-given,not-given,not-found
entryway 3d warehouse,3,21,not-found,not-found,not-found,not-found,not-given,not-given,not-found
2 story entryway wallpaper,4,26,not-found,not-found,not-found,not-found,not-given,not-given,not-found
2 tone entryway,3,15,not-found,not-found,not-found,not-found,not-given,not-given,not-found
2 story foyer chandelier entryway,5,33,not-found,not-found,not-found,not-found,not-given,not-given,not-found
entryway 2 rugs,3,15,not-found,not-found,not-found,not-found,not-given,not-given,not-found
entryway 2 walls,3,16,not-found,not-found,not-found,not-found,not-given,not-given,not-found
entryway 2 chairs,3,17,not-found,not-found,not-found,not-found,not-given,not-given,not-found
entryway 2 doors,3,16,not-found,not-found,not-found,not-found,not-given,not-given,not-found
entryway 2 mirrors,3,18,not-found,not-found,not-found,not-found,not-given,not-given,not-found
entryway 2025 trends,3,20,not-found,not-found,not-found,not-found,not-given,not-given,not-found
entryway 2 story,3,16,not-found,not-found,not-found,not-found,not-given,not-given,not-found
entryway 2000s,2,14,not-found,not-found,not-found,not-found,not-given,not-given,not-found
entryway 2026,2,13,not-found,not-found,not-found,not-found,not-given,not-given,not-found
front entryway tile remodel 1960s ranch,6,39,not-found,not-found,not-found,not-found,not-given,not-given,not-found
entryway decor outdoor front entry,5,34,not-found,not-found,not-found,not-found,not-given,not-given,not-found
1970s entryway decor inspiration,4,32,not-found,not-found,not-found,not-found,not-given,not-given,not-found
1915 entryway,2,13,not-found,not-found,not-found,not-found,not-given,not-given,not-found
1800s house entryway,3,20,not-found,not-found,not-found,not-found,not-given,not-given,not-found
10ft ceiling entryway,3,21,not-found,not-found,not-found,not-found,not-given,not-given,not-found
1950s home entryway,3,19,not-found,not-found,not-found,not-found,not-given,not-given,not-found
entryway 1930s house,3,20,not-found,not-found,not-found,not-found,not-given,not-given,not-found
entryway 1920s,2,14,not-found,not-found,not-found,not-found,not-given,not-given,not-found
entryway 16:9,2,13,not-found,not-found,not-found,not-found,not-given,not-given,not-found
entryway 1m,2,11,not-found,not-found,not-found,not-found,not-given,not-given,not-found
entryway 12x24 tile,3,19,not-found,not-found,not-found,not-found,not-given,not-given,not-found
modern drop zone ideas entryway,5,31,not-found,not-found,not-found,not-found,not-given,not-given,not-found
modern zen entryway,3,19,not-found,not-found,not-found,not-found,not-given,not-given,not-found
entryway wall drop zone,4,23,not-found,not-found,not-found,not-found,not-given,not-given,not-found
drop zone ideas entryway with mirror,6,36,not-found,not-found,not-found,not-found,not-given,not-given,not-found
small corner entryway drop zone,5,31,not-found,not-found,not-found,not-found,not-given,not-given,not-found
entryway drop zone with bench,5,29,not-found,not-found,not-found,not-found,not-given,not-given,not-found
entryway zen garden,3,19,not-found,not-found,not-found,not-found,not-given,not-given,not-found
entryway zoning,2,15,not-found,not-found,not-found,not-found,not-given,not-given,not-found
entryway zen decor,3,18,not-found,not-found,not-found,not-found,not-given,not-given,not-found
entryway zone,2,13,not-found,not-found,not-found,not-found,not-given,not-given,not-found
tips for giving your bi level entryway a makeover,9,49,not-found,not-found,not-found,not-found,not-given,not-given,not-found
small front yard landscaping ideas entryway,6,43,not-found,not-found,not-found,not-found,not-given,not-given,not-found
entryway decor retro,3,20,not-found,not-found,not-found,not-found,not-given,not-given,not-found
entryway y2k,2,12,not-found,not-found,not-found,not-found,not-given,not-given,not-found
entryway yard,2,13,not-found,not-found,not-found,not-found,not-given,not-given,not-found
entryway yellow door,3,20,not-found,not-found,not-found,not-found,not-given,not-given,not-found
entryway yard ideas,3,19,not-found,not-found,not-found,not-found,not-given,not-given,not-found
entryway yellow walls,3,21,not-found,not-found,not-found,not-found,not-given,not-given,not-found
entryway table diy,3,18,not-found,not-found,not-found,not-found,not-given,not-given,not-found
entryway decor runner,3,21,not-found,not-found,not-found,not-found,not-given,not-given,not-found
entryway yellow,2,15,not-found,not-found,not-found,not-found,not-given,not-given,not-found
xl mirror entryway,3,18,not-found,not-found,not-found,not-found,not-given,not-given,not-found
entryway decor simple,3,21,not-found,not-found,not-found,not-found,not-given,not-given,not-found
outside xmas decor ideas entryway,5,33,not-found,not-found,not-found,not-found,not-given,not-given,not-found
4 x 6 entryway rug,5,18,not-found,not-found,not-found,not-found,not-given,not-given,not-found
foyer ideas entryway xmas,4,25,not-found,not-found,not-found,not-found,not-given,not-given,not-found
xmas outdoor decorations entryway,4,33,not-found,not-found,not-found,not-found,not-given,not-given,not-found
entryway xmas,2,13,not-found,not-found,not-found,not-found,not-given,not-given,not-found
entryway xmas tree,3,18,not-found,not-found,not-found,not-found,not-given,not-given,not-found
entryway xmas decor,3,19,not-found,not-found,not-found,not-found,not-given,not-given,not-found
entryway decor tall ceilings,4,28,not-found,not-found,not-found,not-found,not-given,not-given,not-found
entryway decor table and mirror,5,31,not-found,not-found,not-found,not-found,not-given,not-given,not-found
entryway decor tile floor,4,25,not-found,not-found,not-found,not-found,not-given,not-given,not-found
entryway decor tiny,3,19,not-found,not-found,not-found,not-found,not-given,not-given,not-found
entryway decor table christmas,4,30,not-found,not-found,not-found,not-found,not-given,not-given,not-found
entryway decor transitional entry ways,5,38,not-found,not-found,not-found,not-found,not-given,not-given,not-found
entryway decor tree,3,19,not-found,not-found,not-found,not-found,not-given,not-given,not-found
entryway decor unique,3,21,not-found,not-found,not-found,not-found,not-given,not-given,not-found
entryway decor uk,3,17,not-found,not-found,not-found,not-found,not-given,not-given,not-found
entryway decor under window,4,27,not-found,not-found,not-found,not-found,not-given,not-given,not-found
uncovered outdoor entryway decor,4,32,not-found,not-found,not-found,not-found,not-given,not-given,not-found
unique entryway table decor,4,27,not-found,not-found,not-found,not-found,not-given,not-given,not-found
under table decor entryway,4,26,not-found,not-found,not-found,not-found,not-given,not-given,not-found
entryway table decor under stairs,5,33,not-found,not-found,not-found,not-found,not-given,not-given,not-found
ways to utilize picture ledges for entryway organization and decor,10,66,not-found,not-found,not-found,not-found,not-given,not-given,not-found
entryway valentine decor,3,24,not-found,not-found,not-found,not-found,not-given,not-given,not-found
entryway vintage decor,3,22,not-found,not-found,not-found,not-found,not-given,not-given,not-found
entryway decor vase,3,19,not-found,not-found,not-found,not-found,not-given,not-given,not-found
entryway victorian,2,18,not-found,not-found,not-found,not-found,not-given,not-given,not-found
entryway decor victorian,3,24,not-found,not-found,not-found,not-found,not-given,not-given,not-found
entryway decor video,3,20,not-found,not-found,not-found,not-found,not-given,not-given,not-found
entryway decor valentine,3,24,not-found,not-found,not-found,not-found,not-given,not-given,not-found
entryway decor vintage mirror,4,29,not-found,not-found,not-found,not-found,not-given,not-given,not-found
entryway decor victorian house,4,30,not-found,not-found,not-found,not-found,not-given,not-given,not-found
vintage fall decor ideas entryway,5,33,not-found,not-found,not-found,not-found,not-given,not-given,not-found
entryway upgrade ideas,3,22,not-found,not-found,not-found,not-found,not-given,not-given,not-found
entryway under window,3,21,not-found,not-found,not-found,not-found,not-given,not-given,not-found
entryway upgrade,2,16,not-found,not-found,not-found,not-found,not-given,not-given,not-found
entryway uk,2,11,not-found,not-found,not-found,not-found,not-given,not-given,not-found
entryway decor with shoe cabinet,5,32,not-found,not-found,not-found,not-found,not-given,not-given,not-found
entryway umbrella holder,3,24,not-found,not-found,not-found,not-found,not-given,not-given,not-found
entryway decor xmas,3,19,not-found,not-found,not-found,not-found,not-given,not-given,not-found
entryway under stairs ideas,4,27,not-found,not-found,not-found,not-found,not-given,not-given,not-found
entryway decor yellow,3,21,not-found,not-found,not-found,not-found,not-given,not-given,not-found
yoga studio decor entryway,4,26,not-found,not-found,not-found,not-found,not-given,not-given,not-found
entryway umbrella stand ideas,4,29,not-found,not-found,not-found,not-found,not-given,not-given,not-found
year round entryway decor,4,25,not-found,not-found,not-found,not-found,not-given,not-given,not-found
entryway tile to wood transition,5,32,not-found,not-found,not-found,not-found,not-given,not-given,not-found
new year entryway decor,4,23,not-found,not-found,not-found,not-found,not-given,not-given,not-found
entryway table decor farmhouse,4,30,not-found,not-found,not-found,not-found,not-given,not-given,not-found
entryway table decor yellow,4,27,not-found,not-found,not-found,not-found,not-given,not-given,not-found
entryway drop zone decor,4,24,not-found,not-found,not-found,not-found,not-given,not-given,not-found
entryway decor gen z,4,20,not-found,not-found,not-found,not-found,not-given,not-given,not-found
zen entryway decor inspiration,4,30,not-found,not-found,not-found,not-found,not-given,not-given,not-found
entryway drop zone decor ideas,5,30,not-found,not-found,not-found,not-found,not-given,not-given,not-found
zen home decor entryway,4,23,not-found,not-found,not-found,not-found,not-given,not-given,not-found
entryway decor sweet 16,4,23,not-found,not-found,not-found,not-found,not-given,not-given,not-found
top 10 farmhouse entryway decor,5,31,not-found,not-found,not-found,not-found,not-given,not-given,not-found
entryway decor 2026,3,19,not-found,not-found,not-found,not-found,not-given,not-given,not-found
entryway decor 2 walls,4,22,not-found,not-found,not-found,not-found,not-given,not-given,not-found
spring entryway table decor 2025,5,32,not-found,not-found,not-found,not-found,not-given,not-given,not-found
entryway table decor 2 lamps,5,28,not-found,not-found,not-found,not-found,not-given,not-given,not-found
entryway christmas decor 2025,4,29,not-found,not-found,not-found,not-found,not-given,not-given,not-found
entryway shoe cabinet,3,21,not-found,not-found,not-found,not-found,not-given,not-given,not-found
christmas entryway table decor 2025,5,35,not-found,not-found,not-found,not-found,not-given,not-given,not-found
2 storey entryway decor,4,23,not-found,not-found,not-found,not-found,not-given,not-given,not-found
2 story entryway wall decor,5,27,not-found,not-found,not-found,not-found,not-given,not-given,not-found
entryway runner ideas,3,21,not-found,not-found,not-found,not-found,not-given,not-given,not-found
2000s entryway decor,3,20,not-found,not-found,not-found,not-found,not-given,not-given,not-found
entryway table decor 3 tier,5,27,not-found,not-found,not-found,not-found,not-given,not-given,not-found
entryway runner rug,3,19,not-found,not-found,not-found,not-found,not-given,not-given,not-found
christmas entryway table decor 3 shelves,6,40,not-found,not-found,not-found,not-found,not-given,not-given,not-found
entryway decor sims 4,4,21,not-found,not-found,not-found,not-found,not-given,not-given,not-found
4th of july entryway decor,5,26,not-found,not-found,not-found,not-found,not-given,not-given,not-found
entryway decor 80s,3,18,not-found,not-found,not-found,not-found,not-given,not-given,not-found
8 cube organizer decor entryway,5,31,not-found,not-found,not-found,not-found,not-given,not-given,not-found
90s entryway decor,3,18,not-found,not-found,not-found,not-found,not-given,not-given,not-found
apartment entryway ideas entrance,4,33,not-found,not-found,not-found,not-found,not-given,not-given,not-found
apartment entryway table,3,24,not-found,not-found,not-found,not-found,not-given,not-given,not-found
entryway decor for quince,4,25,not-found,not-found,not-found,not-found,not-given,not-given,not-found
entryway quiet luxury,3,21,not-found,not-found,not-found,not-found,not-given,not-given,not-found
entryway quotes funny,3,21,not-found,not-found,not-found,not-found,not-given,not-given,not-found
entryway queenslander,2,21,not-found,not-found,not-found,not-found,not-given,not-given,not-found
entryway quilt,2,14,not-found,not-found,not-found,not-found,not-given,not-given,not-found
entryway quirky,2,15,not-found,not-found,not-found,not-found,not-given,not-given,not-found
entryway quotes wood signs,4,26,not-found,not-found,not-found,not-found,not-given,not-given,not-found
entryway quote ideas,3,20,not-found,not-found,not-found,not-found,not-given,not-given,not-found
small apartment hallway entryway,4,32,not-found,not-found,not-found,not-found,not-given,not-given,not-found
modern entryway decor apartment,4,31,not-found,not-found,not-found,not-found,not-given,not-given,not-found
entryway paint,2,14,not-found,not-found,not-found,not-found,not-given,not-given,not-found
apartment entryway ideas cozy,4,29,not-found,not-found,not-found,not-found,not-given,not-given,not-found
apartment entryway bench,3,24,not-found,not-found,not-found,not-found,not-given,not-given,not-found
apartment entryway bench ideas,4,30,not-found,not-found,not-found,not-found,not-given,not-given,not-found
apartment entryway bloxburg,3,27,not-found,not-found,not-found,not-found,not-given,not-given,not-found
apartment entryway behind door,4,30,not-found,not-found,not-found,not-found,not-given,not-given,not-found
apartment entryway built in,4,27,not-found,not-found,not-found,not-found,not-given,not-given,not-found
apartment entryway bookshelf,3,28,not-found,not-found,not-found,not-found,not-given,not-given,not-found
apartment entryway boho,3,23,not-found,not-found,not-found,not-found,not-given,not-given,not-found
apartment entryway black,3,24,not-found,not-found,not-found,not-found,not-given,not-given,not-found
apartment entryway blue,3,23,not-found,not-found,not-found,not-found,not-given,not-given,not-found
apartment entryway building,3,27,not-found,not-found,not-found,not-found,not-given,not-given,not-found
apartment entryway big,3,22,not-found,not-found,not-found,not-found,not-given,not-given,not-found
toca boca apartment entryway,4,28,not-found,not-found,not-found,not-found,not-given,not-given,not-found
apartment entryway closet,3,25,not-found,not-found,not-found,not-found,not-given,not-given,not-found
apartment entryway cabinet,3,26,not-found,not-found,not-found,not-found,not-given,not-given,not-found
apartment entryway coat rack,4,28,not-found,not-found,not-found,not-found,not-given,not-given,not-found
entryway organization tips,3,26,not-found,not-found,not-found,not-found,not-given,not-given,not-found
apartment entryway closet organization,4,38,not-found,not-found,not-found,not-found,not-given,not-given,not-found
apartment entryway corner,3,25,not-found,not-found,not-found,not-found,not-given,not-given,not-found
apartment entryway christmas decor,4,34,not-found,not-found,not-found,not-found,not-given,not-given,not-found
apartment entryway colorful,3,27,not-found,not-found,not-found,not-found,not-given,not-given,not-found
apartment entryway console,3,26,not-found,not-found,not-found,not-found,not-given,not-given,not-found
apartment entryway console table,4,32,not-found,not-found,not-found,not-found,not-given,not-given,not-found
apartment entryway cute,3,23,not-found,not-found,not-found,not-found,not-given,not-given,not-found
entryway no closet,3,18,not-found,not-found,not-found,not-found,not-given,not-given,not-found
entryway nancy meyers,3,21,not-found,not-found,not-found,not-found,not-given,not-given,not-found
apartment entryway divider,3,26,not-found,not-found,not-found,not-found,not-given,not-given,not-found
apartment entryway decor inspiration,4,36,not-found,not-found,not-found,not-found,not-given,not-given,not-found
apartment entryway dining room,4,30,not-found,not-found,not-found,not-found,not-given,not-given,not-found
apartment entryway divider ideas,4,32,not-found,not-found,not-found,not-found,not-given,not-given,not-found
apartment entryway dark,3,23,not-found,not-found,not-found,not-found,not-given,not-given,not-found
apartment entryway decor locker,4,31,not-found,not-found,not-found,not-found,not-given,not-given,not-found
apartment entryway exterior,3,27,not-found,not-found,not-found,not-found,not-given,not-given,not-found
apartment entryway empty,3,24,not-found,not-found,not-found,not-found,not-given,not-given,not-found
apartment entryway shelves,3,26,not-found,not-found,not-found,not-found,not-given,not-given,not-found
apartment front entryway,3,24,not-found,not-found,not-found,not-found,not-given,not-given,not-found
apartment entryway flooring,3,27,not-found,not-found,not-found,not-found,not-given,not-given,not-found
apartment entryway floating shelf,4,33,not-found,not-found,not-found,not-found,not-given,not-given,not-found
apartment entryway floor,3,24,not-found,not-found,not-found,not-found,not-given,not-given,not-found
apartment entryway functional,3,29,not-found,not-found,not-found,not-found,not-given,not-given,not-found
apartment entryway flooring ideas,4,33,not-found,not-found,not-found,not-found,not-given,not-given,not-found
apartment entryway fun,3,22,not-found,not-found,not-found,not-found,not-given,not-given,not-found
entryway mat,2,12,not-found,not-found,not-found,not-found,not-given,not-given,not-found
entryway mudroom,2,16,not-found,not-found,not-found,not-found,not-given,not-given,not-found
first apartment entryway,3,24,not-found,not-found,not-found,not-found,not-given,not-given,not-found
apartment entryway gallery wall,4,31,not-found,not-found,not-found,not-found,not-given,not-given,not-found
entryway mirror,2,15,not-found,not-found,not-found,not-found,not-given,not-given,not-found
apartment entryway grunge,3,25,not-found,not-found,not-found,not-found,not-given,not-given,not-found
apartment entryway garden,3,25,not-found,not-found,not-found,not-found,not-given,not-given,not-found
boy girl apartment entryway,4,27,not-found,not-found,not-found,not-found,not-given,not-given,not-found
cool girl apartment entryway,4,28,not-found,not-found,not-found,not-found,not-given,not-given,not-found
apartment entryway ideas girly,4,30,not-found,not-found,not-found,not-found,not-given,not-given,not-found
green apartment entryway,3,24,not-found,not-found,not-found,not-found,not-given,not-given,not-found
girl apartment entryway,3,23,not-found,not-found,not-found,not-found,not-given,not-given,not-found
apartment entryway hallway ideas,4,32,not-found,not-found,not-found,not-found,not-given,not-given,not-found
apartment entryway hooks,3,24,not-found,not-found,not-found,not-found,not-given,not-given,not-found
entryway light,2,14,not-found,not-found,not-found,not-found,not-given,not-given,not-found
apartment entryway horizontal,3,29,not-found,not-found,not-found,not-found,not-given,not-given,not-found
entryway key hooks,3,18,not-found,not-found,not-found,not-found,not-given,not-given,not-found
entryway key hanger,3,19,not-found,not-found,not-found,not-found,not-given,not-given,not-found
apartment entryway hall ideas,4,29,not-found,not-found,not-found,not-found,not-given,not-given,not-found
entryway kids,2,13,not-found,not-found,not-found,not-found,not-given,not-given,not-found
how to make an entryway in apartment,7,36,not-found,not-found,not-found,not-found,not-given,not-given,not-found
coat hooks entryway apartment,4,29,not-found,not-found,not-found,not-found,not-given,not-given,not-found
apartment entryway ideas aesthetic,4,34,not-found,not-found,not-found,not-found,not-given,not-given,not-found
apartment entryway ideas modern luxury,5,38,not-found,not-found,not-found,not-found,not-given,not-given,not-found
entryway keys ideas,3,19,not-found,not-found,not-found,not-found,not-given,not-given,not-found
apartment entryway into kitchen,4,31,not-found,not-found,not-found,not-found,not-given,not-given,not-found
apartment entryway ideas mid century,5,36,not-found,not-found,not-found,not-found,not-given,not-given,not-found
entryway jacket closet,3,22,not-found,not-found,not-found,not-found,not-given,not-given,not-found
entryway japanese style,3,23,not-found,not-found,not-found,not-found,not-given,not-given,not-found
entryway jacket ideas,3,21,not-found,not-found,not-found,not-found,not-given,not-given,not-found
entryway jackets,2,16,not-found,not-found,not-found,not-found,not-given,not-given,not-found
entryway joinery,2,16,not-found,not-found,not-found,not-found,not-given,not-given,not-found
entryway japandi style,3,22,not-found,not-found,not-found,not-found,not-given,not-given,not-found
entryway jute rug,3,17,not-found,not-found,not-found,not-found,not-given,not-given,not-found
apartment entryway korean,3,25,not-found,not-found,not-found,not-found,not-given,not-given,not-found
entryway jacket and shoe storage,5,32,not-found,not-found,not-found,not-found,not-given,not-given,not-found
key bowl entryway apartment,4,27,not-found,not-found,not-found,not-found,not-given,not-given,not-found
entryway japandi,2,16,not-found,not-found,not-found,not-found,not-given,not-given,not-found
korean apartment entryway aesthetic,4,35,not-found,not-found,not-found,not-found,not-given,not-given,not-found
apartment entryway ideas korean,4,31,not-found,not-found,not-found,not-found,not-given,not-given,not-found
small apartment kitchen entryway,4,32,not-found,not-found,not-found,not-found,not-given,not-given,not-found
apartment entryway ideas kids,4,29,not-found,not-found,not-found,not-found,not-given,not-given,not-found
apartment entryway with kids,4,28,not-found,not-found,not-found,not-found,not-given,not-given,not-found
apartment entryway lighting,3,27,not-found,not-found,not-found,not-found,not-given,not-given,not-found
entryway ideas with mirror,4,26,not-found,not-found,not-found,not-found,not-given,not-given,not-found
entryway ideas decor,3,20,not-found,not-found,not-found,not-found,not-given,not-given,not-found
entryway ideas apartment,3,24,not-found,not-found,not-found,not-found,not-given,not-given,not-found
apartment entryway layout,3,25,not-found,not-found,not-found,not-found,not-given,not-given,not-found
entryway ideas bloxburg,3,23,not-found,not-found,not-found,not-found,not-given,not-given,not-found
apartment entryway lamp,3,23,not-found,not-found,not-found,not-found,not-given,not-given,not-found
apartment entryway long,3,23,not-found,not-found,not-found,not-found,not-given,not-given,not-found
entryway home,2,13,not-found,not-found,not-found,not-found,not-given,not-given,not-found
apartment entryway locker,3,25,not-found,not-found,not-found,not-found,not-given,not-given,not-found
apartment entryway mirror,3,25,not-found,not-found,not-found,not-found,not-given,not-given,not-found
entryway hutch,2,14,not-found,not-found,not-found,not-found,not-given,not-given,not-found
apartment entryway modern,3,25,not-found,not-found,not-found,not-found,not-given,not-given,not-found
apartment entryway mudroom,3,26,not-found,not-found,not-found,not-found,not-given,not-given,not-found
apartment entryway mirror ideas,4,31,not-found,not-found,not-found,not-found,not-given,not-given,not-found
apartment entryway minimal,3,26,not-found,not-found,not-found,not-found,not-given,not-given,not-found
apartment entryway moody,3,24,not-found,not-found,not-found,not-found,not-given,not-given,not-found
apartment entryway makeover,3,27,not-found,not-found,not-found,not-found,not-given,not-given,not-found
apartment entryway minimalist,3,29,not-found,not-found,not-found,not-found,not-given,not-given,not-found
apartment entryway messy,3,24,not-found,not-found,not-found,not-found,not-given,not-given,not-found
apartment entryway narrow,3,25,not-found,not-found,not-found,not-found,not-given,not-given,not-found
apartment entryway nyc,3,22,not-found,not-found,not-found,not-found,not-given,not-given,not-found
entryway gallery,2,16,not-found,not-found,not-found,not-found,not-given,not-given,not-found
entryway gallery wall ideas with bench,6,38,not-found,not-found,not-found,not-found,not-given,not-given,not-found
apartment entryway next to kitchen,5,34,not-found,not-found,not-found,not-found,not-given,not-given,not-found
entryway gate,2,13,not-found,not-found,not-found,not-found,not-given,not-given,not-found
entryway grand,2,14,not-found,not-found,not-found,not-found,not-given,not-given,not-found
small narrow entryway ideas apartment,5,37,not-found,not-found,not-found,not-found,not-given,not-given,not-found
small apartment no entryway ideas,5,33,not-found,not-found,not-found,not-found,not-given,not-given,not-found
new york city apartment entryway,5,32,not-found,not-found,not-found,not-found,not-given,not-given,not-found
eclectic apartment entryway ideas narrow hallways,6,49,not-found,not-found,not-found,not-found,not-given,not-given,not-found
entryway full length mirror,4,27,not-found,not-found,not-found,not-found,not-given,not-given,not-found
entryway floor tile,3,19,not-found,not-found,not-found,not-found,not-given,not-given,not-found
apartment entryway open space,4,29,not-found,not-found,not-found,not-found,not-given,not-given,not-found
apartment entryway organization ideas,4,37,not-found,not-found,not-found,not-found,not-given,not-given,not-found
entryway foyer ideas,3,20,not-found,not-found,not-found,not-found,not-given,not-given,not-found
apartment entryway open,3,23,not-found,not-found,not-found,not-found,not-given,not-given,not-found
apartment entryway office,3,25,not-found,not-found,not-found,not-found,not-given,not-given,not-found
entryway foyer,2,14,not-found,not-found,not-found,not-found,not-given,not-given,not-found
old money apartment entryway,4,28,not-found,not-found,not-found,not-found,not-given,not-given,not-found
open concept entryway ideas apartment,5,37,not-found,not-found,not-found,not-found,not-given,not-given,not-found
entryway of apartment,3,21,not-found,not-found,not-found,not-found,not-given,not-given,not-found
open plan apartment entryway,4,28,not-found,not-found,not-found,not-found,not-given,not-given,not-found
apartment entryway pink,3,23,not-found,not-found,not-found,not-found,not-given,not-given,not-found
entryway easter decor,3,21,not-found,not-found,not-found,not-found,not-given,not-given,not-found
entryway entrance ideas,3,23,not-found,not-found,not-found,not-found,not-given,not-given,not-found
apartment entryway plan,3,23,not-found,not-found,not-found,not-found,not-given,not-given,not-found
entryway exterior ideas,3,23,not-found,not-found,not-found,not-found,not-given,not-given,not-found
parisian apartment aesthetic entryway,4,37,not-found,not-found,not-found,not-found,not-given,not-given,not-found
parisian style apartment entryway,4,33,not-found,not-found,not-found,not-found,not-given,not-given,not-found
apartment entryway ideas plants,4,31,not-found,not-found,not-found,not-found,not-given,not-given,not-found
entryway elegant,2,16,not-found,not-found,not-found,not-found,not-given,not-given,not-found
entryway entrance,2,17,not-found,not-found,not-found,not-found,not-given,not-given,not-found
luxury penthouse apartment entryway,4,35,not-found,not-found,not-found,not-found,not-given,not-given,not-found
apartment entryway rug ideas,4,28,not-found,not-found,not-found,not-found,not-given,not-given,not-found
apartment entryway runner,3,25,not-found,not-found,not-found,not-found,not-given,not-given,not-found
apartment entryway runner rug,4,29,not-found,not-found,not-found,not-found,not-given,not-given,not-found
apartment entryway room divider,4,31,not-found,not-found,not-found,not-found,not-given,not-given,not-found
apartment entryway room,3,23,not-found,not-found,not-found,not-found,not-given,not-given,not-found
apartment entryway retro,3,24,not-found,not-found,not-found,not-found,not-given,not-given,not-found
apartment entryway ideas shoe rack,5,34,not-found,not-found,not-found,not-found,not-given,not-given,not-found
apartment entryway shoe rack,4,28,not-found,not-found,not-found,not-found,not-given,not-given,not-found
apartment living room entryway ideas,5,36,not-found,not-found,not-found,not-found,not-given,not-given,not-found
rental apartment entryway ideas,4,31,not-found,not-found,not-found,not-found,not-given,not-given,not-found
apartment entryway shoe storage,4,31,not-found,not-found,not-found,not-found,not-given,not-given,not-found
apartment entryway shoes,3,24,not-found,not-found,not-found,not-found,not-given,not-given,not-found
apartment entryway small ideas,4,30,not-found,not-found,not-found,not-found,not-given,not-given,not-found
apartment entryway storage cabinet,4,34,not-found,not-found,not-found,not-found,not-given,not-given,not-found
apartment entryway shelf,3,24,not-found,not-found,not-found,not-found,not-given,not-given,not-found
apartment entryway shoe cabinet,4,31,not-found,not-found,not-found,not-found,not-given,not-given,not-found
apartment entryway stairs,3,25,not-found,not-found,not-found,not-found,not-given,not-given,not-found
apartment entryway small space,4,30,not-found,not-found,not-found,not-found,not-given,not-given,not-found
apartment entryway table ideas,4,30,not-found,not-found,not-found,not-found,not-given,not-given,not-found
apartment entryway table decor,4,30,not-found,not-found,not-found,not-found,not-given,not-given,not-found
apartment entryway toca boca,4,28,not-found,not-found,not-found,not-found,not-given,not-given,not-found
apartment entryway tiles,3,24,not-found,not-found,not-found,not-found,not-given,not-given,not-found
apartment entryway tiny,3,23,not-found,not-found,not-found,not-found,not-given,not-given,not-found
apartment entryway to kitchen,4,29,not-found,not-found,not-found,not-found,not-given,not-given,not-found
tiny entryway ideas apartment,4,29,not-found,not-found,not-found,not-found,not-given,not-given,not-found
entry table apartment entryway,4,30,not-found,not-found,not-found,not-found,not-given,not-given,not-found
entryway table styling apartment,4,32,not-found,not-found,not-found,not-found,not-given,not-given,not-found
unique entryway ideas apartment,4,31,not-found,not-found,not-found,not-found,not-given,not-given,not-found
upstairs apartment entryway,3,27,not-found,not-found,not-found,not-found,not-given,not-given,not-found
unique apartment entryway,3,25,not-found,not-found,not-found,not-found,not-given,not-given,not-found
apartment entryway vintage,3,26,not-found,not-found,not-found,not-found,not-given,not-given,not-found
entryway and living room,4,24,not-found,not-found,not-found,not-found,not-given,not-given,not-found
very small apartment entryway ideas,5,35,not-found,not-found,not-found,not-found,not-given,not-given,not-found
entryway artwork ideas,3,22,not-found,not-found,not-found,not-found,not-given,not-given,not-found
vestibule ideas entryway apartment,4,34,not-found,not-found,not-found,not-found,not-given,not-given,not-found
very small apartment entryway,4,29,not-found,not-found,not-found,not-found,not-given,not-given,not-found
vintage apartment aesthetic entryway,4,36,not-found,not-found,not-found,not-found,not-given,not-given,not-found
apartment entryway wall,3,23,not-found,not-found,not-found,not-found,not-given,not-given,not-found
entryway accent wall,3,20,not-found,not-found,not-found,not-found,not-given,not-given,not-found
apartment entryway with bench,4,29,not-found,not-found,not-found,not-found,not-given,not-given,not-found
apartment entryway wall decor ideas,5,35,not-found,not-found,not-found,not-found,not-given,not-given,not-found
apartment entryway wall ideas,4,29,not-found,not-found,not-found,not-found,not-given,not-given,not-found
apartment entryway with mirror,4,30,not-found,not-found,not-found,not-found,not-given,not-given,not-found
apartment entryway with storage,4,31,not-found,not-found,not-found,not-found,not-given,not-given,not-found
apartment entryway wardrobe,3,27,not-found,not-found,not-found,not-found,not-given,not-given,not-found
apartment entryway wide,3,23,not-found,not-found,not-found,not-found,not-given,not-given,not-found
apartment entryway with shoe storage,5,36,not-found,not-found,not-found,not-found,not-given,not-given,not-found
what to do if you don't have an entryway in your apartment,12,58,not-found,not-found,not-found,not-found,not-given,not-given,not-found
new york apartment entryway ideas,5,33,not-found,not-found,not-found,not-found,not-given,not-given,not-found
drop zone entryway apartment,4,28,not-found,not-found,not-found,not-found,not-given,not-given,not-found
drop off zone entryway apartment,5,32,not-found,not-found,not-found,not-found,not-given,not-given,not-found
small entryway ideas apartment drop zone,6,40,not-found,not-found,not-found,not-found,not-given,not-given,not-found
2000s apartment entryway,3,24,not-found,not-found,not-found,not-found,not-given,not-given,not-found
sims 4 entryway apartment,4,25,not-found,not-found,not-found,not-found,not-given,not-given,not-found
70s apartment entryway,3,22,not-found,not-found,not-found,not-found,not-given,not-given,not-found
