Annotation,Word Count,Character Count,Search Volume,Follower Count,Last Updated,Annotation Id,Category Tree,Category Tree Links,Annotation Link
entryway bench,2,14,"48,037",67,"Sep 17, 2026",937964322991,Home Decor > Entryway > Entryway Decor > Entryway Bench,https://www.pinterest.com/ideas/home-decor/935249274030/ > https://www.pinterest.com/ideas/entryway/947659681346/ > https://www.pinterest.com/ideas/entryway-decor/921715628295/ > https://www.pinterest.com/ideas/entryway-bench/937964322991/,https://www.pinterest.com/ideas/entryway-bench/937964322991/
small space living,3,18,"40,231","41,167","Sep 17, 2026",937748303211,Home Decor > Small Space Living,https://www.pinterest.com/ideas/home-decor/935249274030/ > https://www.pinterest.com/ideas/small-space-living/937748303211/,https://www.pinterest.com/ideas/small-space-living/937748303211/
small spaces,2,12,"34,156",941,"Sep 17, 2026",911387775421,Home Decor > Small Spaces,https://www.pinterest.com/ideas/home-decor/935249274030/ > https://www.pinterest.com/ideas/small-spaces/911387775421/,https://www.pinterest.com/ideas/small-spaces/911387775421/
small space organization,3,24,"32,458",13,"Sep 17, 2026",902985925742,Diy And Crafts > Diy Organization > Organization Solutions > Small Space Organization,https://www.pinterest.com/ideas/diy-and-crafts/934876475639/ > https://www.pinterest.com/ideas/diy-organization/910752546716/ > https://www.pinterest.com/ideas/organization-solutions/906754267649/ > https://www.pinterest.com/ideas/small-space-organization/902985925742/,https://www.pinterest.com/ideas/small-space-organization/902985925742/
apartment organization,2,22,"21,000",0,"Sep 17, 2026",959636363445,not-given,not-given,https://www.pinterest.com/ideas/apartment-organization/959636363445/
entryway shoe storage,3,21,"20,844",4,"Sep 17, 2026",894431585511,Home Decor > Storage And Organization > Entryway Shoe Storage,https://www.pinterest.com/ideas/home-decor/935249274030/ > https://www.pinterest.com/ideas/storage-and-organization/896864884493/ > https://www.pinterest.com/ideas/entryway-shoe-storage/894431585511/,https://www.pinterest.com/ideas/entryway-shoe-storage/894431585511/
small space living room ideas,5,29,"18,125",0,"Sep 15, 2026",903164061537,Home Decor > Room Decor > Living Room > Small Space Living Room Ideas,https://www.pinterest.com/ideas/home-decor/935249274030/ > https://www.pinterest.com/ideas/room-decor/916836567854/ > https://www.pinterest.com/ideas/living-room/908763436660/ > https://www.pinterest.com/ideas/small-space-living-room-ideas/903164061537/,https://www.pinterest.com/ideas/small-space-living-room-ideas/903164061537/
small space ideas,3,17,"16,180",0,"Sep 15, 2026",927438409332,Design > Small Space Ideas,https://www.pinterest.com/ideas/design/902065567321/ > https://www.pinterest.com/ideas/small-space-ideas/927438409332/,https://www.pinterest.com/ideas/small-space-ideas/927438409332/
small space bathroom design,4,27,"15,835",0,"Sep 17, 2026",956006214443,Design > Interior Design > Bathroom Design > Small Space Bathroom Design,https://www.pinterest.com/ideas/design/902065567321/ > https://www.pinterest.com/ideas/interior-design/922773544354/ > https://www.pinterest.com/ideas/bathroom-design/929807436204/ > https://www.pinterest.com/ideas/small-space-bathroom-design/956006214443/,https://www.pinterest.com/ideas/small-space-bathroom-design/956006214443/
entryway bench ideas,3,20,"14,515",0,"Sep 17, 2026",895229729758,Home Decor > Entryway > Entryway Bench Ideas,https://www.pinterest.com/ideas/home-decor/935249274030/ > https://www.pinterest.com/ideas/entryway/947659681346/ > https://www.pinterest.com/ideas/entryway-bench-ideas/895229729758/,https://www.pinterest.com/ideas/entryway-bench-ideas/895229729758/
small space staircase,3,21,"13,911",0,"Sep 17, 2026",953917232163,Architecture > Residential Architecture > Small Space Staircase,https://www.pinterest.com/ideas/architecture/918105274631/ > https://www.pinterest.com/ideas/residential-architecture/917763335785/ > https://www.pinterest.com/ideas/small-space-staircase/953917232163/,https://www.pinterest.com/ideas/small-space-staircase/953917232163/
small apartment organization,3,28,"12,287",17,"Sep 17, 2026",911168818198,Home Decor > Storage And Organization > Home Storage Organization > Small Apartment Organization,https://www.pinterest.com/ideas/home-decor/935249274030/ > https://www.pinterest.com/ideas/storage-and-organization/896864884493/ > https://www.pinterest.com/ideas/home-storage-organization/935444130944/ > https://www.pinterest.com/ideas/small-apartment-organization/911168818198/,https://www.pinterest.com/ideas/small-apartment-organization/911168818198/
small space bedroom ideas,4,25,"9,882",0,"Sep 15, 2026",926324741966,Home Decor > Room Decor > Bedroom > Small Space Bedroom Ideas,https://www.pinterest.com/ideas/home-decor/935249274030/ > https://www.pinterest.com/ideas/room-decor/916836567854/ > https://www.pinterest.com/ideas/bedroom/894848527867/ > https://www.pinterest.com/ideas/small-space-bedroom-ideas/926324741966/,https://www.pinterest.com/ideas/small-space-bedroom-ideas/926324741966/
apartment closet organization,3,29,"9,366",0,"Sep 15, 2026",924112208065,Home Decor > Storage And Organization > Closet > Apartment Closet Organization,https://www.pinterest.com/ideas/home-decor/935249274030/ > https://www.pinterest.com/ideas/storage-and-organization/896864884493/ > https://www.pinterest.com/ideas/closet/919930442358/ > https://www.pinterest.com/ideas/apartment-closet-organization/924112208065/,https://www.pinterest.com/ideas/apartment-closet-organization/924112208065/
small space storage ideas,4,25,"9,022",0,"Sep 14, 2026",938035460769,Home Decor > Storage And Organization > Storage Options > Small Space Storage Ideas,https://www.pinterest.com/ideas/home-decor/935249274030/ > https://www.pinterest.com/ideas/storage-and-organization/896864884493/ > https://www.pinterest.com/ideas/storage-options/908493038464/ > https://www.pinterest.com/ideas/small-space-storage-ideas/938035460769/,https://www.pinterest.com/ideas/small-space-storage-ideas/938035460769/
entryway shoe storage ideas,4,27,"9,003",0,"Sep 17, 2026",896822190812,Home Decor > Entryway > Entryway Shoe Storage Ideas,https://www.pinterest.com/ideas/home-decor/935249274030/ > https://www.pinterest.com/ideas/entryway/947659681346/ > https://www.pinterest.com/ideas/entryway-shoe-storage-ideas/896822190812/,https://www.pinterest.com/ideas/entryway-shoe-storage-ideas/896822190812/
small space storage,3,19,"8,680",50,"Sep 15, 2026",921808167253,Home Decor > Storage And Organization > Storage Options > Small Space Storage,https://www.pinterest.com/ideas/home-decor/935249274030/ > https://www.pinterest.com/ideas/storage-and-organization/896864884493/ > https://www.pinterest.com/ideas/storage-options/908493038464/ > https://www.pinterest.com/ideas/small-space-storage/921808167253/,https://www.pinterest.com/ideas/small-space-storage/921808167253/
space saving ideas,3,18,"7,579",0,"Sep 14, 2026",951182490941,Design > Interior Design > Interior Projects > Space Saving Ideas,https://www.pinterest.com/ideas/design/902065567321/ > https://www.pinterest.com/ideas/interior-design/922773544354/ > https://www.pinterest.com/ideas/interior-projects/912784777839/ > https://www.pinterest.com/ideas/space-saving-ideas/951182490941/,https://www.pinterest.com/ideas/space-saving-ideas/951182490941/
apartment organization ideas,3,28,"7,512",0,"Sep 14, 2026",898222853918,Home Decor > Storage And Organization > Home Storage Organization > Apartment Organization Ideas,https://www.pinterest.com/ideas/home-decor/935249274030/ > https://www.pinterest.com/ideas/storage-and-organization/896864884493/ > https://www.pinterest.com/ideas/home-storage-organization/935444130944/ > https://www.pinterest.com/ideas/apartment-organization-ideas/898222853918/,https://www.pinterest.com/ideas/apartment-organization-ideas/898222853918/
small space under stairs ideas,5,30,"7,158",0,"Sep 17, 2026",946182239624,Home Decor > Stairs > Staircase Organization > Small Space Under Stairs Ideas,https://www.pinterest.com/ideas/home-decor/935249274030/ > https://www.pinterest.com/ideas/stairs/896462765850/ > https://www.pinterest.com/ideas/staircase-organization/910492350548/ > https://www.pinterest.com/ideas/small-space-under-stairs-ideas/946182239624/,https://www.pinterest.com/ideas/small-space-under-stairs-ideas/946182239624/
small space living room,4,23,"6,910",1,"Sep 15, 2026",921031023013,Home Decor > Room Decor > Living Room > Small Space Living Room,https://www.pinterest.com/ideas/home-decor/935249274030/ > https://www.pinterest.com/ideas/room-decor/916836567854/ > https://www.pinterest.com/ideas/living-room/908763436660/ > https://www.pinterest.com/ideas/small-space-living-room/921031023013/,https://www.pinterest.com/ideas/small-space-living-room/921031023013/
entryway bench decor,3,20,"6,701",0,"Sep 17, 2026",898453241755,Home Decor > Entryway > Entryway Decor > Entryway Bench Decor,https://www.pinterest.com/ideas/home-decor/935249274030/ > https://www.pinterest.com/ideas/entryway/947659681346/ > https://www.pinterest.com/ideas/entryway-decor/921715628295/ > https://www.pinterest.com/ideas/entryway-bench-decor/898453241755/,https://www.pinterest.com/ideas/entryway-bench-decor/898453241755/
space saving ideas for home,5,27,"6,549",0,"Sep 13, 2026",903464195651,Home Decor > Storage And Organization > Home Storage Organization > Space Saving Ideas For Home,https://www.pinterest.com/ideas/home-decor/935249274030/ > https://www.pinterest.com/ideas/storage-and-organization/896864884493/ > https://www.pinterest.com/ideas/home-storage-organization/935444130944/ > https://www.pinterest.com/ideas/space-saving-ideas-for-home/903464195651/,https://www.pinterest.com/ideas/space-saving-ideas-for-home/903464195651/
entryway ideas with bench,4,25,"5,725",0,"Sep 17, 2026",953514465274,Home Decor > Entryway > Entryway Ideas > Entryway Ideas With Bench,https://www.pinterest.com/ideas/home-decor/935249274030/ > https://www.pinterest.com/ideas/entryway/947659681346/ > https://www.pinterest.com/ideas/entryway-ideas/939790496305/ > https://www.pinterest.com/ideas/entryway-ideas-with-bench/953514465274/,https://www.pinterest.com/ideas/entryway-ideas-with-bench/953514465274/
small space design,3,18,"5,242",0,"Sep 14, 2026",907243281726,Design > Interior Design > Interior Design Modern Minimal > Small Space Design,https://www.pinterest.com/ideas/design/902065567321/ > https://www.pinterest.com/ideas/interior-design/922773544354/ > https://www.pinterest.com/ideas/interior-design-modern-minimal/916467499110/ > https://www.pinterest.com/ideas/small-space-design/907243281726/,https://www.pinterest.com/ideas/small-space-design/907243281726/
small space gardening,3,21,"4,579",13,"Sep 17, 2026",920576865431,Lawn And Garden > Garden Types > Vegetable Gardening > Small Space Gardening,https://www.pinterest.com/ideas/lawn-and-garden/909983286710/ > https://www.pinterest.com/ideas/garden-types/926108676086/ > https://www.pinterest.com/ideas/vegetable-gardening/912792279713/ > https://www.pinterest.com/ideas/small-space-gardening/920576865431/,https://www.pinterest.com/ideas/small-space-gardening/920576865431/
small space kitchen ideas,4,25,"4,473",0,"Sep 17, 2026",917558782889,Home Decor > Small Space Kitchen Ideas,https://www.pinterest.com/ideas/home-decor/935249274030/ > https://www.pinterest.com/ideas/small-space-kitchen-ideas/917558782889/,https://www.pinterest.com/ideas/small-space-kitchen-ideas/917558782889/
small space nursery,3,19,"4,392",1,"Sep 17, 2026",903551616039,Parenting > Baby Ideas > Small Space Nursery,https://www.pinterest.com/ideas/parenting/920236059316/ > https://www.pinterest.com/ideas/baby-ideas/939107457644/ > https://www.pinterest.com/ideas/small-space-nursery/903551616039/,https://www.pinterest.com/ideas/small-space-nursery/903551616039/
diy entryway bench,3,18,"4,278",0,"Sep 17, 2026",900887838055,Diy And Crafts > Diy Interior > Diy Furniture > Diy Entryway Bench,https://www.pinterest.com/ideas/diy-and-crafts/934876475639/ > https://www.pinterest.com/ideas/diy-interior/947657535178/ > https://www.pinterest.com/ideas/diy-furniture/913679799510/ > https://www.pinterest.com/ideas/diy-entryway-bench/900887838055/,https://www.pinterest.com/ideas/diy-entryway-bench/900887838055/
small space office,3,18,"3,243",1,"Sep 17, 2026",906647722556,Design > Small Space Office,https://www.pinterest.com/ideas/design/902065567321/ > https://www.pinterest.com/ideas/small-space-office/906647722556/,https://www.pinterest.com/ideas/small-space-office/906647722556/
small space hacks,3,17,"3,061",0,"Sep 14, 2026",950055628715,Diy And Crafts > Small Space Hacks,https://www.pinterest.com/ideas/diy-and-crafts/934876475639/ > https://www.pinterest.com/ideas/small-space-hacks/950055628715/,https://www.pinterest.com/ideas/small-space-hacks/950055628715/
small space interior design,4,27,"3,039",0,"Sep 17, 2026",934886619933,Design > Interior Design > Interior Design Modern Minimal > Small Space Interior Design,https://www.pinterest.com/ideas/design/902065567321/ > https://www.pinterest.com/ideas/interior-design/922773544354/ > https://www.pinterest.com/ideas/interior-design-modern-minimal/916467499110/ > https://www.pinterest.com/ideas/small-space-interior-design/934886619933/,https://www.pinterest.com/ideas/small-space-interior-design/934886619933/
small space shoe storage,4,24,"2,777",0,"Sep 15, 2026",925642270985,Diy And Crafts > Diy Organization > Storage Ideas And Organization > Small Space Shoe Storage,https://www.pinterest.com/ideas/diy-and-crafts/934876475639/ > https://www.pinterest.com/ideas/diy-organization/910752546716/ > https://www.pinterest.com/ideas/storage-ideas-and-organization/922874017624/ > https://www.pinterest.com/ideas/small-space-shoe-storage/925642270985/,https://www.pinterest.com/ideas/small-space-shoe-storage/925642270985/
entryway bench with shoe storage,5,32,"2,776",0,"Sep 15, 2026",897970570130,Home Decor > Entryway > Entryway Bench With Shoe Storage,https://www.pinterest.com/ideas/home-decor/935249274030/ > https://www.pinterest.com/ideas/entryway/947659681346/ > https://www.pinterest.com/ideas/entryway-bench-with-shoe-storage/897970570130/,https://www.pinterest.com/ideas/entryway-bench-with-shoe-storage/897970570130/
space saving dining table ideas,5,31,"2,638",0,"Sep 15, 2026",957321458725,Home Decor > Room Decor > Dining Room > Space Saving Dining Table Ideas,https://www.pinterest.com/ideas/home-decor/935249274030/ > https://www.pinterest.com/ideas/room-decor/916836567854/ > https://www.pinterest.com/ideas/dining-room/898729085959/ > https://www.pinterest.com/ideas/space-saving-dining-table-ideas/957321458725/,https://www.pinterest.com/ideas/space-saving-dining-table-ideas/957321458725/
small space garden,3,18,"2,566",0,"Sep 17, 2026",930060696523,Lawn And Garden > Lawn And Garden Ideas > Garden Ideas > Small Space Garden,https://www.pinterest.com/ideas/lawn-and-garden/909983286710/ > https://www.pinterest.com/ideas/lawn-and-garden-ideas/909909540942/ > https://www.pinterest.com/ideas/garden-ideas/933462243716/ > https://www.pinterest.com/ideas/small-space-garden/930060696523/,https://www.pinterest.com/ideas/small-space-garden/930060696523/
small space christmas decor,4,27,"2,539",0,"Sep 17, 2026",952773227505,Home Decor > Small Space Christmas Decor,https://www.pinterest.com/ideas/home-decor/935249274030/ > https://www.pinterest.com/ideas/small-space-christmas-decor/952773227505/,https://www.pinterest.com/ideas/small-space-christmas-decor/952773227505/
entryway bench and coat rack,5,28,"2,482",0,"Sep 17, 2026",943011485736,Home Decor > Entryway > Entryway Coat Rack > Entryway Bench And Coat Rack,https://www.pinterest.com/ideas/home-decor/935249274030/ > https://www.pinterest.com/ideas/entryway/947659681346/ > https://www.pinterest.com/ideas/entryway-coat-rack/908024983478/ > https://www.pinterest.com/ideas/entryway-bench-and-coat-rack/943011485736/,https://www.pinterest.com/ideas/entryway-bench-and-coat-rack/943011485736/
entryway bench with storage,4,27,"2,462",0,"Sep 17, 2026",935589484397,Home Decor > Storage And Organization > Entryway Storage > Entryway Bench With Storage,https://www.pinterest.com/ideas/home-decor/935249274030/ > https://www.pinterest.com/ideas/storage-and-organization/896864884493/ > https://www.pinterest.com/ideas/entryway-storage/898874309453/ > https://www.pinterest.com/ideas/entryway-bench-with-storage/935589484397/,https://www.pinterest.com/ideas/entryway-bench-with-storage/935589484397/
small space living hacks,4,24,"2,457",0,"Sep 17, 2026",960523222491,Home Decor > Storage And Organization > Small Space Living Hacks,https://www.pinterest.com/ideas/home-decor/935249274030/ > https://www.pinterest.com/ideas/storage-and-organization/896864884493/ > https://www.pinterest.com/ideas/small-space-living-hacks/960523222491/,https://www.pinterest.com/ideas/small-space-living-hacks/960523222491/
small space nursery ideas,4,25,"2,406",0,"Sep 17, 2026",920153164505,Parenting > Baby Ideas > Small Space Nursery Ideas,https://www.pinterest.com/ideas/parenting/920236059316/ > https://www.pinterest.com/ideas/baby-ideas/939107457644/ > https://www.pinterest.com/ideas/small-space-nursery-ideas/920153164505/,https://www.pinterest.com/ideas/small-space-nursery-ideas/920153164505/
small space solutions,3,21,"2,321","32,117","Sep 14, 2026",921739601830,Home Decor > Small Space Solutions,https://www.pinterest.com/ideas/home-decor/935249274030/ > https://www.pinterest.com/ideas/small-space-solutions/921739601830/,https://www.pinterest.com/ideas/small-space-solutions/921739601830/
small space organization ideas,4,30,"2,319",0,"Sep 17, 2026",925746503685,Home Decor > Storage And Organization > Storage Options > Small Space Organization Ideas,https://www.pinterest.com/ideas/home-decor/935249274030/ > https://www.pinterest.com/ideas/storage-and-organization/896864884493/ > https://www.pinterest.com/ideas/storage-options/908493038464/ > https://www.pinterest.com/ideas/small-space-organization-ideas/925746503685/,https://www.pinterest.com/ideas/small-space-organization-ideas/925746503685/
entryway bench decor ideas,4,26,"2,318",0,"Sep 17, 2026",897656125174,Home Decor > Entryway > Entryway Decor > Entryway Bench Decor Ideas,https://www.pinterest.com/ideas/home-decor/935249274030/ > https://www.pinterest.com/ideas/entryway/947659681346/ > https://www.pinterest.com/ideas/entryway-decor/921715628295/ > https://www.pinterest.com/ideas/entryway-bench-decor-ideas/897656125174/,https://www.pinterest.com/ideas/entryway-bench-decor-ideas/897656125174/
small space tattoo,3,18,"2,300",0,"Sep 17, 2026",913162967510,Art > Body Art > Tattoo Types > Small Space Tattoo,https://www.pinterest.com/ideas/art/961238559656/ > https://www.pinterest.com/ideas/body-art/909337506117/ > https://www.pinterest.com/ideas/tattoo-types/934066852788/ > https://www.pinterest.com/ideas/small-space-tattoo/913162967510/,https://www.pinterest.com/ideas/small-space-tattoo/913162967510/
small space office ideas,4,24,"2,284",0,"Sep 17, 2026",933097230275,Design > Small Space Office Ideas,https://www.pinterest.com/ideas/design/902065567321/ > https://www.pinterest.com/ideas/small-space-office-ideas/933097230275/,https://www.pinterest.com/ideas/small-space-office-ideas/933097230275/
small space coffee bar,4,22,"2,208",0,"Sep 13, 2026",911947551729,Home Decor > Small Space Coffee Bar,https://www.pinterest.com/ideas/home-decor/935249274030/ > https://www.pinterest.com/ideas/small-space-coffee-bar/911947551729/,https://www.pinterest.com/ideas/small-space-coffee-bar/911947551729/
studio apartment organization,3,29,"2,104",0,"Sep 15, 2026",921944253451,Home Decor > Storage And Organization > Studio Apartment Organization,https://www.pinterest.com/ideas/home-decor/935249274030/ > https://www.pinterest.com/ideas/storage-and-organization/896864884493/ > https://www.pinterest.com/ideas/studio-apartment-organization/921944253451/,https://www.pinterest.com/ideas/studio-apartment-organization/921944253451/
small space vanity ideas,4,24,"2,104",0,"Sep 17, 2026",953489272505,Home Decor > Room Decor > Bedroom > Small Space Vanity Ideas,https://www.pinterest.com/ideas/home-decor/935249274030/ > https://www.pinterest.com/ideas/room-decor/916836567854/ > https://www.pinterest.com/ideas/bedroom/894848527867/ > https://www.pinterest.com/ideas/small-space-vanity-ideas/953489272505/,https://www.pinterest.com/ideas/small-space-vanity-ideas/953489272505/
entryway benches,2,16,"2,077",0,"Sep 17, 2026",894352626215,Home Decor > Entryway > Entryway Benches,https://www.pinterest.com/ideas/home-decor/935249274030/ > https://www.pinterest.com/ideas/entryway/947659681346/ > https://www.pinterest.com/ideas/entryway-benches/894352626215/,https://www.pinterest.com/ideas/entryway-benches/894352626215/
small space dining room ideas,5,29,"2,071",0,"Sep 15, 2026",933872380379,Home Decor > Room Decor > Dining Room > Small Space Dining Room Ideas,https://www.pinterest.com/ideas/home-decor/935249274030/ > https://www.pinterest.com/ideas/room-decor/916836567854/ > https://www.pinterest.com/ideas/dining-room/898729085959/ > https://www.pinterest.com/ideas/small-space-dining-room-ideas/933872380379/,https://www.pinterest.com/ideas/small-space-dining-room-ideas/933872380379/
small space laundry room ideas,5,30,"2,066",0,"Sep 17, 2026",936828778610,Home Decor > Utility Room > Laundry Room > Small Space Laundry Room Ideas,https://www.pinterest.com/ideas/home-decor/935249274030/ > https://www.pinterest.com/ideas/utility-room/933014175270/ > https://www.pinterest.com/ideas/laundry-room/899197487992/ > https://www.pinterest.com/ideas/small-space-laundry-room-ideas/936828778610/,https://www.pinterest.com/ideas/small-space-laundry-room-ideas/936828778610/
entryway bench storage,3,22,"2,051",0,"Sep 17, 2026",904187876036,Home Decor > Entryway > Entryway Bench Storage,https://www.pinterest.com/ideas/home-decor/935249274030/ > https://www.pinterest.com/ideas/entryway/947659681346/ > https://www.pinterest.com/ideas/entryway-bench-storage/904187876036/,https://www.pinterest.com/ideas/entryway-bench-storage/904187876036/
small space clothing storage,4,28,"1,989",0,"Sep 17, 2026",947229559959,Womens Fashion > Small Space Clothing Storage,https://www.pinterest.com/ideas/womens-fashion/948967005229/ > https://www.pinterest.com/ideas/small-space-clothing-storage/947229559959/,https://www.pinterest.com/ideas/small-space-clothing-storage/947229559959/
shoe storage bench entryway,4,27,"1,966",0,"Sep 17, 2026",931062182582,Home Decor > Entryway > Entryway Coat Rack > Shoe Storage Bench Entryway,https://www.pinterest.com/ideas/home-decor/935249274030/ > https://www.pinterest.com/ideas/entryway/947659681346/ > https://www.pinterest.com/ideas/entryway-coat-rack/908024983478/ > https://www.pinterest.com/ideas/shoe-storage-bench-entryway/931062182582/,https://www.pinterest.com/ideas/shoe-storage-bench-entryway/931062182582/
small space book storage,4,24,"1,966",0,"Sep 15, 2026",956101928688,Home Decor > Storage And Organization > Storage Options > Small Space Book Storage,https://www.pinterest.com/ideas/home-decor/935249274030/ > https://www.pinterest.com/ideas/storage-and-organization/896864884493/ > https://www.pinterest.com/ideas/storage-options/908493038464/ > https://www.pinterest.com/ideas/small-space-book-storage/956101928688/,https://www.pinterest.com/ideas/small-space-book-storage/956101928688/
small space living and dining room combo,7,40,"1,917",0,"Sep 17, 2026",959774461256,Home Decor > Room Decor > Dining Room > Small Space Living And Dining Room Combo,https://www.pinterest.com/ideas/home-decor/935249274030/ > https://www.pinterest.com/ideas/room-decor/916836567854/ > https://www.pinterest.com/ideas/dining-room/898729085959/ > https://www.pinterest.com/ideas/small-space-living-and-dining-room-combo/959774461256/,https://www.pinterest.com/ideas/small-space-living-and-dining-room-combo/959774461256/
small space garden ideas,4,24,"1,877",0,"Sep 17, 2026",929511590703,Lawn And Garden > Lawn And Garden Ideas > Garden Ideas > Small Space Garden Ideas,https://www.pinterest.com/ideas/lawn-and-garden/909983286710/ > https://www.pinterest.com/ideas/lawn-and-garden-ideas/909909540942/ > https://www.pinterest.com/ideas/garden-ideas/933462243716/ > https://www.pinterest.com/ideas/small-space-garden-ideas/929511590703/,https://www.pinterest.com/ideas/small-space-garden-ideas/929511590703/
small space dining,3,18,"1,850",0,"Sep 15, 2026",936630654478,Home Decor > Room Decor > Dining Room > Small Space Dining,https://www.pinterest.com/ideas/home-decor/935249274030/ > https://www.pinterest.com/ideas/room-decor/916836567854/ > https://www.pinterest.com/ideas/dining-room/898729085959/ > https://www.pinterest.com/ideas/small-space-dining/936630654478/,https://www.pinterest.com/ideas/small-space-dining/936630654478/
small space wardrobe ideas,4,26,"1,842",0,"Sep 13, 2026",954458623065,Home Decor > Storage And Organization > Closet > Small Space Wardrobe Ideas,https://www.pinterest.com/ideas/home-decor/935249274030/ > https://www.pinterest.com/ideas/storage-and-organization/896864884493/ > https://www.pinterest.com/ideas/closet/919930442358/ > https://www.pinterest.com/ideas/small-space-wardrobe-ideas/954458623065/,https://www.pinterest.com/ideas/small-space-wardrobe-ideas/954458623065/
small space closet ideas,4,24,"1,807",0,"Sep 15, 2026",921317812668,Home Decor > Storage And Organization > Closet > Small Space Closet Ideas,https://www.pinterest.com/ideas/home-decor/935249274030/ > https://www.pinterest.com/ideas/storage-and-organization/896864884493/ > https://www.pinterest.com/ideas/closet/919930442358/ > https://www.pinterest.com/ideas/small-space-closet-ideas/921317812668/,https://www.pinterest.com/ideas/small-space-closet-ideas/921317812668/
small space decorating,3,22,"1,797",0,"Sep 17, 2026",902727405676,Home Decor > Home Decor Ideas > Decorating Schemes > Small Space Decorating,https://www.pinterest.com/ideas/home-decor/935249274030/ > https://www.pinterest.com/ideas/home-decor-ideas/897707546790/ > https://www.pinterest.com/ideas/decorating-schemes/900538022520/ > https://www.pinterest.com/ideas/small-space-decorating/902727405676/,https://www.pinterest.com/ideas/small-space-decorating/902727405676/
small space vanity,3,18,"1,756",0,"Sep 17, 2026",946072025388,Home Decor > Furniture > Small Space Vanity,https://www.pinterest.com/ideas/home-decor/935249274030/ > https://www.pinterest.com/ideas/furniture/936760250909/ > https://www.pinterest.com/ideas/small-space-vanity/946072025388/,https://www.pinterest.com/ideas/small-space-vanity/946072025388/
small space vegetable garden,4,28,"1,730",0,"Sep 17, 2026",919614905833,Lawn And Garden > Garden Types > Vegetable Gardening > Small Space Vegetable Garden,https://www.pinterest.com/ideas/lawn-and-garden/909983286710/ > https://www.pinterest.com/ideas/garden-types/926108676086/ > https://www.pinterest.com/ideas/vegetable-gardening/912792279713/ > https://www.pinterest.com/ideas/small-space-vegetable-garden/919614905833/,https://www.pinterest.com/ideas/small-space-vegetable-garden/919614905833/
small space stairs,3,18,"1,729",0,"Sep 17, 2026",895660966892,Architecture > Interior Architecture > Small Space Stairs,https://www.pinterest.com/ideas/architecture/918105274631/ > https://www.pinterest.com/ideas/interior-architecture/959201211515/ > https://www.pinterest.com/ideas/small-space-stairs/895660966892/,https://www.pinterest.com/ideas/small-space-stairs/895660966892/
small space christmas tree,4,26,"1,691",0,"Sep 17, 2026",925499840358,Home Decor > Small Space Christmas Tree,https://www.pinterest.com/ideas/home-decor/935249274030/ > https://www.pinterest.com/ideas/small-space-christmas-tree/925499840358/,https://www.pinterest.com/ideas/small-space-christmas-tree/925499840358/
entryway bench and mirror,4,25,"1,657",0,"Sep 15, 2026",928487816779,Home Decor > Entryway > Entryway Ideas > Entryway Bench And Mirror,https://www.pinterest.com/ideas/home-decor/935249274030/ > https://www.pinterest.com/ideas/entryway/947659681346/ > https://www.pinterest.com/ideas/entryway-ideas/939790496305/ > https://www.pinterest.com/ideas/entryway-bench-and-mirror/928487816779/,https://www.pinterest.com/ideas/entryway-bench-and-mirror/928487816779/
small space house design,4,24,"1,630",0,"Sep 11, 2026",923803988134,Design > Interior Design > House Design > Small Space House Design,https://www.pinterest.com/ideas/design/902065567321/ > https://www.pinterest.com/ideas/interior-design/922773544354/ > https://www.pinterest.com/ideas/house-design/899991296769/ > https://www.pinterest.com/ideas/small-space-house-design/923803988134/,https://www.pinterest.com/ideas/small-space-house-design/923803988134/
small space dressing table ideas,5,32,"1,584",0,"Sep 17, 2026",909135398482,Home Decor > Small Space Dressing Table Ideas,https://www.pinterest.com/ideas/home-decor/935249274030/ > https://www.pinterest.com/ideas/small-space-dressing-table-ideas/909135398482/,https://www.pinterest.com/ideas/small-space-dressing-table-ideas/909135398482/
small home ideas space saving,5,29,"1,569",0,"Sep 15, 2026",950026331652,Home Decor > Storage And Organization > Home Storage Organization > Small Home Ideas Space Saving,https://www.pinterest.com/ideas/home-decor/935249274030/ > https://www.pinterest.com/ideas/storage-and-organization/896864884493/ > https://www.pinterest.com/ideas/home-storage-organization/935444130944/ > https://www.pinterest.com/ideas/small-home-ideas-space-saving/950026331652/,https://www.pinterest.com/ideas/small-home-ideas-space-saving/950026331652/
small space desk ideas,4,22,"1,548",0,"Sep 14, 2026",908771493456,Design > Small Space Desk Ideas,https://www.pinterest.com/ideas/design/902065567321/ > https://www.pinterest.com/ideas/small-space-desk-ideas/908771493456/,https://www.pinterest.com/ideas/small-space-desk-ideas/908771493456/
small space entryway ideas,4,26,"1,525",0,"Sep 15, 2026",932896174984,Home Decor > Entryway > Entryway Ideas > Small Space Entryway Ideas,https://www.pinterest.com/ideas/home-decor/935249274030/ > https://www.pinterest.com/ideas/entryway/947659681346/ > https://www.pinterest.com/ideas/entryway-ideas/939790496305/ > https://www.pinterest.com/ideas/small-space-entryway-ideas/932896174984/,https://www.pinterest.com/ideas/small-space-entryway-ideas/932896174984/
small room ideas bedroom space saving closet organization,8,57,"1,521",0,"Sep 13, 2026",953590673045,Home Decor > Room Decor > Bedroom > Small Room Ideas Bedroom Space Saving Closet Organization,https://www.pinterest.com/ideas/home-decor/935249274030/ > https://www.pinterest.com/ideas/room-decor/916836567854/ > https://www.pinterest.com/ideas/bedroom/894848527867/ > https://www.pinterest.com/ideas/small-room-ideas-bedroom-space-saving-closet-organization/953590673045/,https://www.pinterest.com/ideas/small-room-ideas-bedroom-space-saving-closet-organization/953590673045/
small space tv unit design,5,26,"1,518",0,"Sep 15, 2026",939299047897,Design > Interior Design > Furniture Design > Small Space Tv Unit Design,https://www.pinterest.com/ideas/design/902065567321/ > https://www.pinterest.com/ideas/interior-design/922773544354/ > https://www.pinterest.com/ideas/furniture-design/936735925371/ > https://www.pinterest.com/ideas/small-space-tv-unit-design/939299047897/,https://www.pinterest.com/ideas/small-space-tv-unit-design/939299047897/
6 seater dining table for small space,7,37,"1,448",0,"Sep 13, 2026",955642526408,Home Decor > Room Decor > Dining Room > 6 Seater Dining Table For Small Space,https://www.pinterest.com/ideas/home-decor/935249274030/ > https://www.pinterest.com/ideas/room-decor/916836567854/ > https://www.pinterest.com/ideas/dining-room/898729085959/ > https://www.pinterest.com/ideas/6-seater-dining-table-for-small-space/955642526408/,https://www.pinterest.com/ideas/6-seater-dining-table-for-small-space/955642526408/
small space bathroom ideas,4,26,"1,444",0,"Sep 17, 2026",954990035466,Home Decor > Home Decor Ideas > Interior Ideas > Small Space Bathroom Ideas,https://www.pinterest.com/ideas/home-decor/935249274030/ > https://www.pinterest.com/ideas/home-decor-ideas/897707546790/ > https://www.pinterest.com/ideas/interior-ideas/910686652980/ > https://www.pinterest.com/ideas/small-space-bathroom-ideas/954990035466/,https://www.pinterest.com/ideas/small-space-bathroom-ideas/954990035466/
small space bookshelf,3,21,"1,411",0,"Sep 15, 2026",898572791381,Diy And Crafts > Small Space Bookshelf,https://www.pinterest.com/ideas/diy-and-crafts/934876475639/ > https://www.pinterest.com/ideas/small-space-bookshelf/898572791381/,https://www.pinterest.com/ideas/small-space-bookshelf/898572791381/
small space study table ideas,5,29,"1,319",0,"Sep 13, 2026",920410445021,Design > Small Space Study Table Ideas,https://www.pinterest.com/ideas/design/902065567321/ > https://www.pinterest.com/ideas/small-space-study-table-ideas/920410445021/,https://www.pinterest.com/ideas/small-space-study-table-ideas/920410445021/
small space home gym,4,20,"1,310",0,"Sep 17, 2026",920580584139,Health > Body Fitness > Gym > Small Space Home Gym,https://www.pinterest.com/ideas/health/898620064290/ > https://www.pinterest.com/ideas/body-fitness/950226184512/ > https://www.pinterest.com/ideas/gym/938308955042/ > https://www.pinterest.com/ideas/small-space-home-gym/920580584139/,https://www.pinterest.com/ideas/small-space-home-gym/920580584139/
small space room,3,16,"1,255",0,"Sep 15, 2026",956184520490,Home Decor > Room Decor > Room Styles > Small Space Room,https://www.pinterest.com/ideas/home-decor/935249274030/ > https://www.pinterest.com/ideas/room-decor/916836567854/ > https://www.pinterest.com/ideas/room-styles/960417740898/ > https://www.pinterest.com/ideas/small-space-room/956184520490/,https://www.pinterest.com/ideas/small-space-room/956184520490/
small space home office,4,23,"1,254",0,"Sep 14, 2026",919391171139,Design > Interior Design > Workspace Design > Small Space Home Office,https://www.pinterest.com/ideas/design/902065567321/ > https://www.pinterest.com/ideas/interior-design/922773544354/ > https://www.pinterest.com/ideas/workspace-design/947514713083/ > https://www.pinterest.com/ideas/small-space-home-office/919391171139/,https://www.pinterest.com/ideas/small-space-home-office/919391171139/
small space wall decor,4,22,"1,243",0,"Sep 17, 2026",956204135261,Home Decor > Wall > Wall Decor Background > Small Space Wall Decor,https://www.pinterest.com/ideas/home-decor/935249274030/ > https://www.pinterest.com/ideas/wall/897028410084/ > https://www.pinterest.com/ideas/wall-decor-background/953618690754/ > https://www.pinterest.com/ideas/small-space-wall-decor/956204135261/,https://www.pinterest.com/ideas/small-space-wall-decor/956204135261/
small space toy storage,4,23,"1,226",0,"Sep 15, 2026",954366303338,Parenting > Toys > Toy Storage > Small Space Toy Storage,https://www.pinterest.com/ideas/parenting/920236059316/ > https://www.pinterest.com/ideas/toys/957620480011/ > https://www.pinterest.com/ideas/toy-storage/895477619010/ > https://www.pinterest.com/ideas/small-space-toy-storage/954366303338/,https://www.pinterest.com/ideas/small-space-toy-storage/954366303338/
small space apartment ideas,4,27,"1,207",0,"Sep 15, 2026",938229326418,Home Decor > Home Decor Ideas > Interior House Ideas > Small Space Apartment Ideas,https://www.pinterest.com/ideas/home-decor/935249274030/ > https://www.pinterest.com/ideas/home-decor-ideas/897707546790/ > https://www.pinterest.com/ideas/interior-house-ideas/919083652216/ > https://www.pinterest.com/ideas/small-space-apartment-ideas/938229326418/,https://www.pinterest.com/ideas/small-space-apartment-ideas/938229326418/
small space interior,3,20,"1,193",0,"Sep 15, 2026",959009636678,Architecture > Small Space Interior,https://www.pinterest.com/ideas/architecture/918105274631/ > https://www.pinterest.com/ideas/small-space-interior/959009636678/,https://www.pinterest.com/ideas/small-space-interior/959009636678/
small space stairs design,4,25,"1,177",0,"Sep 17, 2026",921017275063,Design > Interior Design > Interior Projects > Small Space Stairs Design,https://www.pinterest.com/ideas/design/902065567321/ > https://www.pinterest.com/ideas/interior-design/922773544354/ > https://www.pinterest.com/ideas/interior-projects/912784777839/ > https://www.pinterest.com/ideas/small-space-stairs-design/921017275063/,https://www.pinterest.com/ideas/small-space-stairs-design/921017275063/
small space decorating ideas,4,28,"1,154",0,"Sep 17, 2026",910768819179,Home Decor > Home Decor Ideas > Decorating Ideas > Small Space Decorating Ideas,https://www.pinterest.com/ideas/home-decor/935249274030/ > https://www.pinterest.com/ideas/home-decor-ideas/897707546790/ > https://www.pinterest.com/ideas/decorating-ideas/898644795794/ > https://www.pinterest.com/ideas/small-space-decorating-ideas/910768819179/,https://www.pinterest.com/ideas/small-space-decorating-ideas/910768819179/
small space coffee table,4,24,"1,143",0,"Sep 17, 2026",936598060328,Home Decor > Furniture > Furniture Ideas > Small Space Coffee Table,https://www.pinterest.com/ideas/home-decor/935249274030/ > https://www.pinterest.com/ideas/furniture/936760250909/ > https://www.pinterest.com/ideas/furniture-ideas/906382547481/ > https://www.pinterest.com/ideas/small-space-coffee-table/936598060328/,https://www.pinterest.com/ideas/small-space-coffee-table/936598060328/
halltree bench entryway diy,4,27,"1,117",0,"Sep 17, 2026",897791896423,Diy And Crafts > Diy Furniture Building > Furniture Building > Halltree Bench Entryway Diy,https://www.pinterest.com/ideas/diy-and-crafts/934876475639/ > https://www.pinterest.com/ideas/diy-furniture-building/942976798011/ > https://www.pinterest.com/ideas/furniture-building/918705977423/ > https://www.pinterest.com/ideas/halltree-bench-entryway-diy/897791896423/,https://www.pinterest.com/ideas/halltree-bench-entryway-diy/897791896423/
small space design ideas,4,24,"1,047",0,"Sep 17, 2026",904716761072,Design > Design Ideas > Display Ideas > Small Space Design Ideas,https://www.pinterest.com/ideas/design/902065567321/ > https://www.pinterest.com/ideas/design-ideas/947141551186/ > https://www.pinterest.com/ideas/display-ideas/901532594913/ > https://www.pinterest.com/ideas/small-space-design-ideas/904716761072/,https://www.pinterest.com/ideas/small-space-design-ideas/904716761072/
small space gardening ideas,4,27,"1,032",0,"Sep 17, 2026",896987526247,Lawn And Garden > Lawn And Garden Ideas > Outdoor Gardening > Small Space Gardening Ideas,https://www.pinterest.com/ideas/lawn-and-garden/909983286710/ > https://www.pinterest.com/ideas/lawn-and-garden-ideas/909909540942/ > https://www.pinterest.com/ideas/outdoor-gardening/941397344638/ > https://www.pinterest.com/ideas/small-space-gardening-ideas/896987526247/,https://www.pinterest.com/ideas/small-space-gardening-ideas/896987526247/
entryway bench with mirror,4,26,"1,013",0,"Sep 17, 2026",904526372495,Home Decor > Entryway Bench With Mirror,https://www.pinterest.com/ideas/home-decor/935249274030/ > https://www.pinterest.com/ideas/entryway-bench-with-mirror/904526372495/,https://www.pinterest.com/ideas/entryway-bench-with-mirror/904526372495/
small space closet,3,18,"1,002",0,"Sep 15, 2026",901509860671,Home Decor > Storage And Organization > Closet > Small Space Closet,https://www.pinterest.com/ideas/home-decor/935249274030/ > https://www.pinterest.com/ideas/storage-and-organization/896864884493/ > https://www.pinterest.com/ideas/closet/919930442358/ > https://www.pinterest.com/ideas/small-space-closet/901509860671/,https://www.pinterest.com/ideas/small-space-closet/901509860671/
small space craft room,4,22,988,0,"Sep 13, 2026",950861353885,Diy And Crafts > Arts And Craft Organization > Small Space Craft Room,https://www.pinterest.com/ideas/diy-and-crafts/934876475639/ > https://www.pinterest.com/ideas/arts-and-craft-organization/921643375040/ > https://www.pinterest.com/ideas/small-space-craft-room/950861353885/,https://www.pinterest.com/ideas/small-space-craft-room/950861353885/
entryway bench styling,3,22,950,0,"Sep 17, 2026",909226423155,Home Decor > Entryway > Entryway Ideas > Entryway Bench Styling,https://www.pinterest.com/ideas/home-decor/935249274030/ > https://www.pinterest.com/ideas/entryway/947659681346/ > https://www.pinterest.com/ideas/entryway-ideas/939790496305/ > https://www.pinterest.com/ideas/entryway-bench-styling/909226423155/,https://www.pinterest.com/ideas/entryway-bench-styling/909226423155/
small space entryway,3,20,898,0,"Sep 17, 2026",960208259690,Home Decor > Entryway > Entryway Ideas > Small Space Entryway,https://www.pinterest.com/ideas/home-decor/935249274030/ > https://www.pinterest.com/ideas/entryway/947659681346/ > https://www.pinterest.com/ideas/entryway-ideas/939790496305/ > https://www.pinterest.com/ideas/small-space-entryway/960208259690/,https://www.pinterest.com/ideas/small-space-entryway/960208259690/
small space couch,3,17,880,0,"Sep 17, 2026",955924486052,Home Decor > Furniture > Couch > Small Space Couch,https://www.pinterest.com/ideas/home-decor/935249274030/ > https://www.pinterest.com/ideas/furniture/936760250909/ > https://www.pinterest.com/ideas/couch/956658064753/ > https://www.pinterest.com/ideas/small-space-couch/955924486052/,https://www.pinterest.com/ideas/small-space-couch/955924486052/
small space wardrobe,3,20,872,0,"Sep 13, 2026",921604039523,Home Decor > Storage And Organization > Closet > Small Space Wardrobe,https://www.pinterest.com/ideas/home-decor/935249274030/ > https://www.pinterest.com/ideas/storage-and-organization/896864884493/ > https://www.pinterest.com/ideas/closet/919930442358/ > https://www.pinterest.com/ideas/small-space-wardrobe/921604039523/,https://www.pinterest.com/ideas/small-space-wardrobe/921604039523/
small space pantry ideas,4,24,860,0,"Sep 14, 2026",906247886439,Home Decor > Storage And Organization > Kitchen Storage > Small Space Pantry Ideas,https://www.pinterest.com/ideas/home-decor/935249274030/ > https://www.pinterest.com/ideas/storage-and-organization/896864884493/ > https://www.pinterest.com/ideas/kitchen-storage/930230087657/ > https://www.pinterest.com/ideas/small-space-pantry-ideas/906247886439/,https://www.pinterest.com/ideas/small-space-pantry-ideas/906247886439/
small space salon,3,17,845,0,"Sep 17, 2026",914195838200,Design > Interior Design > Retail Space Design > Small Space Salon,https://www.pinterest.com/ideas/design/902065567321/ > https://www.pinterest.com/ideas/interior-design/922773544354/ > https://www.pinterest.com/ideas/retail-space-design/961063398032/ > https://www.pinterest.com/ideas/small-space-salon/914195838200/,https://www.pinterest.com/ideas/small-space-salon/914195838200/
entryway shoe storage bench,4,27,825,0,"Sep 17, 2026",928296329181,Home Decor > Storage And Organization > Entryway Shoe Storage Bench,https://www.pinterest.com/ideas/home-decor/935249274030/ > https://www.pinterest.com/ideas/storage-and-organization/896864884493/ > https://www.pinterest.com/ideas/entryway-shoe-storage-bench/928296329181/,https://www.pinterest.com/ideas/entryway-shoe-storage-bench/928296329181/
small space furniture ideas,4,27,820,0,"Sep 17, 2026",957302285843,Home Decor > Furniture > Furniture Ideas > Small Space Furniture Ideas,https://www.pinterest.com/ideas/home-decor/935249274030/ > https://www.pinterest.com/ideas/furniture/936760250909/ > https://www.pinterest.com/ideas/furniture-ideas/906382547481/ > https://www.pinterest.com/ideas/small-space-furniture-ideas/957302285843/,https://www.pinterest.com/ideas/small-space-furniture-ideas/957302285843/
small space laundry room,4,24,805,0,"Sep 11, 2026",917146111859,Home Decor > Utility Room > Laundry Room > Small Space Laundry Room,https://www.pinterest.com/ideas/home-decor/935249274030/ > https://www.pinterest.com/ideas/utility-room/933014175270/ > https://www.pinterest.com/ideas/laundry-room/899197487992/ > https://www.pinterest.com/ideas/small-space-laundry-room/917146111859/,https://www.pinterest.com/ideas/small-space-laundry-room/917146111859/
small space bookshelf ideas,4,27,796,0,"Sep 15, 2026",907642705713,Design > Design Ideas > Display Ideas > Small Space Bookshelf Ideas,https://www.pinterest.com/ideas/design/902065567321/ > https://www.pinterest.com/ideas/design-ideas/947141551186/ > https://www.pinterest.com/ideas/display-ideas/901532594913/ > https://www.pinterest.com/ideas/small-space-bookshelf-ideas/907642705713/,https://www.pinterest.com/ideas/small-space-bookshelf-ideas/907642705713/
entryway bench diy,3,18,794,0,"Sep 17, 2026",923389293598,Diy And Crafts > Diy Furniture Building > Furniture Building > Entryway Bench Diy,https://www.pinterest.com/ideas/diy-and-crafts/934876475639/ > https://www.pinterest.com/ideas/diy-furniture-building/942976798011/ > https://www.pinterest.com/ideas/furniture-building/918705977423/ > https://www.pinterest.com/ideas/entryway-bench-diy/923389293598/,https://www.pinterest.com/ideas/entryway-bench-diy/923389293598/
small space buns,3,16,780,0,"Sep 17, 2026",897346411684,Womens Fashion > Lifestyle Tips For Women > Small Space Buns,https://www.pinterest.com/ideas/womens-fashion/948967005229/ > https://www.pinterest.com/ideas/lifestyle-tips-for-women/931202658317/ > https://www.pinterest.com/ideas/small-space-buns/897346411684/,https://www.pinterest.com/ideas/small-space-buns/897346411684/
small room for two kids space saving bedroom ideas,9,50,775,0,"Sep 13, 2026",904264183198,Small Room For Two Kids Space Saving Bedroom Ideas,https://www.pinterest.com/ideas/small-room-for-two-kids-space-saving-bedroom-ideas/904264183198/,https://www.pinterest.com/ideas/small-room-for-two-kids-space-saving-bedroom-ideas/904264183198/
small space organization bedroom,4,32,768,0,"Sep 14, 2026",903691599064,Home Decor > Storage And Organization > Bedroom Storage > Small Space Organization Bedroom,https://www.pinterest.com/ideas/home-decor/935249274030/ > https://www.pinterest.com/ideas/storage-and-organization/896864884493/ > https://www.pinterest.com/ideas/bedroom-storage/934057015159/ > https://www.pinterest.com/ideas/small-space-organization-bedroom/903691599064/,https://www.pinterest.com/ideas/small-space-organization-bedroom/903691599064/
small space gym,3,15,722,0,"Sep 15, 2026",953236572811,Health > Body Fitness > Gym > Small Space Gym,https://www.pinterest.com/ideas/health/898620064290/ > https://www.pinterest.com/ideas/body-fitness/950226184512/ > https://www.pinterest.com/ideas/gym/938308955042/ > https://www.pinterest.com/ideas/small-space-gym/953236572811/,https://www.pinterest.com/ideas/small-space-gym/953236572811/
small space baby,3,16,717,0,"Nov 3, 2025",914151755017,Parenting > Baby Stage > Small Space Baby,https://www.pinterest.com/ideas/parenting/920236059316/ > https://www.pinterest.com/ideas/baby-stage/936834657360/ > https://www.pinterest.com/ideas/small-space-baby/914151755017/,https://www.pinterest.com/ideas/small-space-baby/914151755017/
small space living ideas,4,24,710,0,"Sep 17, 2026",961360978872,Small Space Living Ideas,https://www.pinterest.com/ideas/small-space-living-ideas/961360978872/,https://www.pinterest.com/ideas/small-space-living-ideas/961360978872/
small space home decor ideas,5,28,709,0,"Sep 17, 2026",911944902428,Home Decor > Home Decor Ideas > Decorating Ideas > Small Space Home Decor Ideas,https://www.pinterest.com/ideas/home-decor/935249274030/ > https://www.pinterest.com/ideas/home-decor-ideas/897707546790/ > https://www.pinterest.com/ideas/decorating-ideas/898644795794/ > https://www.pinterest.com/ideas/small-space-home-decor-ideas/911944902428/,https://www.pinterest.com/ideas/small-space-home-decor-ideas/911944902428/
small space shoe storage ideas,5,30,696,0,"Sep 15, 2026",933697479588,Home Decor > Home Accessories > Small Space Shoe Storage Ideas,https://www.pinterest.com/ideas/home-decor/935249274030/ > https://www.pinterest.com/ideas/home-accessories/946284018351/ > https://www.pinterest.com/ideas/small-space-shoe-storage-ideas/933697479588/,https://www.pinterest.com/ideas/small-space-shoe-storage-ideas/933697479588/
small space reading nook,4,24,687,0,"Sep 17, 2026",936412392907,Home Decor > Small Space Reading Nook,https://www.pinterest.com/ideas/home-decor/935249274030/ > https://www.pinterest.com/ideas/small-space-reading-nook/936412392907/,https://www.pinterest.com/ideas/small-space-reading-nook/936412392907/
small space clothes storage ideas,5,33,679,0,"Sep 15, 2026",956927104872,Diy And Crafts > Diy Organization > Storage Ideas And Organization > Small Space Clothes Storage Ideas,https://www.pinterest.com/ideas/diy-and-crafts/934876475639/ > https://www.pinterest.com/ideas/diy-organization/910752546716/ > https://www.pinterest.com/ideas/storage-ideas-and-organization/922874017624/ > https://www.pinterest.com/ideas/small-space-clothes-storage-ideas/956927104872/,https://www.pinterest.com/ideas/small-space-clothes-storage-ideas/956927104872/
small space organization hacks,4,30,665,0,"Sep 17, 2026",907454907932,Home Decor > Storage And Organization > Home Storage Organization > Small Space Organization Hacks,https://www.pinterest.com/ideas/home-decor/935249274030/ > https://www.pinterest.com/ideas/storage-and-organization/896864884493/ > https://www.pinterest.com/ideas/home-storage-organization/935444130944/ > https://www.pinterest.com/ideas/small-space-organization-hacks/907454907932/,https://www.pinterest.com/ideas/small-space-organization-hacks/907454907932/
small space house,3,17,662,0,"Sep 17, 2026",903636633691,Small Space House,https://www.pinterest.com/ideas/small-space-house/903636633691/,https://www.pinterest.com/ideas/small-space-house/903636633691/
small space pantry,3,18,656,0,"Sep 15, 2026",952113394468,Home Decor > Storage And Organization > Kitchen Storage > Small Space Pantry,https://www.pinterest.com/ideas/home-decor/935249274030/ > https://www.pinterest.com/ideas/storage-and-organization/896864884493/ > https://www.pinterest.com/ideas/kitchen-storage/930230087657/ > https://www.pinterest.com/ideas/small-space-pantry/952113394468/,https://www.pinterest.com/ideas/small-space-pantry/952113394468/
small space craft storage,4,25,654,0,"Sep 15, 2026",957117108599,Diy And Crafts > Diy Organization > Craft Room Organization > Small Space Craft Storage,https://www.pinterest.com/ideas/diy-and-crafts/934876475639/ > https://www.pinterest.com/ideas/diy-organization/910752546716/ > https://www.pinterest.com/ideas/craft-room-organization/958185234525/ > https://www.pinterest.com/ideas/small-space-craft-storage/957117108599/,https://www.pinterest.com/ideas/small-space-craft-storage/957117108599/
small space homeschool room,4,27,643,0,"Sep 17, 2026",955266970303,Education > Small Space Homeschool Room,https://www.pinterest.com/ideas/education/922134410098/ > https://www.pinterest.com/ideas/small-space-homeschool-room/955266970303/,https://www.pinterest.com/ideas/small-space-homeschool-room/955266970303/
entryway bench and hooks,4,24,632,0,"Sep 17, 2026",927873482753,Home Decor > Entryway > Entryway Coat Rack > Entryway Bench And Hooks,https://www.pinterest.com/ideas/home-decor/935249274030/ > https://www.pinterest.com/ideas/entryway/947659681346/ > https://www.pinterest.com/ideas/entryway-coat-rack/908024983478/ > https://www.pinterest.com/ideas/entryway-bench-and-hooks/927873482753/,https://www.pinterest.com/ideas/entryway-bench-and-hooks/927873482753/
small space library,3,19,628,0,"Sep 17, 2026",934446707599,Home Decor > Storage And Organization > Small Space Library,https://www.pinterest.com/ideas/home-decor/935249274030/ > https://www.pinterest.com/ideas/storage-and-organization/896864884493/ > https://www.pinterest.com/ideas/small-space-library/934446707599/,https://www.pinterest.com/ideas/small-space-library/934446707599/
apartment organization hacks,3,28,623,0,"Sep 14, 2026",956183093975,Home Decor > Storage And Organization > Home Storage Organization > Apartment Organization Hacks,https://www.pinterest.com/ideas/home-decor/935249274030/ > https://www.pinterest.com/ideas/storage-and-organization/896864884493/ > https://www.pinterest.com/ideas/home-storage-organization/935444130944/ > https://www.pinterest.com/ideas/apartment-organization-hacks/956183093975/,https://www.pinterest.com/ideas/apartment-organization-hacks/956183093975/
tiny studio apartment ideas space saving,6,40,615,0,"Sep 15, 2026",939708923669,Home Decor > Storage And Organization > Tiny Studio Apartment Ideas Space Saving,https://www.pinterest.com/ideas/home-decor/935249274030/ > https://www.pinterest.com/ideas/storage-and-organization/896864884493/ > https://www.pinterest.com/ideas/tiny-studio-apartment-ideas-space-saving/939708923669/,https://www.pinterest.com/ideas/tiny-studio-apartment-ideas-space-saving/939708923669/
small space home office ideas,5,29,606,0,"Sep 14, 2026",949555785436,Design > Interior Design > Workspace Design > Small Space Home Office Ideas,https://www.pinterest.com/ideas/design/902065567321/ > https://www.pinterest.com/ideas/interior-design/922773544354/ > https://www.pinterest.com/ideas/workspace-design/947514713083/ > https://www.pinterest.com/ideas/small-space-home-office-ideas/949555785436/,https://www.pinterest.com/ideas/small-space-home-office-ideas/949555785436/
mudroom ideas entryway with shoe storage,6,40,595,0,"Sep 14, 2026",912016882330,Mudroom Ideas Entryway With Shoe Storage,https://www.pinterest.com/ideas/mudroom-ideas-entryway-with-shoe-storage/912016882330/,https://www.pinterest.com/ideas/mudroom-ideas-entryway-with-shoe-storage/912016882330/
apartment organization aesthetic,3,32,584,0,"Sep 17, 2026",948088408616,Home Decor > Apartment Organization Aesthetic,https://www.pinterest.com/ideas/home-decor/935249274030/ > https://www.pinterest.com/ideas/apartment-organization-aesthetic/948088408616/,https://www.pinterest.com/ideas/apartment-organization-aesthetic/948088408616/
entryway shoe storage ideas entrance,5,36,567,0,"Sep 17, 2026",952964368435,Home Decor > Entryway > Entryway Shoe Storage Ideas Entrance,https://www.pinterest.com/ideas/home-decor/935249274030/ > https://www.pinterest.com/ideas/entryway/947659681346/ > https://www.pinterest.com/ideas/entryway-shoe-storage-ideas-entrance/952964368435/,https://www.pinterest.com/ideas/entryway-shoe-storage-ideas-entrance/952964368435/
small space kitchen storage,4,27,558,0,"Sep 17, 2026",951757198539,Home Decor > Storage And Organization > Kitchen Storage > Small Space Kitchen Storage,https://www.pinterest.com/ideas/home-decor/935249274030/ > https://www.pinterest.com/ideas/storage-and-organization/896864884493/ > https://www.pinterest.com/ideas/kitchen-storage/930230087657/ > https://www.pinterest.com/ideas/small-space-kitchen-storage/951757198539/,https://www.pinterest.com/ideas/small-space-kitchen-storage/951757198539/
small space table,3,17,556,0,"Sep 14, 2026",958173220895,Home Decor > Furniture > Small Space Table,https://www.pinterest.com/ideas/home-decor/935249274030/ > https://www.pinterest.com/ideas/furniture/936760250909/ > https://www.pinterest.com/ideas/small-space-table/958173220895/,https://www.pinterest.com/ideas/small-space-table/958173220895/
small space tattoo ideas,4,24,553,0,"Sep 17, 2026",961963901014,Small Space Tattoo Ideas,https://www.pinterest.com/ideas/small-space-tattoo-ideas/961963901014/,https://www.pinterest.com/ideas/small-space-tattoo-ideas/961963901014/
small space gaming setup,4,24,532,0,"Sep 17, 2026",929023450489,Electronics > Gaming Console > Gaming Setup > Small Space Gaming Setup,https://www.pinterest.com/ideas/electronics/960887632144/ > https://www.pinterest.com/ideas/gaming-console/947845636086/ > https://www.pinterest.com/ideas/gaming-setup/937428634171/ > https://www.pinterest.com/ideas/small-space-gaming-setup/929023450489/,https://www.pinterest.com/ideas/small-space-gaming-setup/929023450489/
small space walk in closet,5,26,531,0,"Sep 17, 2026",906209200743,Home Decor > Room Decor > Bedroom > Small Space Walk In Closet,https://www.pinterest.com/ideas/home-decor/935249274030/ > https://www.pinterest.com/ideas/room-decor/916836567854/ > https://www.pinterest.com/ideas/bedroom/894848527867/ > https://www.pinterest.com/ideas/small-space-walk-in-closet/906209200743/,https://www.pinterest.com/ideas/small-space-walk-in-closet/906209200743/
small space inspiration,3,23,526,0,"Sep 17, 2026",914789843580,Home Decor > Home Decor Ideas > Interior Ideas > Small Space Inspiration,https://www.pinterest.com/ideas/home-decor/935249274030/ > https://www.pinterest.com/ideas/home-decor-ideas/897707546790/ > https://www.pinterest.com/ideas/interior-ideas/910686652980/ > https://www.pinterest.com/ideas/small-space-inspiration/914789843580/,https://www.pinterest.com/ideas/small-space-inspiration/914789843580/
small space tv wall,4,19,511,0,"Sep 15, 2026",959016846206,Home Decor > Wall > Wall Unit > Small Space Tv Wall,https://www.pinterest.com/ideas/home-decor/935249274030/ > https://www.pinterest.com/ideas/wall/897028410084/ > https://www.pinterest.com/ideas/wall-unit/909542561846/ > https://www.pinterest.com/ideas/small-space-tv-wall/959016846206/,https://www.pinterest.com/ideas/small-space-tv-wall/959016846206/
small space layout,3,18,501,0,"Sep 17, 2026",924099549783,Architecture > Small Space Layout,https://www.pinterest.com/ideas/architecture/918105274631/ > https://www.pinterest.com/ideas/small-space-layout/924099549783/,https://www.pinterest.com/ideas/small-space-layout/924099549783/
small space toy organization,4,28,499,0,"Sep 15, 2026",929883006962,Parenting > Toys > Toy Storage > Small Space Toy Organization,https://www.pinterest.com/ideas/parenting/920236059316/ > https://www.pinterest.com/ideas/toys/957620480011/ > https://www.pinterest.com/ideas/toy-storage/895477619010/ > https://www.pinterest.com/ideas/small-space-toy-organization/929883006962/,https://www.pinterest.com/ideas/small-space-toy-organization/929883006962/
small room organization bedroom space saving storage ideas,8,58,498,0,"Sep 13, 2026",936533603593,Home Decor > Storage And Organization > Bedroom Storage > Small Room Organization Bedroom Space Saving Storage Ideas,https://www.pinterest.com/ideas/home-decor/935249274030/ > https://www.pinterest.com/ideas/storage-and-organization/896864884493/ > https://www.pinterest.com/ideas/bedroom-storage/934057015159/ > https://www.pinterest.com/ideas/small-room-organization-bedroom-space-saving-storage-ideas/936533603593/,https://www.pinterest.com/ideas/small-room-organization-bedroom-space-saving-storage-ideas/936533603593/
small space tv unit,4,19,494,0,"Sep 15, 2026",935016638831,Home Decor > Furniture > Media Console > Small Space Tv Unit,https://www.pinterest.com/ideas/home-decor/935249274030/ > https://www.pinterest.com/ideas/furniture/936760250909/ > https://www.pinterest.com/ideas/media-console/914489847107/ > https://www.pinterest.com/ideas/small-space-tv-unit/935016638831/,https://www.pinterest.com/ideas/small-space-tv-unit/935016638831/
small space coffee station,4,26,483,0,"Sep 13, 2026",946382206885,Home Decor > Small Space Coffee Station,https://www.pinterest.com/ideas/home-decor/935249274030/ > https://www.pinterest.com/ideas/small-space-coffee-station/946382206885/,https://www.pinterest.com/ideas/small-space-coffee-station/946382206885/
small space room decor,4,22,465,0,"Sep 15, 2026",921639163034,Small Space Room Decor,https://www.pinterest.com/ideas/small-space-room-decor/921639163034/,https://www.pinterest.com/ideas/small-space-room-decor/921639163034/
entryway console table with shoe storage,6,40,463,0,"Sep 17, 2026",904758451789,Entryway Console Table With Shoe Storage,https://www.pinterest.com/ideas/entryway-console-table-with-shoe-storage/904758451789/,https://www.pinterest.com/ideas/entryway-console-table-with-shoe-storage/904758451789/
small space massage room ideas,5,30,460,0,"Sep 17, 2026",931756690791,Health > Wellness Centre > Small Space Massage Room Ideas,https://www.pinterest.com/ideas/health/898620064290/ > https://www.pinterest.com/ideas/wellness-centre/936470924483/ > https://www.pinterest.com/ideas/small-space-massage-room-ideas/931756690791/,https://www.pinterest.com/ideas/small-space-massage-room-ideas/931756690791/
diy shoe bench entryway,4,23,457,0,"Sep 13, 2026",902817844515,Diy And Crafts > Diy Furniture Building > Diy Outdoor Seating Area > Diy Shoe Bench Entryway,https://www.pinterest.com/ideas/diy-and-crafts/934876475639/ > https://www.pinterest.com/ideas/diy-furniture-building/942976798011/ > https://www.pinterest.com/ideas/diy-outdoor-seating-area/959190571818/ > https://www.pinterest.com/ideas/diy-shoe-bench-entryway/902817844515/,https://www.pinterest.com/ideas/diy-shoe-bench-entryway/902817844515/
small apartment organization hacks,4,34,455,0,"Sep 17, 2026",950235544134,Home Decor > Storage And Organization > Small Apartment Organization Hacks,https://www.pinterest.com/ideas/home-decor/935249274030/ > https://www.pinterest.com/ideas/storage-and-organization/896864884493/ > https://www.pinterest.com/ideas/small-apartment-organization-hacks/950235544134/,https://www.pinterest.com/ideas/small-apartment-organization-hacks/950235544134/
small space homeschool organization,4,35,444,0,"Sep 17, 2026",955148844401,Education > Home School > Small Space Homeschool Organization,https://www.pinterest.com/ideas/education/922134410098/ > https://www.pinterest.com/ideas/home-school/958895975672/ > https://www.pinterest.com/ideas/small-space-homeschool-organization/955148844401/,https://www.pinterest.com/ideas/small-space-homeschool-organization/955148844401/
small space art studio,4,22,432,0,"Sep 17, 2026",936050799652,Art > Art Studios > Art Studio > Small Space Art Studio,https://www.pinterest.com/ideas/art/961238559656/ > https://www.pinterest.com/ideas/art-studios/933483168289/ > https://www.pinterest.com/ideas/art-studio/919863443454/ > https://www.pinterest.com/ideas/small-space-art-studio/936050799652/,https://www.pinterest.com/ideas/small-space-art-studio/936050799652/
small space room design,4,23,426,0,"Sep 15, 2026",907560492097,Design > Interior Design > House Design > Small Space Room Design,https://www.pinterest.com/ideas/design/902065567321/ > https://www.pinterest.com/ideas/interior-design/922773544354/ > https://www.pinterest.com/ideas/house-design/899991296769/ > https://www.pinterest.com/ideas/small-space-room-design/907560492097/,https://www.pinterest.com/ideas/small-space-room-design/907560492097/
small space patio ideas,4,23,420,0,"Sep 17, 2026",944533134773,Lawn And Garden > Small Space Patio Ideas,https://www.pinterest.com/ideas/lawn-and-garden/909983286710/ > https://www.pinterest.com/ideas/small-space-patio-ideas/944533134773/,https://www.pinterest.com/ideas/small-space-patio-ideas/944533134773/
small space makeup organization,4,31,392,0,"Sep 17, 2026",897282463805,Beauty > Makeup > Makeup Storage > Small Space Makeup Organization,https://www.pinterest.com/ideas/beauty/935541271955/ > https://www.pinterest.com/ideas/makeup/948264532184/ > https://www.pinterest.com/ideas/makeup-storage/938789337858/ > https://www.pinterest.com/ideas/small-space-makeup-organization/897282463805/,https://www.pinterest.com/ideas/small-space-makeup-organization/897282463805/
entryway bench modern,3,21,387,0,"Sep 15, 2026",926139056036,Home Decor > Entryway > Entryway Ideas > Entryway Bench Modern,https://www.pinterest.com/ideas/home-decor/935249274030/ > https://www.pinterest.com/ideas/entryway/947659681346/ > https://www.pinterest.com/ideas/entryway-ideas/939790496305/ > https://www.pinterest.com/ideas/entryway-bench-modern/926139056036/,https://www.pinterest.com/ideas/entryway-bench-modern/926139056036/
small space wallpaper,3,21,375,0,"Sep 17, 2026",953887138112,Home Decor > Small Space Wallpaper,https://www.pinterest.com/ideas/home-decor/935249274030/ > https://www.pinterest.com/ideas/small-space-wallpaper/953887138112/,https://www.pinterest.com/ideas/small-space-wallpaper/953887138112/
small space table ideas,4,23,368,0,"Sep 14, 2026",961456570243,Home Decor > Furniture > Small Space Table Ideas,https://www.pinterest.com/ideas/home-decor/935249274030/ > https://www.pinterest.com/ideas/furniture/936760250909/ > https://www.pinterest.com/ideas/small-space-table-ideas/961456570243/,https://www.pinterest.com/ideas/small-space-table-ideas/961456570243/
small space nightstand ideas,4,28,358,0,"Sep 17, 2026",928801567390,Home Decor > Room Decor > Bedroom > Small Space Nightstand Ideas,https://www.pinterest.com/ideas/home-decor/935249274030/ > https://www.pinterest.com/ideas/room-decor/916836567854/ > https://www.pinterest.com/ideas/bedroom/894848527867/ > https://www.pinterest.com/ideas/small-space-nightstand-ideas/928801567390/,https://www.pinterest.com/ideas/small-space-nightstand-ideas/928801567390/
small space work from home,5,26,358,0,"Sep 17, 2026",930549294096,Home Decor > Room Decor > Home Office > Small Space Work From Home,https://www.pinterest.com/ideas/home-decor/935249274030/ > https://www.pinterest.com/ideas/room-decor/916836567854/ > https://www.pinterest.com/ideas/home-office/913046384068/ > https://www.pinterest.com/ideas/small-space-work-from-home/930549294096/,https://www.pinterest.com/ideas/small-space-work-from-home/930549294096/
entryway table shoe storage,4,27,352,0,"Sep 17, 2026",906446415416,Home Decor > Entryway > Entry Table > Entryway Table Shoe Storage,https://www.pinterest.com/ideas/home-decor/935249274030/ > https://www.pinterest.com/ideas/entryway/947659681346/ > https://www.pinterest.com/ideas/entry-table/893952468325/ > https://www.pinterest.com/ideas/entryway-table-shoe-storage/906446415416/,https://www.pinterest.com/ideas/entryway-table-shoe-storage/906446415416/
diy shoe storage entryway,4,25,350,0,"Sep 15, 2026",939785798922,Diy And Crafts > Diy Organization > Diy Home Storage > Diy Shoe Storage Entryway,https://www.pinterest.com/ideas/diy-and-crafts/934876475639/ > https://www.pinterest.com/ideas/diy-organization/910752546716/ > https://www.pinterest.com/ideas/diy-home-storage/902693060684/ > https://www.pinterest.com/ideas/diy-shoe-storage-entryway/939785798922/,https://www.pinterest.com/ideas/diy-shoe-storage-entryway/939785798922/
small space play area,4,21,349,0,"Sep 17, 2026",912885420698,Parenting > Toys > Small Space Play Area,https://www.pinterest.com/ideas/parenting/920236059316/ > https://www.pinterest.com/ideas/toys/957620480011/ > https://www.pinterest.com/ideas/small-space-play-area/912885420698/,https://www.pinterest.com/ideas/small-space-play-area/912885420698/
small ensuite bathroom ideas space saving corner showers,8,56,347,0,"Sep 11, 2026",921511250716,Home Decor > Home Decor Styles > Small Ensuite Bathroom Ideas Space Saving Corner Showers,https://www.pinterest.com/ideas/home-decor/935249274030/ > https://www.pinterest.com/ideas/home-decor-styles/932406387708/ > https://www.pinterest.com/ideas/small-ensuite-bathroom-ideas-space-saving-corner-showers/921511250716/,https://www.pinterest.com/ideas/small-ensuite-bathroom-ideas-space-saving-corner-showers/921511250716/
small space next to fridge,5,26,340,0,"Sep 17, 2026",943062678884,Home Decor > Storage And Organization > Small Space Next To Fridge,https://www.pinterest.com/ideas/home-decor/935249274030/ > https://www.pinterest.com/ideas/storage-and-organization/896864884493/ > https://www.pinterest.com/ideas/small-space-next-to-fridge/943062678884/,https://www.pinterest.com/ideas/small-space-next-to-fridge/943062678884/
small space hamper ideas,4,24,338,0,"Sep 13, 2026",906964724367,Home Decor > Storage And Organization > Small Space Hamper Ideas,https://www.pinterest.com/ideas/home-decor/935249274030/ > https://www.pinterest.com/ideas/storage-and-organization/896864884493/ > https://www.pinterest.com/ideas/small-space-hamper-ideas/906964724367/,https://www.pinterest.com/ideas/small-space-hamper-ideas/906964724367/
entryway bench and table,4,24,328,0,"Sep 13, 2026",928937502832,Home Decor > Entryway > Entry Table > Entryway Bench And Table,https://www.pinterest.com/ideas/home-decor/935249274030/ > https://www.pinterest.com/ideas/entryway/947659681346/ > https://www.pinterest.com/ideas/entry-table/893952468325/ > https://www.pinterest.com/ideas/entryway-bench-and-table/928937502832/,https://www.pinterest.com/ideas/entryway-bench-and-table/928937502832/
small space above kitchen cabinets,5,34,322,0,"Sep 17, 2026",903198515423,Home Decor > Storage And Organization > Kitchen Cabinet Storage > Small Space Above Kitchen Cabinets,https://www.pinterest.com/ideas/home-decor/935249274030/ > https://www.pinterest.com/ideas/storage-and-organization/896864884493/ > https://www.pinterest.com/ideas/kitchen-cabinet-storage/894650180207/ > https://www.pinterest.com/ideas/small-space-above-kitchen-cabinets/903198515423/,https://www.pinterest.com/ideas/small-space-above-kitchen-cabinets/903198515423/
small space restaurant design,4,29,321,0,"Sep 17, 2026",917065605050,not-given,not-given,https://www.pinterest.com/ideas/small-space-restaurant-design/917065605050/
small space balcony,3,19,316,0,"Sep 17, 2026",943818818925,Lawn And Garden > Lawn And Garden Ideas > Outdoor Space Ideas > Small Space Balcony,https://www.pinterest.com/ideas/lawn-and-garden/909983286710/ > https://www.pinterest.com/ideas/lawn-and-garden-ideas/909909540942/ > https://www.pinterest.com/ideas/outdoor-space-ideas/932794273378/ > https://www.pinterest.com/ideas/small-space-balcony/943818818925/,https://www.pinterest.com/ideas/small-space-balcony/943818818925/
small space filler tattoo,4,25,313,0,"Sep 17, 2026",904891783292,Art > Body Art > Tattoos > Small Space Filler Tattoo,https://www.pinterest.com/ideas/art/961238559656/ > https://www.pinterest.com/ideas/body-art/909337506117/ > https://www.pinterest.com/ideas/tattoos/922203297757/ > https://www.pinterest.com/ideas/small-space-filler-tattoo/904891783292/,https://www.pinterest.com/ideas/small-space-filler-tattoo/904891783292/
entryway coat rack and bench with mirror,7,40,311,0,"Sep 15, 2026",900633926905,Home Decor > Entryway > Entryway Coat Rack > Entryway Coat Rack And Bench With Mirror,https://www.pinterest.com/ideas/home-decor/935249274030/ > https://www.pinterest.com/ideas/entryway/947659681346/ > https://www.pinterest.com/ideas/entryway-coat-rack/908024983478/ > https://www.pinterest.com/ideas/entryway-coat-rack-and-bench-with-mirror/900633926905/,https://www.pinterest.com/ideas/entryway-coat-rack-and-bench-with-mirror/900633926905/
small space aesthetic,3,21,304,0,"Sep 17, 2026",903886564032,Design > Small Space Aesthetic,https://www.pinterest.com/ideas/design/902065567321/ > https://www.pinterest.com/ideas/small-space-aesthetic/903886564032/,https://www.pinterest.com/ideas/small-space-aesthetic/903886564032/
entryway bench with hooks,4,25,302,0,"Sep 15, 2026",916471070918,Home Decor > Entryway > Entryway Shelf > Entryway Bench With Hooks,https://www.pinterest.com/ideas/home-decor/935249274030/ > https://www.pinterest.com/ideas/entryway/947659681346/ > https://www.pinterest.com/ideas/entryway-shelf/935713534633/ > https://www.pinterest.com/ideas/entryway-bench-with-hooks/916471070918/,https://www.pinterest.com/ideas/entryway-bench-with-hooks/916471070918/
entryway bench and storage,4,26,297,0,"Sep 15, 2026",924395016244,Home Decor > Entryway > Entryway Ideas > Entryway Bench And Storage,https://www.pinterest.com/ideas/home-decor/935249274030/ > https://www.pinterest.com/ideas/entryway/947659681346/ > https://www.pinterest.com/ideas/entryway-ideas/939790496305/ > https://www.pinterest.com/ideas/entryway-bench-and-storage/924395016244/,https://www.pinterest.com/ideas/entryway-bench-and-storage/924395016244/
space saving ideas for kitchen,5,30,297,0,"Sep 14, 2026",955182865022,Design > Space Saving Ideas For Kitchen,https://www.pinterest.com/ideas/design/902065567321/ > https://www.pinterest.com/ideas/space-saving-ideas-for-kitchen/955182865022/,https://www.pinterest.com/ideas/space-saving-ideas-for-kitchen/955182865022/
entryway bench with back,4,24,291,0,"Sep 17, 2026",936893701889,Home Decor > Entryway > Entryway Decor > Entryway Bench With Back,https://www.pinterest.com/ideas/home-decor/935249274030/ > https://www.pinterest.com/ideas/entryway/947659681346/ > https://www.pinterest.com/ideas/entryway-decor/921715628295/ > https://www.pinterest.com/ideas/entryway-bench-with-back/936893701889/,https://www.pinterest.com/ideas/entryway-bench-with-back/936893701889/
small space mandir ideas,4,24,288,0,"Sep 15, 2026",914000079959,Home Decor > Small Space Mandir Ideas,https://www.pinterest.com/ideas/home-decor/935249274030/ > https://www.pinterest.com/ideas/small-space-mandir-ideas/914000079959/,https://www.pinterest.com/ideas/small-space-mandir-ideas/914000079959/
small space towel storage,4,25,287,0,"Sep 17, 2026",934976409054,Home Decor > Storage And Organization > Bathroom Organization Cabinets > Small Space Towel Storage,https://www.pinterest.com/ideas/home-decor/935249274030/ > https://www.pinterest.com/ideas/storage-and-organization/896864884493/ > https://www.pinterest.com/ideas/bathroom-organization-cabinets/935880091891/ > https://www.pinterest.com/ideas/small-space-towel-storage/934976409054/,https://www.pinterest.com/ideas/small-space-towel-storage/934976409054/
small space nightstand,3,22,285,0,"Sep 17, 2026",947125351084,Home Decor > Furniture > Small Space Nightstand,https://www.pinterest.com/ideas/home-decor/935249274030/ > https://www.pinterest.com/ideas/furniture/936760250909/ > https://www.pinterest.com/ideas/small-space-nightstand/947125351084/,https://www.pinterest.com/ideas/small-space-nightstand/947125351084/
space saving vanity ideas,4,25,280,0,"Sep 15, 2026",904815215111,Home Decor > Storage And Organization > Space Saving Vanity Ideas,https://www.pinterest.com/ideas/home-decor/935249274030/ > https://www.pinterest.com/ideas/storage-and-organization/896864884493/ > https://www.pinterest.com/ideas/space-saving-vanity-ideas/904815215111/,https://www.pinterest.com/ideas/space-saving-vanity-ideas/904815215111/
small space purse storage,4,25,275,0,"Sep 13, 2026",959583109927,Small Space Purse Storage,https://www.pinterest.com/ideas/small-space-purse-storage/959583109927/,https://www.pinterest.com/ideas/small-space-purse-storage/959583109927/
small space toy storage ideas,5,29,275,0,"Sep 17, 2026",926790285471,Parenting > Toys > Toy Storage > Small Space Toy Storage Ideas,https://www.pinterest.com/ideas/parenting/920236059316/ > https://www.pinterest.com/ideas/toys/957620480011/ > https://www.pinterest.com/ideas/toy-storage/895477619010/ > https://www.pinterest.com/ideas/small-space-toy-storage-ideas/926790285471/,https://www.pinterest.com/ideas/small-space-toy-storage-ideas/926790285471/
small space pool,3,16,269,0,"Sep 17, 2026",920515806055,Lawn And Garden > Small Space Pool,https://www.pinterest.com/ideas/lawn-and-garden/909983286710/ > https://www.pinterest.com/ideas/small-space-pool/920515806055/,https://www.pinterest.com/ideas/small-space-pool/920515806055/
small space reading corner,4,26,268,0,"Sep 15, 2026",935196740915,Home Decor > Room Decor > Bedroom > Small Space Reading Corner,https://www.pinterest.com/ideas/home-decor/935249274030/ > https://www.pinterest.com/ideas/room-decor/916836567854/ > https://www.pinterest.com/ideas/bedroom/894848527867/ > https://www.pinterest.com/ideas/small-space-reading-corner/935196740915/,https://www.pinterest.com/ideas/small-space-reading-corner/935196740915/
small space mudroom ideas,4,25,266,0,"Sep 14, 2026",893529950345,Small Space Mudroom Ideas,https://www.pinterest.com/ideas/small-space-mudroom-ideas/893529950345/,https://www.pinterest.com/ideas/small-space-mudroom-ideas/893529950345/
small space workout,3,19,258,0,"Sep 15, 2026",933770565688,Health > Body Fitness > Workout Routine > Small Space Workout,https://www.pinterest.com/ideas/health/898620064290/ > https://www.pinterest.com/ideas/body-fitness/950226184512/ > https://www.pinterest.com/ideas/workout-routine/921113135848/ > https://www.pinterest.com/ideas/small-space-workout/933770565688/,https://www.pinterest.com/ideas/small-space-workout/933770565688/
small space art corner,4,22,257,0,"Sep 13, 2026",921679813748,Art > Art Topics > Art Images > Small Space Art Corner,https://www.pinterest.com/ideas/art/961238559656/ > https://www.pinterest.com/ideas/art-topics/920590352323/ > https://www.pinterest.com/ideas/art-images/935571162621/ > https://www.pinterest.com/ideas/small-space-art-corner/921679813748/,https://www.pinterest.com/ideas/small-space-art-corner/921679813748/
small space pc setup,4,20,256,0,"Sep 13, 2026",947222013155,Electronics > Computers Tablets And Accessories > Computer > Small Space Pc Setup,https://www.pinterest.com/ideas/electronics/960887632144/ > https://www.pinterest.com/ideas/computers-tablets-and-accessories/951929919689/ > https://www.pinterest.com/ideas/computer/930153071302/ > https://www.pinterest.com/ideas/small-space-pc-setup/947222013155/,https://www.pinterest.com/ideas/small-space-pc-setup/947222013155/
small space wardrobe design,4,27,251,0,"Sep 11, 2026",898569606100,Small Space Wardrobe Design,https://www.pinterest.com/ideas/small-space-wardrobe-design/898569606100/,https://www.pinterest.com/ideas/small-space-wardrobe-design/898569606100/
small space apartment design,4,28,249,0,"Sep 15, 2026",928210604850,Small Space Apartment Design,https://www.pinterest.com/ideas/small-space-apartment-design/928210604850/,https://www.pinterest.com/ideas/small-space-apartment-design/928210604850/
small space interior ideas,4,26,248,0,"Sep 15, 2026",960892880374,Home Decor > Small Space Interior Ideas,https://www.pinterest.com/ideas/home-decor/935249274030/ > https://www.pinterest.com/ideas/small-space-interior-ideas/960892880374/,https://www.pinterest.com/ideas/small-space-interior-ideas/960892880374/
small space ganpati decoration,4,30,233,0,"Sep 17, 2026",912848785232,Home Decor > Small Space Ganpati Decoration,https://www.pinterest.com/ideas/home-decor/935249274030/ > https://www.pinterest.com/ideas/small-space-ganpati-decoration/912848785232/,https://www.pinterest.com/ideas/small-space-ganpati-decoration/912848785232/
entryway bench with baskets,4,27,232,0,"Sep 17, 2026",894861016704,Home Decor > Entryway > Entryway Ideas > Entryway Bench With Baskets,https://www.pinterest.com/ideas/home-decor/935249274030/ > https://www.pinterest.com/ideas/entryway/947659681346/ > https://www.pinterest.com/ideas/entryway-ideas/939790496305/ > https://www.pinterest.com/ideas/entryway-bench-with-baskets/894861016704/,https://www.pinterest.com/ideas/entryway-bench-with-baskets/894861016704/
small space office setup,4,24,231,0,"Sep 14, 2026",950467868076,not-given,not-given,https://www.pinterest.com/ideas/small-space-office-setup/950467868076/
smart bedroom ideas space saving,5,32,229,0,"Sep 15, 2026",936010100466,Home Decor > Room Decor > Bedroom > Smart Bedroom Ideas Space Saving,https://www.pinterest.com/ideas/home-decor/935249274030/ > https://www.pinterest.com/ideas/room-decor/916836567854/ > https://www.pinterest.com/ideas/bedroom/894848527867/ > https://www.pinterest.com/ideas/smart-bedroom-ideas-space-saving/936010100466/,https://www.pinterest.com/ideas/smart-bedroom-ideas-space-saving/936010100466/
small space vanity ideas bedroom,5,32,226,0,"Sep 17, 2026",903009299031,Home Decor > Room Decor > Bedroom > Small Space Vanity Ideas Bedroom,https://www.pinterest.com/ideas/home-decor/935249274030/ > https://www.pinterest.com/ideas/room-decor/916836567854/ > https://www.pinterest.com/ideas/bedroom/894848527867/ > https://www.pinterest.com/ideas/small-space-vanity-ideas-bedroom/903009299031/,https://www.pinterest.com/ideas/small-space-vanity-ideas-bedroom/903009299031/
guest shoe storage entryway,4,27,224,0,"Sep 15, 2026",947614088812,Womens Fashion > Handbags > Guest Shoe Storage Entryway,https://www.pinterest.com/ideas/womens-fashion/948967005229/ > https://www.pinterest.com/ideas/handbags/907494594447/ > https://www.pinterest.com/ideas/guest-shoe-storage-entryway/947614088812/,https://www.pinterest.com/ideas/guest-shoe-storage-entryway/947614088812/
small space makeover,3,20,216,0,"Sep 17, 2026",915208942610,Home Decor > Remodels > Room Makeover > Small Space Makeover,https://www.pinterest.com/ideas/home-decor/935249274030/ > https://www.pinterest.com/ideas/remodels/953913251789/ > https://www.pinterest.com/ideas/room-makeover/940150878387/ > https://www.pinterest.com/ideas/small-space-makeover/915208942610/,https://www.pinterest.com/ideas/small-space-makeover/915208942610/
entryway bench and shoe storage,5,31,216,0,"Sep 14, 2026",905916208929,Home Decor > Entryway > Entryway Ideas > Entryway Bench And Shoe Storage,https://www.pinterest.com/ideas/home-decor/935249274030/ > https://www.pinterest.com/ideas/entryway/947659681346/ > https://www.pinterest.com/ideas/entryway-ideas/939790496305/ > https://www.pinterest.com/ideas/entryway-bench-and-shoe-storage/905916208929/,https://www.pinterest.com/ideas/entryway-bench-and-shoe-storage/905916208929/
small space walk in closet ideas,6,32,216,0,"Sep 17, 2026",904191486127,Design > Interior Design > House Design > Small Space Walk In Closet Ideas,https://www.pinterest.com/ideas/design/902065567321/ > https://www.pinterest.com/ideas/interior-design/922773544354/ > https://www.pinterest.com/ideas/house-design/899991296769/ > https://www.pinterest.com/ideas/small-space-walk-in-closet-ideas/904191486127/,https://www.pinterest.com/ideas/small-space-walk-in-closet-ideas/904191486127/
small space gym ideas,4,21,214,0,"Sep 15, 2026",895360041720,Health > Body Fitness > Gym > Small Space Gym Ideas,https://www.pinterest.com/ideas/health/898620064290/ > https://www.pinterest.com/ideas/body-fitness/950226184512/ > https://www.pinterest.com/ideas/gym/938308955042/ > https://www.pinterest.com/ideas/small-space-gym-ideas/895360041720/,https://www.pinterest.com/ideas/small-space-gym-ideas/895360041720/
wall shoe storage ideas entryway,5,32,213,0,"Sep 17, 2026",913748113752,Home Decor > Entryway > Entryway Ideas > Wall Shoe Storage Ideas Entryway,https://www.pinterest.com/ideas/home-decor/935249274030/ > https://www.pinterest.com/ideas/entryway/947659681346/ > https://www.pinterest.com/ideas/entryway-ideas/939790496305/ > https://www.pinterest.com/ideas/wall-shoe-storage-ideas-entryway/913748113752/,https://www.pinterest.com/ideas/wall-shoe-storage-ideas-entryway/913748113752/
small space architecture,3,24,210,0,"Sep 17, 2026",933454678023,Architecture > Architecture Ideas > Small Space Architecture,https://www.pinterest.com/ideas/architecture/918105274631/ > https://www.pinterest.com/ideas/architecture-ideas/908530125739/ > https://www.pinterest.com/ideas/small-space-architecture/933454678023/,https://www.pinterest.com/ideas/small-space-architecture/933454678023/
small space renovation ideas,4,28,207,0,"Sep 15, 2026",919080125530,Design > Small Space Renovation Ideas,https://www.pinterest.com/ideas/design/902065567321/ > https://www.pinterest.com/ideas/small-space-renovation-ideas/919080125530/,https://www.pinterest.com/ideas/small-space-renovation-ideas/919080125530/
space saving ideas for home tiny houses,7,39,203,0,"Sep 17, 2026",936573058080,Home Decor > Storage And Organization > Home Storage Organization > Space Saving Ideas For Home Tiny Houses,https://www.pinterest.com/ideas/home-decor/935249274030/ > https://www.pinterest.com/ideas/storage-and-organization/896864884493/ > https://www.pinterest.com/ideas/home-storage-organization/935444130944/ > https://www.pinterest.com/ideas/space-saving-ideas-for-home-tiny-houses/936573058080/,https://www.pinterest.com/ideas/space-saving-ideas-for-home-tiny-houses/936573058080/
gossip bench entryway,3,21,198,0,"Sep 17, 2026",913136757266,Home Decor > Entryway > Entryway Decor > Gossip Bench Entryway,https://www.pinterest.com/ideas/home-decor/935249274030/ > https://www.pinterest.com/ideas/entryway/947659681346/ > https://www.pinterest.com/ideas/entryway-decor/921715628295/ > https://www.pinterest.com/ideas/gossip-bench-entryway/913136757266/,https://www.pinterest.com/ideas/gossip-bench-entryway/913136757266/
small space fillers animal crossing,5,35,191,0,"Sep 17, 2026",913485390597,Animals > Small Space Fillers Animal Crossing,https://www.pinterest.com/ideas/animals/925056443165/ > https://www.pinterest.com/ideas/small-space-fillers-animal-crossing/913485390597/,https://www.pinterest.com/ideas/small-space-fillers-animal-crossing/913485390597/
small space under stairs ideas creative,6,39,190,0,"Sep 15, 2026",905989120328,Design > Creative Design > Creative Design Ideas > Small Space Under Stairs Ideas Creative,https://www.pinterest.com/ideas/design/902065567321/ > https://www.pinterest.com/ideas/creative-design/924853439577/ > https://www.pinterest.com/ideas/creative-design-ideas/899768904703/ > https://www.pinterest.com/ideas/small-space-under-stairs-ideas-creative/905989120328/,https://www.pinterest.com/ideas/small-space-under-stairs-ideas-creative/905989120328/
8 seater dining table small space,6,33,187,0,"Sep 17, 2026",912546259378,Home Decor > Room Decor > Dining Room > 8 Seater Dining Table Small Space,https://www.pinterest.com/ideas/home-decor/935249274030/ > https://www.pinterest.com/ideas/room-decor/916836567854/ > https://www.pinterest.com/ideas/dining-room/898729085959/ > https://www.pinterest.com/ideas/8-seater-dining-table-small-space/912546259378/,https://www.pinterest.com/ideas/8-seater-dining-table-small-space/912546259378/
small space fruit storage,4,25,184,0,"Sep 17, 2026",955600970800,Lawn And Garden > Outdoor Storage > Garden Storage > Small Space Fruit Storage,https://www.pinterest.com/ideas/lawn-and-garden/909983286710/ > https://www.pinterest.com/ideas/outdoor-storage/960442020412/ > https://www.pinterest.com/ideas/garden-storage/922847549843/ > https://www.pinterest.com/ideas/small-space-fruit-storage/955600970800/,https://www.pinterest.com/ideas/small-space-fruit-storage/955600970800/
small space homeschool setup,4,28,183,0,"Sep 17, 2026",911215012419,Small Space Homeschool Setup,https://www.pinterest.com/ideas/small-space-homeschool-setup/911215012419/,https://www.pinterest.com/ideas/small-space-homeschool-setup/911215012419/
kitchen organization ideas apartment,4,36,182,0,"Sep 17, 2026",942774019735,Home Decor > Storage And Organization > Kitchen Organization > Kitchen Organization Ideas Apartment,https://www.pinterest.com/ideas/home-decor/935249274030/ > https://www.pinterest.com/ideas/storage-and-organization/896864884493/ > https://www.pinterest.com/ideas/kitchen-organization/901840536930/ > https://www.pinterest.com/ideas/kitchen-organization-ideas-apartment/942774019735/,https://www.pinterest.com/ideas/kitchen-organization-ideas-apartment/942774019735/
small space entryway storage,4,28,178,0,"Sep 15, 2026",951632801673,Home Decor > Entryway > Entryway Ideas > Small Space Entryway Storage,https://www.pinterest.com/ideas/home-decor/935249274030/ > https://www.pinterest.com/ideas/entryway/947659681346/ > https://www.pinterest.com/ideas/entryway-ideas/939790496305/ > https://www.pinterest.com/ideas/small-space-entryway-storage/951632801673/,https://www.pinterest.com/ideas/small-space-entryway-storage/951632801673/
apartment closet organization walk in,5,37,177,0,"Sep 17, 2026",907804685351,Home Decor > Storage And Organization > Closet > Apartment Closet Organization Walk In,https://www.pinterest.com/ideas/home-decor/935249274030/ > https://www.pinterest.com/ideas/storage-and-organization/896864884493/ > https://www.pinterest.com/ideas/closet/919930442358/ > https://www.pinterest.com/ideas/apartment-closet-organization-walk-in/907804685351/,https://www.pinterest.com/ideas/apartment-closet-organization-walk-in/907804685351/
entryway bench with drawers,4,27,175,0,"Sep 17, 2026",912603699268,Home Decor > Entryway > Entryway Ideas > Entryway Bench With Drawers,https://www.pinterest.com/ideas/home-decor/935249274030/ > https://www.pinterest.com/ideas/entryway/947659681346/ > https://www.pinterest.com/ideas/entryway-ideas/939790496305/ > https://www.pinterest.com/ideas/entryway-bench-with-drawers/912603699268/,https://www.pinterest.com/ideas/entryway-bench-with-drawers/912603699268/
small space fireplace,3,21,175,0,"Sep 15, 2026",925353830771,Home Decor > Small Space Fireplace,https://www.pinterest.com/ideas/home-decor/935249274030/ > https://www.pinterest.com/ideas/small-space-fireplace/925353830771/,https://www.pinterest.com/ideas/small-space-fireplace/925353830771/
small space vegetable garden ideas,5,34,175,0,"Sep 17, 2026",938026132403,Lawn And Garden > Garden Types > Vegetable Gardening > Small Space Vegetable Garden Ideas,https://www.pinterest.com/ideas/lawn-and-garden/909983286710/ > https://www.pinterest.com/ideas/garden-types/926108676086/ > https://www.pinterest.com/ideas/vegetable-gardening/912792279713/ > https://www.pinterest.com/ideas/small-space-vegetable-garden-ideas/938026132403/,https://www.pinterest.com/ideas/small-space-vegetable-garden-ideas/938026132403/
apartment bathroom organization ideas,4,37,168,0,"Sep 17, 2026",952344883218,Home Decor > Storage And Organization > Bathroom Organization Cabinets > Apartment Bathroom Organization Ideas,https://www.pinterest.com/ideas/home-decor/935249274030/ > https://www.pinterest.com/ideas/storage-and-organization/896864884493/ > https://www.pinterest.com/ideas/bathroom-organization-cabinets/935880091891/ > https://www.pinterest.com/ideas/apartment-bathroom-organization-ideas/952344883218/,https://www.pinterest.com/ideas/apartment-bathroom-organization-ideas/952344883218/
apartment organization tips,3,27,165,0,"Sep 17, 2026",940778592019,Apartment Organization Tips,https://www.pinterest.com/ideas/apartment-organization-tips/940778592019/,https://www.pinterest.com/ideas/apartment-organization-tips/940778592019/
small space guest bed,4,21,158,0,"Sep 17, 2026",897470754578,Home Decor > Room Decor > Bedroom > Small Space Guest Bed,https://www.pinterest.com/ideas/home-decor/935249274030/ > https://www.pinterest.com/ideas/room-decor/916836567854/ > https://www.pinterest.com/ideas/bedroom/894848527867/ > https://www.pinterest.com/ideas/small-space-guest-bed/897470754578/,https://www.pinterest.com/ideas/small-space-guest-bed/897470754578/
entryway bench and mirror ideas,5,31,157,0,"Sep 13, 2026",935271635475,Home Decor > Entryway > Entryway Ideas > Entryway Bench And Mirror Ideas,https://www.pinterest.com/ideas/home-decor/935249274030/ > https://www.pinterest.com/ideas/entryway/947659681346/ > https://www.pinterest.com/ideas/entryway-ideas/939790496305/ > https://www.pinterest.com/ideas/entryway-bench-and-mirror-ideas/935271635475/,https://www.pinterest.com/ideas/entryway-bench-and-mirror-ideas/935271635475/
small space rocking chair,4,25,156,0,"Sep 17, 2026",959588174391,Home Decor > Furniture > Small Space Rocking Chair,https://www.pinterest.com/ideas/home-decor/935249274030/ > https://www.pinterest.com/ideas/furniture/936760250909/ > https://www.pinterest.com/ideas/small-space-rocking-chair/959588174391/,https://www.pinterest.com/ideas/small-space-rocking-chair/959588174391/
small space indoor courtyard designs,5,36,153,0,"Sep 17, 2026",955660440408,Small Space Indoor Courtyard Designs,https://www.pinterest.com/ideas/small-space-indoor-courtyard-designs/955660440408/,https://www.pinterest.com/ideas/small-space-indoor-courtyard-designs/955660440408/
space saving ideas for home bedroom,6,35,153,0,"Sep 17, 2026",905513484738,Home Decor > Room Decor > Bedroom > Space Saving Ideas For Home Bedroom,https://www.pinterest.com/ideas/home-decor/935249274030/ > https://www.pinterest.com/ideas/room-decor/916836567854/ > https://www.pinterest.com/ideas/bedroom/894848527867/ > https://www.pinterest.com/ideas/space-saving-ideas-for-home-bedroom/905513484738/,https://www.pinterest.com/ideas/space-saving-ideas-for-home-bedroom/905513484738/
tiny laundry room ideas space saving small apartments,8,53,150,0,"Sep 17, 2026",918520688728,Home Decor > Utility Room > Laundry Room > Tiny Laundry Room Ideas Space Saving Small Apartments,https://www.pinterest.com/ideas/home-decor/935249274030/ > https://www.pinterest.com/ideas/utility-room/933014175270/ > https://www.pinterest.com/ideas/laundry-room/899197487992/ > https://www.pinterest.com/ideas/tiny-laundry-room-ideas-space-saving-small-apartments/918520688728/,https://www.pinterest.com/ideas/tiny-laundry-room-ideas-space-saving-small-apartments/918520688728/
small space floor plan,4,22,150,0,"Sep 17, 2026",927974210601,Architecture > Architecture Ideas > Floor Plan > Small Space Floor Plan,https://www.pinterest.com/ideas/architecture/918105274631/ > https://www.pinterest.com/ideas/architecture-ideas/908530125739/ > https://www.pinterest.com/ideas/floor-plan/897631191279/ > https://www.pinterest.com/ideas/small-space-floor-plan/927974210601/,https://www.pinterest.com/ideas/small-space-floor-plan/927974210601/
small space retail display ideas,5,32,149,0,"Sep 17, 2026",952913990438,Design > Small Space Retail Display Ideas,https://www.pinterest.com/ideas/design/902065567321/ > https://www.pinterest.com/ideas/small-space-retail-display-ideas/952913990438/,https://www.pinterest.com/ideas/small-space-retail-display-ideas/952913990438/
entryway bench inspiration,3,26,143,0,"Sep 17, 2026",961009793999,Home Decor > Entryway > Entryway Ideas > Entryway Bench Inspiration,https://www.pinterest.com/ideas/home-decor/935249274030/ > https://www.pinterest.com/ideas/entryway/947659681346/ > https://www.pinterest.com/ideas/entryway-ideas/939790496305/ > https://www.pinterest.com/ideas/entryway-bench-inspiration/961009793999/,https://www.pinterest.com/ideas/entryway-bench-inspiration/961009793999/
entryway bench and cabinet,4,26,143,0,"Sep 17, 2026",944144687836,Home Decor > Entryway > Entryway Bench And Cabinet,https://www.pinterest.com/ideas/home-decor/935249274030/ > https://www.pinterest.com/ideas/entryway/947659681346/ > https://www.pinterest.com/ideas/entryway-bench-and-cabinet/944144687836/,https://www.pinterest.com/ideas/entryway-bench-and-cabinet/944144687836/
entryway bench coat rack,4,24,142,0,"Sep 17, 2026",908311961844,Home Decor > Entryway > Entryway Coat Rack > Entryway Bench Coat Rack,https://www.pinterest.com/ideas/home-decor/935249274030/ > https://www.pinterest.com/ideas/entryway/947659681346/ > https://www.pinterest.com/ideas/entryway-coat-rack/908024983478/ > https://www.pinterest.com/ideas/entryway-bench-coat-rack/908311961844/,https://www.pinterest.com/ideas/entryway-bench-coat-rack/908311961844/
small space nursery organization,4,32,142,0,"Sep 17, 2026",903730838605,Parenting > Baby Ideas > Small Space Nursery Organization,https://www.pinterest.com/ideas/parenting/920236059316/ > https://www.pinterest.com/ideas/baby-ideas/939107457644/ > https://www.pinterest.com/ideas/small-space-nursery-organization/903730838605/,https://www.pinterest.com/ideas/small-space-nursery-organization/903730838605/
small kitchen organization ideas space saving extra storage,8,59,141,0,"Sep 17, 2026",900531312192,Home Decor > Storage And Organization > Kitchen Organization > Small Kitchen Organization Ideas Space Saving Extra Storage,https://www.pinterest.com/ideas/home-decor/935249274030/ > https://www.pinterest.com/ideas/storage-and-organization/896864884493/ > https://www.pinterest.com/ideas/kitchen-organization/901840536930/ > https://www.pinterest.com/ideas/small-kitchen-organization-ideas-space-saving-extra-storage/900531312192/,https://www.pinterest.com/ideas/small-kitchen-organization-ideas-space-saving-extra-storage/900531312192/
small space fireplace ideas,4,27,137,0,"Sep 17, 2026",955718146420,Home Decor > Home Decor Tips > Small Space Fireplace Ideas,https://www.pinterest.com/ideas/home-decor/935249274030/ > https://www.pinterest.com/ideas/home-decor-tips/929733042390/ > https://www.pinterest.com/ideas/small-space-fireplace-ideas/955718146420/,https://www.pinterest.com/ideas/small-space-fireplace-ideas/955718146420/
entryway bench modern luxury,4,28,137,0,"Sep 17, 2026",894033079276,Home Decor > Entryway > Entryway Bench Modern Luxury,https://www.pinterest.com/ideas/home-decor/935249274030/ > https://www.pinterest.com/ideas/entryway/947659681346/ > https://www.pinterest.com/ideas/entryway-bench-modern-luxury/894033079276/,https://www.pinterest.com/ideas/entryway-bench-modern-luxury/894033079276/
small space fall decor,4,22,134,0,"Sep 17, 2026",954718505627,Home Decor > Home Decor Tips > Chic Decor > Small Space Fall Decor,https://www.pinterest.com/ideas/home-decor/935249274030/ > https://www.pinterest.com/ideas/home-decor-tips/929733042390/ > https://www.pinterest.com/ideas/chic-decor/911723606469/ > https://www.pinterest.com/ideas/small-space-fall-decor/954718505627/,https://www.pinterest.com/ideas/small-space-fall-decor/954718505627/
apartment garage organization,3,29,134,0,"Sep 15, 2026",946513952523,Home Decor > Storage And Organization > Garage Storage > Apartment Garage Organization,https://www.pinterest.com/ideas/home-decor/935249274030/ > https://www.pinterest.com/ideas/storage-and-organization/896864884493/ > https://www.pinterest.com/ideas/garage-storage/937489790147/ > https://www.pinterest.com/ideas/apartment-garage-organization/946513952523/,https://www.pinterest.com/ideas/apartment-garage-organization/946513952523/
small space art supply storage,5,30,132,0,"Sep 17, 2026",939214726317,Art > Art Supplies > Art Storage > Small Space Art Supply Storage,https://www.pinterest.com/ideas/art/961238559656/ > https://www.pinterest.com/ideas/art-supplies/916574447637/ > https://www.pinterest.com/ideas/art-storage/932978753410/ > https://www.pinterest.com/ideas/small-space-art-supply-storage/939214726317/,https://www.pinterest.com/ideas/small-space-art-supply-storage/939214726317/
small bathroom ideas with tub space saving,7,42,130,0,"Sep 17, 2026",958741712306,Home Decor > Small Bathroom Ideas With Tub Space Saving,https://www.pinterest.com/ideas/home-decor/935249274030/ > https://www.pinterest.com/ideas/small-bathroom-ideas-with-tub-space-saving/958741712306/,https://www.pinterest.com/ideas/small-bathroom-ideas-with-tub-space-saving/958741712306/
small space yarn storage,4,24,126,0,"Sep 17, 2026",895062474104,Diy And Crafts > Diy Organization > Storage Ideas And Organization > Small Space Yarn Storage,https://www.pinterest.com/ideas/diy-and-crafts/934876475639/ > https://www.pinterest.com/ideas/diy-organization/910752546716/ > https://www.pinterest.com/ideas/storage-ideas-and-organization/922874017624/ > https://www.pinterest.com/ideas/small-space-yarn-storage/895062474104/,https://www.pinterest.com/ideas/small-space-yarn-storage/895062474104/
kallax entryway bench,3,21,125,0,"Sep 17, 2026",896520584654,Home Decor > Entryway > Kallax Entryway Bench,https://www.pinterest.com/ideas/home-decor/935249274030/ > https://www.pinterest.com/ideas/entryway/947659681346/ > https://www.pinterest.com/ideas/kallax-entryway-bench/896520584654/,https://www.pinterest.com/ideas/kallax-entryway-bench/896520584654/
small space kitchen layout,4,26,124,0,"Sep 17, 2026",906879225668,Home Decor > Small Space Kitchen Layout,https://www.pinterest.com/ideas/home-decor/935249274030/ > https://www.pinterest.com/ideas/small-space-kitchen-layout/906879225668/,https://www.pinterest.com/ideas/small-space-kitchen-layout/906879225668/
new apartment organization,3,26,123,0,"Sep 17, 2026",943992947831,Home Decor > Storage And Organization > New Apartment Organization,https://www.pinterest.com/ideas/home-decor/935249274030/ > https://www.pinterest.com/ideas/storage-and-organization/896864884493/ > https://www.pinterest.com/ideas/new-apartment-organization/943992947831/,https://www.pinterest.com/ideas/new-apartment-organization/943992947831/
small space entertaining,3,24,121,0,"Sep 17, 2026",908343143555,Event Planning > Hosting Occasions > Small Space Entertaining,https://www.pinterest.com/ideas/event-planning/941870572865/ > https://www.pinterest.com/ideas/hosting-occasions/945568894404/ > https://www.pinterest.com/ideas/small-space-entertaining/908343143555/,https://www.pinterest.com/ideas/small-space-entertaining/908343143555/
japanese space saving ideas,4,27,118,0,"Sep 17, 2026",903084597018,Design > Interior Design > Interior Projects > Japanese Space Saving Ideas,https://www.pinterest.com/ideas/design/902065567321/ > https://www.pinterest.com/ideas/interior-design/922773544354/ > https://www.pinterest.com/ideas/interior-projects/912784777839/ > https://www.pinterest.com/ideas/japanese-space-saving-ideas/903084597018/,https://www.pinterest.com/ideas/japanese-space-saving-ideas/903084597018/
small space art storage,4,23,117,0,"Sep 17, 2026",950606128214,Art > Art Supplies > Art Storage > Small Space Art Storage,https://www.pinterest.com/ideas/art/961238559656/ > https://www.pinterest.com/ideas/art-supplies/916574447637/ > https://www.pinterest.com/ideas/art-storage/932978753410/ > https://www.pinterest.com/ideas/small-space-art-storage/950606128214/,https://www.pinterest.com/ideas/small-space-art-storage/950606128214/
entryway shoe storage diy,4,25,116,0,"Sep 17, 2026",925467063615,Diy And Crafts > Diy Organization > Diy Home Storage > Entryway Shoe Storage Diy,https://www.pinterest.com/ideas/diy-and-crafts/934876475639/ > https://www.pinterest.com/ideas/diy-organization/910752546716/ > https://www.pinterest.com/ideas/diy-home-storage/902693060684/ > https://www.pinterest.com/ideas/entryway-shoe-storage-diy/925467063615/,https://www.pinterest.com/ideas/entryway-shoe-storage-diy/925467063615/
small space entertainment center,4,32,116,0,"Sep 17, 2026",961684219840,Home Decor > Furniture > Media Console > Small Space Entertainment Center,https://www.pinterest.com/ideas/home-decor/935249274030/ > https://www.pinterest.com/ideas/furniture/936760250909/ > https://www.pinterest.com/ideas/media-console/914489847107/ > https://www.pinterest.com/ideas/small-space-entertainment-center/961684219840/,https://www.pinterest.com/ideas/small-space-entertainment-center/961684219840/
small space drop zone ideas,5,27,115,0,"Sep 17, 2026",915734040723,Home Decor > Storage And Organization > Small Space Drop Zone Ideas,https://www.pinterest.com/ideas/home-decor/935249274030/ > https://www.pinterest.com/ideas/storage-and-organization/896864884493/ > https://www.pinterest.com/ideas/small-space-drop-zone-ideas/915734040723/,https://www.pinterest.com/ideas/small-space-drop-zone-ideas/915734040723/
entryway bench and console table,5,32,114,0,"Sep 13, 2026",961739624508,Home Decor > Entryway > Entryway Ideas > Entryway Bench And Console Table,https://www.pinterest.com/ideas/home-decor/935249274030/ > https://www.pinterest.com/ideas/entryway/947659681346/ > https://www.pinterest.com/ideas/entryway-ideas/939790496305/ > https://www.pinterest.com/ideas/entryway-bench-and-console-table/961739624508/,https://www.pinterest.com/ideas/entryway-bench-and-console-table/961739624508/
entryway bench storage ideas,4,28,111,0,"Sep 17, 2026",948617505430,Entryway Bench Storage Ideas,https://www.pinterest.com/ideas/entryway-bench-storage-ideas/948617505430/,https://www.pinterest.com/ideas/entryway-bench-storage-ideas/948617505430/
entryway shoe storage solutions,4,31,110,0,"Sep 17, 2026",929688075528,Entryway Shoe Storage Solutions,https://www.pinterest.com/ideas/entryway-shoe-storage-solutions/929688075528/,https://www.pinterest.com/ideas/entryway-shoe-storage-solutions/929688075528/
entryway bench design,3,21,109,0,"Sep 17, 2026",954065136526,Design > Interior Design > Furniture Design > Entryway Bench Design,https://www.pinterest.com/ideas/design/902065567321/ > https://www.pinterest.com/ideas/interior-design/922773544354/ > https://www.pinterest.com/ideas/furniture-design/936735925371/ > https://www.pinterest.com/ideas/entryway-bench-design/954065136526/,https://www.pinterest.com/ideas/entryway-bench-design/954065136526/
split level entryway shoe storage,5,33,107,0,"Sep 17, 2026",956088042976,Home Decor > Entryway > Entryway Shelf > Split Level Entryway Shoe Storage,https://www.pinterest.com/ideas/home-decor/935249274030/ > https://www.pinterest.com/ideas/entryway/947659681346/ > https://www.pinterest.com/ideas/entryway-shelf/935713534633/ > https://www.pinterest.com/ideas/split-level-entryway-shoe-storage/956088042976/,https://www.pinterest.com/ideas/split-level-entryway-shoe-storage/956088042976/
small space veggie garden,4,25,105,0,"Sep 17, 2026",910500834979,Lawn And Garden > Garden Types > Vegetable Gardening > Small Space Veggie Garden,https://www.pinterest.com/ideas/lawn-and-garden/909983286710/ > https://www.pinterest.com/ideas/garden-types/926108676086/ > https://www.pinterest.com/ideas/vegetable-gardening/912792279713/ > https://www.pinterest.com/ideas/small-space-veggie-garden/910500834979/,https://www.pinterest.com/ideas/small-space-veggie-garden/910500834979/
small space masterbedroom,3,25,100,0,"Sep 15, 2026",903652510461,Home Decor > Room Decor > Bedroom > Small Space Masterbedroom,https://www.pinterest.com/ideas/home-decor/935249274030/ > https://www.pinterest.com/ideas/room-decor/916836567854/ > https://www.pinterest.com/ideas/bedroom/894848527867/ > https://www.pinterest.com/ideas/small-space-masterbedroom/903652510461/,https://www.pinterest.com/ideas/small-space-masterbedroom/903652510461/
small space jewelry organization,4,32,100,0,"Sep 17, 2026",946598637792,Diy And Crafts > Small Space Jewelry Organization,https://www.pinterest.com/ideas/diy-and-crafts/934876475639/ > https://www.pinterest.com/ideas/small-space-jewelry-organization/946598637792/,https://www.pinterest.com/ideas/small-space-jewelry-organization/946598637792/
apartment organization diy,3,26,100,0,"Sep 17, 2026",921425828820,Diy And Crafts > Diy Organization > Diy Organization Ideas > Apartment Organization Diy,https://www.pinterest.com/ideas/diy-and-crafts/934876475639/ > https://www.pinterest.com/ideas/diy-organization/910752546716/ > https://www.pinterest.com/ideas/diy-organization-ideas/918058275556/ > https://www.pinterest.com/ideas/apartment-organization-diy/921425828820/,https://www.pinterest.com/ideas/apartment-organization-diy/921425828820/
small space nook ideas,4,22,99,0,"Sep 17, 2026",898720810171,Design > Interior Design > House Design > Small Space Nook Ideas,https://www.pinterest.com/ideas/design/902065567321/ > https://www.pinterest.com/ideas/interior-design/922773544354/ > https://www.pinterest.com/ideas/house-design/899991296769/ > https://www.pinterest.com/ideas/small-space-nook-ideas/898720810171/,https://www.pinterest.com/ideas/small-space-nook-ideas/898720810171/
entryway bench next to stairs,5,29,99,0,"Sep 17, 2026",914377062587,Home Decor > Entryway > Entryway Decor > Entryway Bench Next To Stairs,https://www.pinterest.com/ideas/home-decor/935249274030/ > https://www.pinterest.com/ideas/entryway/947659681346/ > https://www.pinterest.com/ideas/entryway-decor/921715628295/ > https://www.pinterest.com/ideas/entryway-bench-next-to-stairs/914377062587/,https://www.pinterest.com/ideas/entryway-bench-next-to-stairs/914377062587/
apartment organization kitchen,3,30,98,0,"Sep 17, 2026",956904676868,Home Decor > Storage And Organization > Kitchen Storage > Apartment Organization Kitchen,https://www.pinterest.com/ideas/home-decor/935249274030/ > https://www.pinterest.com/ideas/storage-and-organization/896864884493/ > https://www.pinterest.com/ideas/kitchen-storage/930230087657/ > https://www.pinterest.com/ideas/apartment-organization-kitchen/956904676868/,https://www.pinterest.com/ideas/apartment-organization-kitchen/956904676868/
space saving ideas kitchen,4,26,96,0,"Sep 13, 2026",958773889522,Space Saving Ideas Kitchen,https://www.pinterest.com/ideas/space-saving-ideas-kitchen/958773889522/,https://www.pinterest.com/ideas/space-saving-ideas-kitchen/958773889522/
small space needlepoint stitches,4,32,95,0,"Sep 17, 2026",910329935932,Small Space Needlepoint Stitches,https://www.pinterest.com/ideas/small-space-needlepoint-stitches/910329935932/,https://www.pinterest.com/ideas/small-space-needlepoint-stitches/910329935932/
entryway bench black,3,20,94,0,"Sep 17, 2026",928012527638,Home Decor > Entryway > Entryway Bench Black,https://www.pinterest.com/ideas/home-decor/935249274030/ > https://www.pinterest.com/ideas/entryway/947659681346/ > https://www.pinterest.com/ideas/entryway-bench-black/928012527638/,https://www.pinterest.com/ideas/entryway-bench-black/928012527638/
entryway bench plans,3,20,91,0,"Sep 17, 2026",898560882736,Diy And Crafts > Entryway Bench Plans,https://www.pinterest.com/ideas/diy-and-crafts/934876475639/ > https://www.pinterest.com/ideas/entryway-bench-plans/898560882736/,https://www.pinterest.com/ideas/entryway-bench-plans/898560882736/
small space jewelry storage,4,27,90,0,"Sep 17, 2026",947678235527,Home Decor > Storage And Organization > Jewelry Storage > Small Space Jewelry Storage,https://www.pinterest.com/ideas/home-decor/935249274030/ > https://www.pinterest.com/ideas/storage-and-organization/896864884493/ > https://www.pinterest.com/ideas/jewelry-storage/927578677130/ > https://www.pinterest.com/ideas/small-space-jewelry-storage/947678235527/,https://www.pinterest.com/ideas/small-space-jewelry-storage/947678235527/
small space utility room,4,24,89,0,"Sep 17, 2026",949018962950,Home Decor > Utility Room > Utility Room Ideas > Small Space Utility Room,https://www.pinterest.com/ideas/home-decor/935249274030/ > https://www.pinterest.com/ideas/utility-room/933014175270/ > https://www.pinterest.com/ideas/utility-room-ideas/899519502367/ > https://www.pinterest.com/ideas/small-space-utility-room/949018962950/,https://www.pinterest.com/ideas/small-space-utility-room/949018962950/
space saving ideas for small bedrooms,6,37,88,0,"Sep 17, 2026",921238372493,not-given,not-given,https://www.pinterest.com/ideas/space-saving-ideas-for-small-bedrooms/921238372493/
space saving ideas for kids bedroom,6,35,87,0,"Sep 13, 2026",915390640577,Space Saving Ideas For Kids Bedroom,https://www.pinterest.com/ideas/space-saving-ideas-for-kids-bedroom/915390640577/,https://www.pinterest.com/ideas/space-saving-ideas-for-kids-bedroom/915390640577/
small space vanity ideas diy,5,28,86,0,"Sep 17, 2026",897246382672,Diy And Crafts > Diy Interior > Diy Room > Small Space Vanity Ideas Diy,https://www.pinterest.com/ideas/diy-and-crafts/934876475639/ > https://www.pinterest.com/ideas/diy-interior/947657535178/ > https://www.pinterest.com/ideas/diy-room/954015882043/ > https://www.pinterest.com/ideas/small-space-vanity-ideas-diy/897246382672/,https://www.pinterest.com/ideas/small-space-vanity-ideas-diy/897246382672/
entryway bench behind couch,4,27,86,0,"Sep 17, 2026",905621169559,Home Decor > Entryway > Entryway Bench Behind Couch,https://www.pinterest.com/ideas/home-decor/935249274030/ > https://www.pinterest.com/ideas/entryway/947659681346/ > https://www.pinterest.com/ideas/entryway-bench-behind-couch/905621169559/,https://www.pinterest.com/ideas/entryway-bench-behind-couch/905621169559/
small space exercise room ideas,5,31,86,0,"Sep 17, 2026",908408559865,Health > Body Fitness > Gym > Small Space Exercise Room Ideas,https://www.pinterest.com/ideas/health/898620064290/ > https://www.pinterest.com/ideas/body-fitness/950226184512/ > https://www.pinterest.com/ideas/gym/938308955042/ > https://www.pinterest.com/ideas/small-space-exercise-room-ideas/908408559865/,https://www.pinterest.com/ideas/small-space-exercise-room-ideas/908408559865/
entryway bench hooks,3,20,84,0,"Sep 17, 2026",896774975346,Home Decor > Entryway > Entryway Coat Rack > Entryway Bench Hooks,https://www.pinterest.com/ideas/home-decor/935249274030/ > https://www.pinterest.com/ideas/entryway/947659681346/ > https://www.pinterest.com/ideas/entryway-coat-rack/908024983478/ > https://www.pinterest.com/ideas/entryway-bench-hooks/896774975346/,https://www.pinterest.com/ideas/entryway-bench-hooks/896774975346/
small space utilization,3,23,81,0,"Sep 13, 2026",906862838191,Home Decor > Storage And Organization > Storage Options > Small Space Utilization,https://www.pinterest.com/ideas/home-decor/935249274030/ > https://www.pinterest.com/ideas/storage-and-organization/896864884493/ > https://www.pinterest.com/ideas/storage-options/908493038464/ > https://www.pinterest.com/ideas/small-space-utilization/906862838191/,https://www.pinterest.com/ideas/small-space-utilization/906862838191/
entryway bench under stairs,4,27,80,0,"Sep 17, 2026",949416129697,Home Decor > Entryway > Entryway Bench Under Stairs,https://www.pinterest.com/ideas/home-decor/935249274030/ > https://www.pinterest.com/ideas/entryway/947659681346/ > https://www.pinterest.com/ideas/entryway-bench-under-stairs/949416129697/,https://www.pinterest.com/ideas/entryway-bench-under-stairs/949416129697/
entryway bench rustic,3,21,80,0,"Sep 15, 2026",904787216205,Home Decor > Entryway > Entryway Decor > Entryway Bench Rustic,https://www.pinterest.com/ideas/home-decor/935249274030/ > https://www.pinterest.com/ideas/entryway/947659681346/ > https://www.pinterest.com/ideas/entryway-decor/921715628295/ > https://www.pinterest.com/ideas/entryway-bench-rustic/904787216205/,https://www.pinterest.com/ideas/entryway-bench-rustic/904787216205/
entryway bench apartment,3,24,79,0,"Sep 17, 2026",896475379822,Home Decor > Entryway > Entryway Decor > Entryway Bench Apartment,https://www.pinterest.com/ideas/home-decor/935249274030/ > https://www.pinterest.com/ideas/entryway/947659681346/ > https://www.pinterest.com/ideas/entryway-decor/921715628295/ > https://www.pinterest.com/ideas/entryway-bench-apartment/896475379822/,https://www.pinterest.com/ideas/entryway-bench-apartment/896475379822/
entryway bench and shelf,4,24,78,0,"Sep 10, 2026",953403721154,Home Decor > Entryway > Entryway Shelf > Entryway Bench And Shelf,https://www.pinterest.com/ideas/home-decor/935249274030/ > https://www.pinterest.com/ideas/entryway/947659681346/ > https://www.pinterest.com/ideas/entryway-shelf/935713534633/ > https://www.pinterest.com/ideas/entryway-bench-and-shelf/953403721154/,https://www.pinterest.com/ideas/entryway-bench-and-shelf/953403721154/
new apartment organization ideas,4,32,73,0,"Sep 17, 2026",913622749979,Home Decor > Home Decor Tips > New Apartment Organization Ideas,https://www.pinterest.com/ideas/home-decor/935249274030/ > https://www.pinterest.com/ideas/home-decor-tips/929733042390/ > https://www.pinterest.com/ideas/new-apartment-organization-ideas/913622749979/,https://www.pinterest.com/ideas/new-apartment-organization-ideas/913622749979/
shoe storage for guests entryway,5,32,73,0,"Sep 17, 2026",959040219506,Home Decor > Entryway > Entryway Decor > Shoe Storage For Guests Entryway,https://www.pinterest.com/ideas/home-decor/935249274030/ > https://www.pinterest.com/ideas/entryway/947659681346/ > https://www.pinterest.com/ideas/entryway-decor/921715628295/ > https://www.pinterest.com/ideas/shoe-storage-for-guests-entryway/959040219506/,https://www.pinterest.com/ideas/shoe-storage-for-guests-entryway/959040219506/
small space yoga area,4,21,72,0,"Sep 15, 2026",945028864381,Health > Body Fitness > Small Space Yoga Area,https://www.pinterest.com/ideas/health/898620064290/ > https://www.pinterest.com/ideas/body-fitness/950226184512/ > https://www.pinterest.com/ideas/small-space-yoga-area/945028864381/,https://www.pinterest.com/ideas/small-space-yoga-area/945028864381/
entryway bench styling ideas,4,28,71,0,"Sep 17, 2026",903337034565,Entryway Bench Styling Ideas,https://www.pinterest.com/ideas/entryway-bench-styling-ideas/903337034565/,https://www.pinterest.com/ideas/entryway-bench-styling-ideas/903337034565/
entryway shoe storage with bench,5,32,70,0,"Sep 15, 2026",940353268311,Entryway Shoe Storage With Bench,https://www.pinterest.com/ideas/entryway-shoe-storage-with-bench/940353268311/,https://www.pinterest.com/ideas/entryway-shoe-storage-with-bench/940353268311/
small apartment ideas living room closet organization,7,53,69,0,"Sep 17, 2026",896340316991,Home Decor > Storage And Organization > Closet > Small Apartment Ideas Living Room Closet Organization,https://www.pinterest.com/ideas/home-decor/935249274030/ > https://www.pinterest.com/ideas/storage-and-organization/896864884493/ > https://www.pinterest.com/ideas/closet/919930442358/ > https://www.pinterest.com/ideas/small-apartment-ideas-living-room-closet-organization/896340316991/,https://www.pinterest.com/ideas/small-apartment-ideas-living-room-closet-organization/896340316991/
apartment organization ideas bedroom,4,36,68,0,"Sep 17, 2026",953662612527,Home Decor > Room Decor > Bedroom > Apartment Organization Ideas Bedroom,https://www.pinterest.com/ideas/home-decor/935249274030/ > https://www.pinterest.com/ideas/room-decor/916836567854/ > https://www.pinterest.com/ideas/bedroom/894848527867/ > https://www.pinterest.com/ideas/apartment-organization-ideas-bedroom/953662612527/,https://www.pinterest.com/ideas/apartment-organization-ideas-bedroom/953662612527/
entryway bench mid century modern,5,33,67,0,"Aug 20, 2026",958419535161,Entryway Bench Mid Century Modern,https://www.pinterest.com/ideas/entryway-bench-mid-century-modern/958419535161/,https://www.pinterest.com/ideas/entryway-bench-mid-century-modern/958419535161/
shoe storage ideas for small spaces entryway built ins,9,54,66,0,"Sep 17, 2026",913815756922,Home Decor > Entryway > Entryway Decor > Shoe Storage Ideas For Small Spaces Entryway Built Ins,https://www.pinterest.com/ideas/home-decor/935249274030/ > https://www.pinterest.com/ideas/entryway/947659681346/ > https://www.pinterest.com/ideas/entryway-decor/921715628295/ > https://www.pinterest.com/ideas/shoe-storage-ideas-for-small-spaces-entryway-built-ins/913815756922/,https://www.pinterest.com/ideas/shoe-storage-ideas-for-small-spaces-entryway-built-ins/913815756922/
entryway bench cabinet,3,22,65,0,"Sep 17, 2026",923925276541,Home Decor > Entryway > Entryway Bench Cabinet,https://www.pinterest.com/ideas/home-decor/935249274030/ > https://www.pinterest.com/ideas/entryway/947659681346/ > https://www.pinterest.com/ideas/entryway-bench-cabinet/923925276541/,https://www.pinterest.com/ideas/entryway-bench-cabinet/923925276541/
entryway bench nook,3,19,64,0,"Sep 15, 2026",959467245801,Home Decor > Entryway > Entryway Decor > Entryway Bench Nook,https://www.pinterest.com/ideas/home-decor/935249274030/ > https://www.pinterest.com/ideas/entryway/947659681346/ > https://www.pinterest.com/ideas/entryway-decor/921715628295/ > https://www.pinterest.com/ideas/entryway-bench-nook/959467245801/,https://www.pinterest.com/ideas/entryway-bench-nook/959467245801/
entryway bench small entrance,4,29,64,0,"Sep 17, 2026",933304911407,Home Decor > Entryway > Entryway Ideas > Entryway Bench Small Entrance,https://www.pinterest.com/ideas/home-decor/935249274030/ > https://www.pinterest.com/ideas/entryway/947659681346/ > https://www.pinterest.com/ideas/entryway-ideas/939790496305/ > https://www.pinterest.com/ideas/entryway-bench-small-entrance/933304911407/,https://www.pinterest.com/ideas/entryway-bench-small-entrance/933304911407/
entryway bench small space,4,26,64,0,"Aug 28, 2026",918162339442,Home Decor > Entryway > Entryway Ideas > Entryway Bench Small Space,https://www.pinterest.com/ideas/home-decor/935249274030/ > https://www.pinterest.com/ideas/entryway/947659681346/ > https://www.pinterest.com/ideas/entryway-ideas/939790496305/ > https://www.pinterest.com/ideas/entryway-bench-small-space/918162339442/,https://www.pinterest.com/ideas/entryway-bench-small-space/918162339442/
entryway bench diy how to build,6,31,63,0,"Aug 28, 2026",953701866896,Diy And Crafts > Diy Furniture Building > Diy Outdoor Seating Area > Entryway Bench Diy How To Build,https://www.pinterest.com/ideas/diy-and-crafts/934876475639/ > https://www.pinterest.com/ideas/diy-furniture-building/942976798011/ > https://www.pinterest.com/ideas/diy-outdoor-seating-area/959190571818/ > https://www.pinterest.com/ideas/entryway-bench-diy-how-to-build/953701866896/,https://www.pinterest.com/ideas/entryway-bench-diy-how-to-build/953701866896/
entryway bench coat rack shoe storage diy,7,41,63,0,"Sep 17, 2026",934666250833,Diy And Crafts > Diy Furniture Building > Diy Outdoor Seating Area > Entryway Bench Coat Rack Shoe Storage Diy,https://www.pinterest.com/ideas/diy-and-crafts/934876475639/ > https://www.pinterest.com/ideas/diy-furniture-building/942976798011/ > https://www.pinterest.com/ideas/diy-outdoor-seating-area/959190571818/ > https://www.pinterest.com/ideas/entryway-bench-coat-rack-shoe-storage-diy/934666250833/,https://www.pinterest.com/ideas/entryway-bench-coat-rack-shoe-storage-diy/934666250833/
small space queen bed,4,21,63,0,"Sep 17, 2026",955706660431,Home Decor > Room Decor > Bedroom > Small Space Queen Bed,https://www.pinterest.com/ideas/home-decor/935249274030/ > https://www.pinterest.com/ideas/room-decor/916836567854/ > https://www.pinterest.com/ideas/bedroom/894848527867/ > https://www.pinterest.com/ideas/small-space-queen-bed/955706660431/,https://www.pinterest.com/ideas/small-space-queen-bed/955706660431/
entryway shoe storage with mirror,5,33,63,0,"Sep 17, 2026",909201218667,not-given,not-given,https://www.pinterest.com/ideas/entryway-shoe-storage-with-mirror/909201218667/
apartment decor and organization,4,32,60,0,"Sep 17, 2026",894350979205,Home Decor > Storage And Organization > Apartment Decor And Organization,https://www.pinterest.com/ideas/home-decor/935249274030/ > https://www.pinterest.com/ideas/storage-and-organization/896864884493/ > https://www.pinterest.com/ideas/apartment-decor-and-organization/894350979205/,https://www.pinterest.com/ideas/apartment-decor-and-organization/894350979205/
entryway bench by stairs,4,24,59,0,"Sep 15, 2026",906324288808,Home Decor > Entryway > Entryway Bench By Stairs,https://www.pinterest.com/ideas/home-decor/935249274030/ > https://www.pinterest.com/ideas/entryway/947659681346/ > https://www.pinterest.com/ideas/entryway-bench-by-stairs/906324288808/,https://www.pinterest.com/ideas/entryway-bench-by-stairs/906324288808/
entryway shoe storage basket,4,28,59,0,"Sep 15, 2026",898020166361,Home Decor > Storage And Organization > Shoe Storage > Entryway Shoe Storage Basket,https://www.pinterest.com/ideas/home-decor/935249274030/ > https://www.pinterest.com/ideas/storage-and-organization/896864884493/ > https://www.pinterest.com/ideas/shoe-storage/937216792522/ > https://www.pinterest.com/ideas/entryway-shoe-storage-basket/898020166361/,https://www.pinterest.com/ideas/entryway-shoe-storage-basket/898020166361/
small space japandi,3,19,58,0,"Sep 17, 2026",895549411147,Design > Interior Design > Small Space Japandi,https://www.pinterest.com/ideas/design/902065567321/ > https://www.pinterest.com/ideas/interior-design/922773544354/ > https://www.pinterest.com/ideas/small-space-japandi/895549411147/,https://www.pinterest.com/ideas/small-space-japandi/895549411147/
entryway bench stairs,3,21,57,0,"Aug 18, 2026",904181666497,Home Decor > Entryway > Entryway Decor > Entryway Bench Stairs,https://www.pinterest.com/ideas/home-decor/935249274030/ > https://www.pinterest.com/ideas/entryway/947659681346/ > https://www.pinterest.com/ideas/entryway-decor/921715628295/ > https://www.pinterest.com/ideas/entryway-bench-stairs/904181666497/,https://www.pinterest.com/ideas/entryway-bench-stairs/904181666497/
small apartment organization living room,5,40,57,0,"Sep 17, 2026",924634881942,Home Decor > Storage And Organization > Small Apartment Organization Living Room,https://www.pinterest.com/ideas/home-decor/935249274030/ > https://www.pinterest.com/ideas/storage-and-organization/896864884493/ > https://www.pinterest.com/ideas/small-apartment-organization-living-room/924634881942/,https://www.pinterest.com/ideas/small-apartment-organization-living-room/924634881942/
small space vertical garden,4,27,57,0,"Sep 17, 2026",957661932694,Lawn And Garden > Garden Themes > Small Space Vertical Garden,https://www.pinterest.com/ideas/lawn-and-garden/909983286710/ > https://www.pinterest.com/ideas/garden-themes/902437962963/ > https://www.pinterest.com/ideas/small-space-vertical-garden/957661932694/,https://www.pinterest.com/ideas/small-space-vertical-garden/957661932694/
entryway bench dimensions,3,25,57,0,"Sep 17, 2026",942178564347,Home Decor > Entryway > Entryway Ideas > Entryway Bench Dimensions,https://www.pinterest.com/ideas/home-decor/935249274030/ > https://www.pinterest.com/ideas/entryway/947659681346/ > https://www.pinterest.com/ideas/entryway-ideas/939790496305/ > https://www.pinterest.com/ideas/entryway-bench-dimensions/942178564347/,https://www.pinterest.com/ideas/entryway-bench-dimensions/942178564347/
small space yard ideas,4,22,57,0,"Sep 17, 2026",904825516304,Lawn And Garden > Garden Types > Yard > Small Space Yard Ideas,https://www.pinterest.com/ideas/lawn-and-garden/909983286710/ > https://www.pinterest.com/ideas/garden-types/926108676086/ > https://www.pinterest.com/ideas/yard/916841062080/ > https://www.pinterest.com/ideas/small-space-yard-ideas/904825516304/,https://www.pinterest.com/ideas/small-space-yard-ideas/904825516304/
apartment closet organization ideas bedroom,5,43,56,0,"Sep 14, 2026",908590582949,Home Decor > Storage And Organization > Bedroom Storage > Apartment Closet Organization Ideas Bedroom,https://www.pinterest.com/ideas/home-decor/935249274030/ > https://www.pinterest.com/ideas/storage-and-organization/896864884493/ > https://www.pinterest.com/ideas/bedroom-storage/934057015159/ > https://www.pinterest.com/ideas/apartment-closet-organization-ideas-bedroom/908590582949/,https://www.pinterest.com/ideas/apartment-closet-organization-ideas-bedroom/908590582949/
entryway shoe storage apartment,4,31,53,0,"Sep 15, 2026",959653623591,Home Decor > Storage And Organization > Shoe Storage > Entryway Shoe Storage Apartment,https://www.pinterest.com/ideas/home-decor/935249274030/ > https://www.pinterest.com/ideas/storage-and-organization/896864884493/ > https://www.pinterest.com/ideas/shoe-storage/937216792522/ > https://www.pinterest.com/ideas/entryway-shoe-storage-apartment/959653623591/,https://www.pinterest.com/ideas/entryway-shoe-storage-apartment/959653623591/
entryway bench decor farmhouse,4,30,53,0,"Sep 17, 2026",925287810337,Home Decor > Entryway > Entryway Decor > Entryway Bench Decor Farmhouse,https://www.pinterest.com/ideas/home-decor/935249274030/ > https://www.pinterest.com/ideas/entryway/947659681346/ > https://www.pinterest.com/ideas/entryway-decor/921715628295/ > https://www.pinterest.com/ideas/entryway-bench-decor-farmhouse/925287810337/,https://www.pinterest.com/ideas/entryway-bench-decor-farmhouse/925287810337/
entryway bench coat rack shoe storage,6,37,48,0,"Sep 17, 2026",893457073394,Home Decor > Entryway > Entryway Coat Rack > Entryway Bench Coat Rack Shoe Storage,https://www.pinterest.com/ideas/home-decor/935249274030/ > https://www.pinterest.com/ideas/entryway/947659681346/ > https://www.pinterest.com/ideas/entryway-coat-rack/908024983478/ > https://www.pinterest.com/ideas/entryway-bench-coat-rack-shoe-storage/893457073394/,https://www.pinterest.com/ideas/entryway-bench-coat-rack-shoe-storage/893457073394/
apartment closet shoe organization,4,34,47,0,"Sep 17, 2026",954030740794,Home Decor > Storage And Organization > Closet > Apartment Closet Shoe Organization,https://www.pinterest.com/ideas/home-decor/935249274030/ > https://www.pinterest.com/ideas/storage-and-organization/896864884493/ > https://www.pinterest.com/ideas/closet/919930442358/ > https://www.pinterest.com/ideas/apartment-closet-shoe-organization/954030740794/,https://www.pinterest.com/ideas/apartment-closet-shoe-organization/954030740794/
1 bedroom apartment organization,4,32,46,0,"Sep 17, 2026",951450029648,Home Decor > Storage And Organization > Bedroom Storage > 1 Bedroom Apartment Organization,https://www.pinterest.com/ideas/home-decor/935249274030/ > https://www.pinterest.com/ideas/storage-and-organization/896864884493/ > https://www.pinterest.com/ideas/bedroom-storage/934057015159/ > https://www.pinterest.com/ideas/1-bedroom-apartment-organization/951450029648/,https://www.pinterest.com/ideas/1-bedroom-apartment-organization/951450029648/
small room nursery ideas space saving,6,37,44,0,"Sep 17, 2026",900984200477,Parenting > Baby Ideas > Small Room Nursery Ideas Space Saving,https://www.pinterest.com/ideas/parenting/920236059316/ > https://www.pinterest.com/ideas/baby-ideas/939107457644/ > https://www.pinterest.com/ideas/small-room-nursery-ideas-space-saving/900984200477/,https://www.pinterest.com/ideas/small-room-nursery-ideas-space-saving/900984200477/
small garage organization ideas space saving,6,44,43,0,"Aug 31, 2026",917703287301,Lawn And Garden > Outdoor Storage > Small Garage Organization Ideas Space Saving,https://www.pinterest.com/ideas/lawn-and-garden/909983286710/ > https://www.pinterest.com/ideas/outdoor-storage/960442020412/ > https://www.pinterest.com/ideas/small-garage-organization-ideas-space-saving/917703287301/,https://www.pinterest.com/ideas/small-garage-organization-ideas-space-saving/917703287301/
apartment organization bedroom,3,30,42,0,"Sep 17, 2026",927965303451,Home Decor > Storage And Organization > Bedroom Storage > Apartment Organization Bedroom,https://www.pinterest.com/ideas/home-decor/935249274030/ > https://www.pinterest.com/ideas/storage-and-organization/896864884493/ > https://www.pinterest.com/ideas/bedroom-storage/934057015159/ > https://www.pinterest.com/ideas/apartment-organization-bedroom/927965303451/,https://www.pinterest.com/ideas/apartment-organization-bedroom/927965303451/
front door shoe storage entryway diy,6,36,42,0,"Sep 17, 2026",902878500309,Diy And Crafts > Diy Organization > Diy Home Storage > Front Door Shoe Storage Entryway Diy,https://www.pinterest.com/ideas/diy-and-crafts/934876475639/ > https://www.pinterest.com/ideas/diy-organization/910752546716/ > https://www.pinterest.com/ideas/diy-home-storage/902693060684/ > https://www.pinterest.com/ideas/front-door-shoe-storage-entryway-diy/902878500309/,https://www.pinterest.com/ideas/front-door-shoe-storage-entryway-diy/902878500309/
japanese apartment organization,3,31,40,0,"Sep 17, 2026",914058604987,Home Decor > Japanese Apartment Organization,https://www.pinterest.com/ideas/home-decor/935249274030/ > https://www.pinterest.com/ideas/japanese-apartment-organization/914058604987/,https://www.pinterest.com/ideas/japanese-apartment-organization/914058604987/
new york apartment organization,4,31,39,0,"Sep 15, 2026",959907410440,Home Decor > Storage And Organization > Home Storage Organization > New York Apartment Organization,https://www.pinterest.com/ideas/home-decor/935249274030/ > https://www.pinterest.com/ideas/storage-and-organization/896864884493/ > https://www.pinterest.com/ideas/home-storage-organization/935444130944/ > https://www.pinterest.com/ideas/new-york-apartment-organization/959907410440/,https://www.pinterest.com/ideas/new-york-apartment-organization/959907410440/
entryway bench green,3,20,37,0,"Sep 15, 2026",901283806273,Entryway Bench Green,https://www.pinterest.com/ideas/entryway-bench-green/901283806273/,https://www.pinterest.com/ideas/entryway-bench-green/901283806273/
apartment decorating organization,3,33,37,0,"Sep 15, 2026",943942246916,Home Decor > Storage And Organization > Home Storage Organization > Apartment Decorating Organization,https://www.pinterest.com/ideas/home-decor/935249274030/ > https://www.pinterest.com/ideas/storage-and-organization/896864884493/ > https://www.pinterest.com/ideas/home-storage-organization/935444130944/ > https://www.pinterest.com/ideas/apartment-decorating-organization/943942246916/,https://www.pinterest.com/ideas/apartment-decorating-organization/943942246916/
entryway shoe storage modern,4,28,33,0,"Sep 17, 2026",955433634792,Entryway Shoe Storage Modern,https://www.pinterest.com/ideas/entryway-shoe-storage-modern/955433634792/,https://www.pinterest.com/ideas/entryway-shoe-storage-modern/955433634792/
entryway shoe storage and coat rack,6,35,32,0,"Sep 15, 2026",901609418170,Entryway Shoe Storage And Coat Rack,https://www.pinterest.com/ideas/entryway-shoe-storage-and-coat-rack/901609418170/,https://www.pinterest.com/ideas/entryway-shoe-storage-and-coat-rack/901609418170/
small veggie garden ideas space saving,6,38,31,0,"Sep 15, 2026",955757947479,Lawn And Garden > Lawn And Garden Ideas > Garden Ideas > Small Veggie Garden Ideas Space Saving,https://www.pinterest.com/ideas/lawn-and-garden/909983286710/ > https://www.pinterest.com/ideas/lawn-and-garden-ideas/909909540942/ > https://www.pinterest.com/ideas/garden-ideas/933462243716/ > https://www.pinterest.com/ideas/small-veggie-garden-ideas-space-saving/955757947479/,https://www.pinterest.com/ideas/small-veggie-garden-ideas-space-saving/955757947479/
small space zen garden,4,22,31,0,"Sep 15, 2026",944797576254,Lawn And Garden > Garden Themes > Meditation Garden > Small Space Zen Garden,https://www.pinterest.com/ideas/lawn-and-garden/909983286710/ > https://www.pinterest.com/ideas/garden-themes/902437962963/ > https://www.pinterest.com/ideas/meditation-garden/917337433892/ > https://www.pinterest.com/ideas/small-space-zen-garden/944797576254/,https://www.pinterest.com/ideas/small-space-zen-garden/944797576254/
small nyc apartment organization,4,32,31,0,"Sep 17, 2026",960371070507,Home Decor > Storage And Organization > Home Storage Organization > Small Nyc Apartment Organization,https://www.pinterest.com/ideas/home-decor/935249274030/ > https://www.pinterest.com/ideas/storage-and-organization/896864884493/ > https://www.pinterest.com/ideas/home-storage-organization/935444130944/ > https://www.pinterest.com/ideas/small-nyc-apartment-organization/960371070507/,https://www.pinterest.com/ideas/small-nyc-apartment-organization/960371070507/
kallax hack bench entryway,4,26,28,0,"Sep 17, 2026",906921182906,Diy And Crafts > Diy Interior > Diy Furniture > Kallax Hack Bench Entryway,https://www.pinterest.com/ideas/diy-and-crafts/934876475639/ > https://www.pinterest.com/ideas/diy-interior/947657535178/ > https://www.pinterest.com/ideas/diy-furniture/913679799510/ > https://www.pinterest.com/ideas/kallax-hack-bench-entryway/906921182906/,https://www.pinterest.com/ideas/kallax-hack-bench-entryway/906921182906/
small space japanese garden,4,27,27,0,"Sep 17, 2026",921301370765,Lawn And Garden > Garden Themes > Small Space Japanese Garden,https://www.pinterest.com/ideas/lawn-and-garden/909983286710/ > https://www.pinterest.com/ideas/garden-themes/902437962963/ > https://www.pinterest.com/ideas/small-space-japanese-garden/921301370765/,https://www.pinterest.com/ideas/small-space-japanese-garden/921301370765/
closet space saving ideas diy,5,29,27,0,"Sep 17, 2026",934052548023,Diy And Crafts > Diy Organization > Diy Organization Ideas > Closet Space Saving Ideas Diy,https://www.pinterest.com/ideas/diy-and-crafts/934876475639/ > https://www.pinterest.com/ideas/diy-organization/910752546716/ > https://www.pinterest.com/ideas/diy-organization-ideas/918058275556/ > https://www.pinterest.com/ideas/closet-space-saving-ideas-diy/934052548023/,https://www.pinterest.com/ideas/closet-space-saving-ideas-diy/934052548023/
very small entryway shoe storage,5,32,27,0,"Sep 17, 2026",949658450642,Very Small Entryway Shoe Storage,https://www.pinterest.com/ideas/very-small-entryway-shoe-storage/949658450642/,https://www.pinterest.com/ideas/very-small-entryway-shoe-storage/949658450642/
apartment maintenance shop organization,4,39,26,0,"Sep 17, 2026",947289309901,Home Decor > Storage And Organization > Apartment Maintenance Shop Organization,https://www.pinterest.com/ideas/home-decor/935249274030/ > https://www.pinterest.com/ideas/storage-and-organization/896864884493/ > https://www.pinterest.com/ideas/apartment-maintenance-shop-organization/947289309901/,https://www.pinterest.com/ideas/apartment-maintenance-shop-organization/947289309901/
entryway bench paint ideas,4,26,25,0,"Sep 17, 2026",920339523869,Home Decor > Entryway > Entryway Paint > Entryway Bench Paint Ideas,https://www.pinterest.com/ideas/home-decor/935249274030/ > https://www.pinterest.com/ideas/entryway/947659681346/ > https://www.pinterest.com/ideas/entryway-paint/895544131331/ > https://www.pinterest.com/ideas/entryway-bench-paint-ideas/920339523869/,https://www.pinterest.com/ideas/entryway-bench-paint-ideas/920339523869/
entryway bench baskets,3,22,24,0,"Sep 15, 2026",960842331687,Entryway Bench Baskets,https://www.pinterest.com/ideas/entryway-bench-baskets/960842331687/,https://www.pinterest.com/ideas/entryway-bench-baskets/960842331687/
entryway bench table combo,4,26,23,0,"Sep 15, 2026",919334915210,Entryway Bench Table Combo,https://www.pinterest.com/ideas/entryway-bench-table-combo/919334915210/,https://www.pinterest.com/ideas/entryway-bench-table-combo/919334915210/
entryway bench fabric,3,21,22,0,"Sep 17, 2026",904143894502,Entryway Bench Fabric,https://www.pinterest.com/ideas/entryway-bench-fabric/904143894502/,https://www.pinterest.com/ideas/entryway-bench-fabric/904143894502/
entryway table with hidden shoe storage,6,39,22,0,"Sep 15, 2026",911443713865,not-given,not-given,https://www.pinterest.com/ideas/entryway-table-with-hidden-shoe-storage/911443713865/
apartment cleaning organization,3,31,21,0,"Sep 17, 2026",939120930290,Home Decor > Home Maintenance > Home Cleaning > Apartment Cleaning Organization,https://www.pinterest.com/ideas/home-decor/935249274030/ > https://www.pinterest.com/ideas/home-maintenance/951174617998/ > https://www.pinterest.com/ideas/home-cleaning/925792167295/ > https://www.pinterest.com/ideas/apartment-cleaning-organization/939120930290/,https://www.pinterest.com/ideas/apartment-cleaning-organization/939120930290/
japanese entryway bench,3,23,20,0,"Sep 15, 2026",930327947710,Japanese Entryway Bench,https://www.pinterest.com/ideas/japanese-entryway-bench/930327947710/,https://www.pinterest.com/ideas/japanese-entryway-bench/930327947710/
first apartment organization ideas,4,34,20,0,"Sep 17, 2026",910206011319,Diy And Crafts > Diy Organization > Diy Organization Ideas > First Apartment Organization Ideas,https://www.pinterest.com/ideas/diy-and-crafts/934876475639/ > https://www.pinterest.com/ideas/diy-organization/910752546716/ > https://www.pinterest.com/ideas/diy-organization-ideas/918058275556/ > https://www.pinterest.com/ideas/first-apartment-organization-ideas/910206011319/,https://www.pinterest.com/ideas/first-apartment-organization-ideas/910206011319/
entryway bench ottoman,3,22,19,0,"Sep 17, 2026",923150789163,Entryway Bench Ottoman,https://www.pinterest.com/ideas/entryway-bench-ottoman/923150789163/,https://www.pinterest.com/ideas/entryway-bench-ottoman/923150789163/
entryway bench halloween decor,4,30,19,0,"Aug 7, 2026",913008762213,Home Decor > Entryway Bench Halloween Decor,https://www.pinterest.com/ideas/home-decor/935249274030/ > https://www.pinterest.com/ideas/entryway-bench-halloween-decor/913008762213/,https://www.pinterest.com/ideas/entryway-bench-halloween-decor/913008762213/
small kitchen organization apartment no pantry,6,46,18,0,"Sep 17, 2026",926196087248,Home Decor > Storage And Organization > Kitchen Organization > Small Kitchen Organization Apartment No Pantry,https://www.pinterest.com/ideas/home-decor/935249274030/ > https://www.pinterest.com/ideas/storage-and-organization/896864884493/ > https://www.pinterest.com/ideas/kitchen-organization/901840536930/ > https://www.pinterest.com/ideas/small-kitchen-organization-apartment-no-pantry/926196087248/,https://www.pinterest.com/ideas/small-kitchen-organization-apartment-no-pantry/926196087248/
entryway shoe storage with hooks,5,32,17,0,"Sep 17, 2026",946364763303,Entryway Shoe Storage With Hooks,https://www.pinterest.com/ideas/entryway-shoe-storage-with-hooks/946364763303/,https://www.pinterest.com/ideas/entryway-shoe-storage-with-hooks/946364763303/
japandi entryway shoe storage,4,29,17,0,"Sep 15, 2026",904636886680,Japandi Entryway Shoe Storage,https://www.pinterest.com/ideas/japandi-entryway-shoe-storage/904636886680/,https://www.pinterest.com/ideas/japandi-entryway-shoe-storage/904636886680/
apartment plant organization,3,28,16,0,"Sep 17, 2026",956673867495,Lawn And Garden > Planting > Plants > Apartment Plant Organization,https://www.pinterest.com/ideas/lawn-and-garden/909983286710/ > https://www.pinterest.com/ideas/planting/916000423671/ > https://www.pinterest.com/ideas/plants/944760692332/ > https://www.pinterest.com/ideas/apartment-plant-organization/956673867495/,https://www.pinterest.com/ideas/apartment-plant-organization/956673867495/
narrow entryway bench with shoe storage,6,39,16,0,"Sep 15, 2026",945827485299,Narrow Entryway Bench With Shoe Storage,https://www.pinterest.com/ideas/narrow-entryway-bench-with-shoe-storage/945827485299/,https://www.pinterest.com/ideas/narrow-entryway-bench-with-shoe-storage/945827485299/
space saving ideas in bedroom,5,29,14,0,"Sep 15, 2026",946941679389,Home Decor > Room Decor > Bedroom > Space Saving Ideas In Bedroom,https://www.pinterest.com/ideas/home-decor/935249274030/ > https://www.pinterest.com/ideas/room-decor/916836567854/ > https://www.pinterest.com/ideas/bedroom/894848527867/ > https://www.pinterest.com/ideas/space-saving-ideas-in-bedroom/946941679389/,https://www.pinterest.com/ideas/space-saving-ideas-in-bedroom/946941679389/
space saving ideas for small bathrooms,6,38,13,0,"Sep 15, 2026",936218904200,Space Saving Ideas For Small Bathrooms,https://www.pinterest.com/ideas/space-saving-ideas-for-small-bathrooms/936218904200/,https://www.pinterest.com/ideas/space-saving-ideas-for-small-bathrooms/936218904200/
apartment organization on a budget,5,34,11,0,"Sep 17, 2026",947493831066,Home Decor > Storage And Organization > Home Storage Organization > Apartment Organization On A Budget,https://www.pinterest.com/ideas/home-decor/935249274030/ > https://www.pinterest.com/ideas/storage-and-organization/896864884493/ > https://www.pinterest.com/ideas/home-storage-organization/935444130944/ > https://www.pinterest.com/ideas/apartment-organization-on-a-budget/947493831066/,https://www.pinterest.com/ideas/apartment-organization-on-a-budget/947493831066/
entryway bench narrow hallway,4,29,11,0,"Sep 17, 2026",944780733622,Entryway Bench Narrow Hallway,https://www.pinterest.com/ideas/entryway-bench-narrow-hallway/944780733622/,https://www.pinterest.com/ideas/entryway-bench-narrow-hallway/944780733622/
bathroom organization under sink apartment,5,42,11,0,"Sep 17, 2026",944425870691,Diy And Crafts > Diy Organization > Bathroom Organizing Ideas > Bathroom Organization Under Sink Apartment,https://www.pinterest.com/ideas/diy-and-crafts/934876475639/ > https://www.pinterest.com/ideas/diy-organization/910752546716/ > https://www.pinterest.com/ideas/bathroom-organizing-ideas/919761175975/ > https://www.pinterest.com/ideas/bathroom-organization-under-sink-apartment/944425870691/,https://www.pinterest.com/ideas/bathroom-organization-under-sink-apartment/944425870691/
printer storage ideas space saving,5,34,10,0,"Sep 17, 2026",937544378077,Diy And Crafts > Diy Organization > Storage Ideas And Organization > Printer Storage Ideas Space Saving,https://www.pinterest.com/ideas/diy-and-crafts/934876475639/ > https://www.pinterest.com/ideas/diy-organization/910752546716/ > https://www.pinterest.com/ideas/storage-ideas-and-organization/922874017624/ > https://www.pinterest.com/ideas/printer-storage-ideas-space-saving/937544378077/,https://www.pinterest.com/ideas/printer-storage-ideas-space-saving/937544378077/
entryway bench tree,3,19,9,0,"Sep 17, 2026",911395822386,Entryway Bench Tree,https://www.pinterest.com/ideas/entryway-bench-tree/911395822386/,https://www.pinterest.com/ideas/entryway-bench-tree/911395822386/
small ensuite ideas space saving,5,32,8,0,"Sep 15, 2026",926740155089,Design > Small Ensuite Ideas Space Saving,https://www.pinterest.com/ideas/design/902065567321/ > https://www.pinterest.com/ideas/small-ensuite-ideas-space-saving/926740155089/,https://www.pinterest.com/ideas/small-ensuite-ideas-space-saving/926740155089/
rustic entryway bench with shoe storage,6,39,7,0,"Sep 15, 2026",906598660608,Rustic Entryway Bench With Shoe Storage,https://www.pinterest.com/ideas/rustic-entryway-bench-with-shoe-storage/906598660608/,https://www.pinterest.com/ideas/rustic-entryway-bench-with-shoe-storage/906598660608/
small space queen bed frame,5,27,6,0,"Sep 15, 2026",911161614730,not-given,not-given,https://www.pinterest.com/ideas/small-space-queen-bed-frame/911161614730/
french vintage tufted entryway bench,5,36,6,0,"Sep 15, 2026",895928689623,Home Decor > Entryway > French Vintage Tufted Entryway Bench,https://www.pinterest.com/ideas/home-decor/935249274030/ > https://www.pinterest.com/ideas/entryway/947659681346/ > https://www.pinterest.com/ideas/french-vintage-tufted-entryway-bench/895928689623/,https://www.pinterest.com/ideas/french-vintage-tufted-entryway-bench/895928689623/
entryway bench with shoe storage plans,6,38,5,0,"Sep 15, 2026",920183832994,Diy And Crafts > Diy Furniture Building > Entryway Bench With Shoe Storage Plans,https://www.pinterest.com/ideas/diy-and-crafts/934876475639/ > https://www.pinterest.com/ideas/diy-furniture-building/942976798011/ > https://www.pinterest.com/ideas/entryway-bench-with-shoe-storage-plans/920183832994/,https://www.pinterest.com/ideas/entryway-bench-with-shoe-storage-plans/920183832994/
entryway bench living room,4,26,not-found,not-found,not-found,not-found,not-given,not-given,not-found
entryway bench luxury,3,21,not-found,not-found,not-found,not-found,not-given,not-given,not-found
entryway bench lamp,3,19,not-found,not-found,not-found,not-found,not-given,not-given,not-found
entryway bench lockers,3,22,not-found,not-found,not-found,not-found,not-given,not-given,not-found
entryway bench lighting,3,23,not-found,not-found,not-found,not-found,not-given,not-given,not-found
entryway bench live edge,4,24,not-found,not-found,not-found,not-found,not-given,not-given,not-found
entryway bench large,3,20,not-found,not-found,not-found,not-found,not-given,not-given,not-found
entryway bench l shape,4,22,not-found,not-found,not-found,not-found,not-given,not-given,not-found
entryway bench light wood,4,25,not-found,not-found,not-found,not-found,not-given,not-given,not-found
laundry room entryway bench,4,27,not-found,not-found,not-found,not-found,not-given,not-given,not-found
6 seater dining table for small space modern,8,44,not-found,not-found,not-found,not-found,not-given,not-given,not-found
small space 6 seater dining table,6,33,not-found,not-found,not-found,not-found,not-given,not-given,not-found
entryway bench mirror,3,21,not-found,not-found,not-found,not-found,not-given,not-given,not-found
entryway bench mirror ideas,4,27,not-found,not-found,not-found,not-found,not-given,not-given,not-found
50 small bedroom ideas to maximize space and create a cozy retreat,12,66,not-found,not-found,not-found,not-found,not-given,not-given,not-found
entryway bench mcm,3,18,not-found,not-found,not-found,not-found,not-given,not-given,not-found
entryway bench makeover ideas,4,29,not-found,not-found,not-found,not-found,not-given,not-given,not-found
entryway bench measurements,3,27,not-found,not-found,not-found,not-found,not-given,not-given,not-found
entryway bench mirror hooks,4,27,not-found,not-found,not-found,not-found,not-given,not-given,not-found
entryway bench metal,3,20,not-found,not-found,not-found,not-found,not-given,not-given,not-found
entryway bench mirror coat rack,5,31,not-found,not-found,not-found,not-found,not-given,not-given,not-found
entryway bench mudroom,3,22,not-found,not-found,not-found,not-found,not-given,not-given,not-found
small space kitchen table for 4,6,31,not-found,not-found,not-found,not-found,not-given,not-given,not-found
small office space with 4 desks,6,31,not-found,not-found,not-found,not-found,not-given,not-given,not-found
entryway bench narrow,3,21,not-found,not-found,not-found,not-found,not-given,not-given,not-found
entryway bench next to console table,6,36,not-found,not-found,not-found,not-found,not-given,not-given,not-found
entryway bench near stairs,4,26,not-found,not-found,not-found,not-found,not-given,not-given,not-found
entryway bench nancy meyers,4,27,not-found,not-found,not-found,not-found,not-given,not-given,not-found
entryway bench not against wall,5,31,not-found,not-found,not-found,not-found,not-given,not-given,not-found
entryway bench nook ideas,4,25,not-found,not-found,not-found,not-found,not-given,not-given,not-found
4 seater dining for small space,6,31,not-found,not-found,not-found,not-found,not-given,not-given,not-found
entryway bench niche,3,20,not-found,not-found,not-found,not-found,not-given,not-given,not-found
entryway bench natural wood,4,27,not-found,not-found,not-found,not-found,not-given,not-given,not-found
entryway bench natural,3,22,not-found,not-found,not-found,not-found,not-given,not-given,not-found
entryway bench organization tips,4,32,not-found,not-found,not-found,not-found,not-given,not-given,not-found
entryway bench outdoor,3,22,not-found,not-found,not-found,not-found,not-given,not-given,not-found
entryway bench organization ideas,4,33,not-found,not-found,not-found,not-found,not-given,not-given,not-found
entryway bench organic modern,4,29,not-found,not-found,not-found,not-found,not-given,not-given,not-found
small space bedroom for 3,5,25,not-found,not-found,not-found,not-found,not-given,not-given,not-found
entryway bench or table,4,23,not-found,not-found,not-found,not-found,not-given,not-given,not-found
entryway bench outside,3,22,not-found,not-found,not-found,not-found,not-given,not-given,not-found
entryway bench oak,3,18,not-found,not-found,not-found,not-found,not-given,not-given,not-found
entryway bench organic,3,22,not-found,not-found,not-found,not-found,not-given,not-given,not-found
entryway bench open concept,4,27,not-found,not-found,not-found,not-found,not-given,not-given,not-found
entryway bench or chair,4,23,not-found,not-found,not-found,not-found,not-given,not-given,not-found
entryway bench options,3,22,not-found,not-found,not-found,not-found,not-given,not-given,not-found
entryway bench pillows,3,22,not-found,not-found,not-found,not-found,not-given,not-given,not-found
small space 2 bedroom apartment,5,31,not-found,not-found,not-found,not-found,not-given,not-given,not-found
entryway bench pillow ideas,4,27,not-found,not-found,not-found,not-found,not-given,not-given,not-found
entryway bench paint color ideas,5,32,not-found,not-found,not-found,not-found,not-given,not-given,not-found
entryway bench plant decor ideas,5,32,not-found,not-found,not-found,not-found,not-given,not-given,not-found
entryway bench pillow decor,4,27,not-found,not-found,not-found,not-found,not-given,not-given,not-found
small space 2 bedroom,4,21,not-found,not-found,not-found,not-found,not-given,not-given,not-found
entryway bench plans easy diy,5,29,not-found,not-found,not-found,not-found,not-given,not-given,not-found
entryway bench placement ideas,4,30,not-found,not-found,not-found,not-found,not-given,not-given,not-found
entryway bench painted,3,22,not-found,not-found,not-found,not-found,not-given,not-given,not-found
entryway bench pink,3,19,not-found,not-found,not-found,not-found,not-given,not-given,not-found
entryway bench photo wall,4,25,not-found,not-found,not-found,not-found,not-given,not-given,not-found
1 bhk interior small space,5,26,not-found,not-found,not-found,not-found,not-given,not-given,not-found
entryway bench room divider,4,27,not-found,not-found,not-found,not-found,not-given,not-given,not-found
entryway bench redo,3,19,not-found,not-found,not-found,not-found,not-given,not-given,not-found
entryway bench rattan,3,21,not-found,not-found,not-found,not-found,not-given,not-given,not-found
entryway bench repurpose,3,24,not-found,not-found,not-found,not-found,not-given,not-given,not-found
entryway bench round mirror,4,27,not-found,not-found,not-found,not-found,not-given,not-given,not-found
entryway bench rack,3,19,not-found,not-found,not-found,not-found,not-given,not-given,not-found
entryway bench rug,3,18,not-found,not-found,not-found,not-found,not-given,not-given,not-found
entryway bench repurposing ideas,4,32,not-found,not-found,not-found,not-found,not-given,not-given,not-found
entryway bench round,3,20,not-found,not-found,not-found,not-found,not-given,not-given,not-found
entryway round mirror and bench,5,31,not-found,not-found,not-found,not-found,not-given,not-given,not-found
entryway bench seat,3,19,not-found,not-found,not-found,not-found,not-given,not-given,not-found
entryway bench styling tips,4,27,not-found,not-found,not-found,not-found,not-given,not-given,not-found
small zen outdoor space,4,23,not-found,not-found,not-found,not-found,not-given,not-given,not-found
entryway bench shoes,3,20,not-found,not-found,not-found,not-found,not-given,not-given,not-found
small space zoning ideas,4,24,not-found,not-found,not-found,not-found,not-given,not-given,not-found
small space zen room,4,20,not-found,not-found,not-found,not-found,not-given,not-given,not-found
small space zen,3,15,not-found,not-found,not-found,not-found,not-given,not-given,not-found
small space zen garden ideas,5,28,not-found,not-found,not-found,not-found,not-given,not-given,not-found
entryway bench seating ideas,4,28,not-found,not-found,not-found,not-found,not-given,not-given,not-found
entryway bench table,3,20,not-found,not-found,not-found,not-found,not-given,not-given,not-found
small space yarn storage ideas,5,30,not-found,not-found,not-found,not-found,not-given,not-given,not-found
entryway bench traditional,3,26,not-found,not-found,not-found,not-found,not-given,not-given,not-found
small space youtube setup,4,25,not-found,not-found,not-found,not-found,not-given,not-given,not-found
entryway bench throw pillows,4,28,not-found,not-found,not-found,not-found,not-given,not-given,not-found
entryway bench target,3,21,not-found,not-found,not-found,not-found,not-given,not-given,not-found
entryway bench tufted,3,21,not-found,not-found,not-found,not-found,not-given,not-given,not-found
entryway table next to bench,5,28,not-found,not-found,not-found,not-found,not-given,not-given,not-found
how to build a shoe bench entryway,7,34,not-found,not-found,not-found,not-found,not-given,not-given,not-found
entryway coat tree and bench,5,28,not-found,not-found,not-found,not-found,not-given,not-given,not-found
closet to entryway bench,4,24,not-found,not-found,not-found,not-found,not-given,not-given,not-found
hall tree entryway bench,4,24,not-found,not-found,not-found,not-found,not-given,not-given,not-found
entryway bench under window,4,27,not-found,not-found,not-found,not-found,not-given,not-given,not-found
entryway bench upholstered,3,26,not-found,not-found,not-found,not-found,not-given,not-given,not-found
small space xmas decor,4,22,not-found,not-found,not-found,not-found,not-given,not-given,not-found
entryway bench under staircase,4,30,not-found,not-found,not-found,not-found,not-given,not-given,not-found
entryway bench under window front doors,6,39,not-found,not-found,not-found,not-found,not-given,not-given,not-found
entryway bench unique,3,21,not-found,not-found,not-found,not-found,not-given,not-given,not-found
entryway bench under mirror,4,27,not-found,not-found,not-found,not-found,not-given,not-given,not-found
entryway bench under table,4,26,not-found,not-found,not-found,not-found,not-given,not-given,not-found
entryway bench unit,3,19,not-found,not-found,not-found,not-found,not-given,not-given,not-found
entryway bench upcycling ideas,4,30,not-found,not-found,not-found,not-found,not-given,not-given,not-found
upholstered storage bench entryway,4,34,not-found,not-found,not-found,not-found,not-given,not-given,not-found
entryway bench with baskets under,5,33,not-found,not-found,not-found,not-found,not-given,not-given,not-found
entryway bench vintage,3,22,not-found,not-found,not-found,not-found,not-given,not-given,not-found
entryway bench vs table,4,23,not-found,not-found,not-found,not-found,not-given,not-given,not-found
entryway bench velvet,3,21,not-found,not-found,not-found,not-found,not-given,not-given,not-found
entryway bench vignette,3,23,not-found,not-found,not-found,not-found,not-given,not-given,not-found
entryway bench victorian,3,24,not-found,not-found,not-found,not-found,not-given,not-given,not-found
vestibule bench entryway,3,24,not-found,not-found,not-found,not-found,not-given,not-given,not-found
vintage entryway with bench,4,27,not-found,not-found,not-found,not-found,not-given,not-given,not-found
tufted velvet bench entryway design,5,35,not-found,not-found,not-found,not-found,not-given,not-given,not-found
vintage entryway storage bench,4,30,not-found,not-found,not-found,not-found,not-given,not-given,not-found
small quiet space,3,17,not-found,not-found,not-found,not-found,not-given,not-given,not-found
vintage bench entryway ideas,4,28,not-found,not-found,not-found,not-found,not-given,not-given,not-found
small room with queen bed ideas space saving,8,44,not-found,not-found,not-found,not-found,not-given,not-given,not-found
queen bed frame for small space,6,31,not-found,not-found,not-found,not-found,not-given,not-given,not-found
small space queen bedroom,4,25,not-found,not-found,not-found,not-found,not-given,not-given,not-found
entryway bench with shoe storage ideas,6,38,not-found,not-found,not-found,not-found,not-given,not-given,not-found
entryway bench with storage ideas,5,33,not-found,not-found,not-found,not-found,not-given,not-given,not-found
entryway bench with coat rack ideas,6,35,not-found,not-found,not-found,not-found,not-given,not-given,not-found
entryway bench with hooks ideas,5,31,not-found,not-found,not-found,not-found,not-given,not-given,not-found
small space quotes,3,18,not-found,not-found,not-found,not-found,not-given,not-given,not-found
entryway bench with mirror ideas,5,32,not-found,not-found,not-found,not-found,not-given,not-given,not-found
do it yourself entryway bench,5,29,not-found,not-found,not-found,not-found,not-given,not-given,not-found
yellow bench entryway,3,21,not-found,not-found,not-found,not-found,not-given,not-given,not-found
build your own entryway bench,5,29,not-found,not-found,not-found,not-found,not-given,not-given,not-found
yukon warm acacia live edge solid wood storage entryway bench with shelf,12,72,not-found,not-found,not-found,not-found,not-given,not-given,not-found
entryway drop zone with bench,5,29,not-found,not-found,not-found,not-found,not-given,not-given,not-found
entryway drop zone bench,4,24,not-found,not-found,not-found,not-found,not-given,not-given,not-found
zebra bench entryway,3,20,not-found,not-found,not-found,not-found,not-given,not-given,not-found
drop zone ideas entryway bench,5,30,not-found,not-found,not-found,not-found,not-given,not-given,not-found
entryway bench 2026,3,19,not-found,not-found,not-found,not-found,not-given,not-given,not-found
2x4 entryway bench,3,18,not-found,not-found,not-found,not-found,not-given,not-given,not-found
entryway bench 3d warehouse,4,27,not-found,not-found,not-found,not-found,not-given,not-given,not-found
36” entryway bench,3,18,not-found,not-found,not-found,not-found,not-given,not-given,not-found
3 foot bench entryway,4,21,not-found,not-found,not-found,not-found,not-given,not-given,not-found
folsom 3-piece entryway set with bench,6,38,not-found,not-found,not-found,not-found,not-given,not-given,not-found
30 inch entryway bench,4,22,not-found,not-found,not-found,not-found,not-given,not-given,not-found
40 inch entryway bench,4,22,not-found,not-found,not-found,not-found,not-given,not-given,not-found
sims 4 entryway bench,4,21,not-found,not-found,not-found,not-found,not-given,not-given,not-found
calla solid wood entryway bench (56\,6,36,not-found,not-found,not-found,not-found,not-given,not-given,not-found
60 inch entryway bench,4,22,not-found,not-found,not-found,not-found,not-given,not-given,not-found
small space kitchen design ideas,5,32,not-found,not-found,not-found,not-found,not-given,not-given,not-found
small space kids,3,16,not-found,not-found,not-found,not-found,not-given,not-given,not-found
small space kitchen island,4,26,not-found,not-found,not-found,not-found,not-given,not-given,not-found
small space kitchen organization,4,32,not-found,not-found,not-found,not-found,not-given,not-given,not-found
small space kids rooms,4,22,not-found,not-found,not-found,not-found,not-given,not-given,not-found
small space kitchen table,4,25,not-found,not-found,not-found,not-found,not-given,not-given,not-found
small space kitchen design,4,26,not-found,not-found,not-found,not-found,not-given,not-given,not-found
small space kitchen,3,19,not-found,not-found,not-found,not-found,not-given,not-given,not-found
small space japandi bedroom,4,27,not-found,not-found,not-found,not-found,not-given,not-given,not-found
small space jean storage,4,24,not-found,not-found,not-found,not-found,not-given,not-given,not-found
small space jewelry studio,4,26,not-found,not-found,not-found,not-found,not-given,not-given,not-found
small space jungle gym,4,22,not-found,not-found,not-found,not-found,not-given,not-given,not-found
small space apartment,3,21,not-found,not-found,not-found,not-found,not-given,not-given,not-found
small space japandi living room,5,31,not-found,not-found,not-found,not-found,not-given,not-given,not-found
small space jacket storage,4,26,not-found,not-found,not-found,not-found,not-given,not-given,not-found
small space jewelry display,4,27,not-found,not-found,not-found,not-found,not-given,not-given,not-found
small space interior design ideas,5,33,not-found,not-found,not-found,not-found,not-given,not-given,not-found
small space ideas creative,4,26,not-found,not-found,not-found,not-found,not-given,not-given,not-found
small space ideas apartment,4,27,not-found,not-found,not-found,not-found,not-given,not-given,not-found
small space accent chairs,4,25,not-found,not-found,not-found,not-found,not-given,not-given,not-found
small space ideas bedroom,4,25,not-found,not-found,not-found,not-found,not-given,not-given,not-found
small space home decor ideas bedroom,6,36,not-found,not-found,not-found,not-found,not-given,not-given,not-found
small space bedroom,3,19,not-found,not-found,not-found,not-found,not-given,not-given,not-found
small space bathroom,3,20,not-found,not-found,not-found,not-found,not-given,not-given,not-found
small space guest room,4,22,not-found,not-found,not-found,not-found,not-given,not-given,not-found
small space false ceiling design,5,32,not-found,not-found,not-found,not-found,not-given,not-given,not-found
small space for baby,4,20,not-found,not-found,not-found,not-found,not-given,not-given,not-found
small space family command center ideas,6,39,not-found,not-found,not-found,not-found,not-given,not-given,not-found
small space furniture,3,21,not-found,not-found,not-found,not-found,not-given,not-given,not-found
small space entry table,4,23,not-found,not-found,not-found,not-found,not-given,not-given,not-found
small space bathroom remodel,4,28,not-found,not-found,not-found,not-found,not-given,not-given,not-found
small space exhibition,3,22,not-found,not-found,not-found,not-found,not-given,not-given,not-found
small space entryway design,4,27,not-found,not-found,not-found,not-found,not-given,not-given,not-found
small space entrance ideas,4,26,not-found,not-found,not-found,not-found,not-given,not-given,not-found
small space entry,3,17,not-found,not-found,not-found,not-found,not-given,not-given,not-found
small space desk,3,16,not-found,not-found,not-found,not-found,not-given,not-given,not-found
small space decor ideas,4,23,not-found,not-found,not-found,not-found,not-given,not-given,not-found
small space dining table,4,24,not-found,not-found,not-found,not-found,not-given,not-given,not-found
small space decor,3,17,not-found,not-found,not-found,not-found,not-given,not-given,not-found
1 room apartment organization,4,29,not-found,not-found,not-found,not-found,not-given,not-given,not-found
yarn organization apartment,3,27,not-found,not-found,not-found,not-found,not-given,not-given,not-found
closet organization ideas small walk in apartment bedroom,8,57,not-found,not-found,not-found,not-found,not-given,not-given,not-found
small apartment organization with kids,5,38,not-found,not-found,not-found,not-found,not-given,not-given,not-found
one bedroom apartment with baby small spaces organization ideas,9,63,not-found,not-found,not-found,not-found,not-given,not-given,not-found
apartment walk in closet organization small spaces storage ideas,9,64,not-found,not-found,not-found,not-found,not-given,not-given,not-found
apartment organization with kids,4,32,not-found,not-found,not-found,not-found,not-given,not-given,not-found
very small studio apartment organization,5,40,not-found,not-found,not-found,not-found,not-given,not-given,not-found
apartment organization videos,3,29,not-found,not-found,not-found,not-found,not-given,not-given,not-found
apartment kitchen utensil organization ideas,5,44,not-found,not-found,not-found,not-found,not-given,not-given,not-found
apartment storage unit organization,4,35,not-found,not-found,not-found,not-found,not-given,not-given,not-found
utility closet organization apartment,4,37,not-found,not-found,not-found,not-found,not-given,not-given,not-found
unique apartment organization,3,29,not-found,not-found,not-found,not-found,not-given,not-given,not-found
apartment under sink organization,4,33,not-found,not-found,not-found,not-found,not-given,not-given,not-found
under kitchen sink organization apartment,5,41,not-found,not-found,not-found,not-found,not-given,not-given,not-found
small apartment organization dollar tree,5,40,not-found,not-found,not-found,not-found,not-given,not-given,not-found
apartment tool organization,3,27,not-found,not-found,not-found,not-found,not-given,not-given,not-found
toddler closet organization apartment,4,37,not-found,not-found,not-found,not-found,not-given,not-given,not-found
small apartment tool organization ideas,5,39,not-found,not-found,not-found,not-found,not-given,not-given,not-found
toy organization ideas apartment,4,32,not-found,not-found,not-found,not-found,not-given,not-given,not-found
apartment organization spices,3,29,not-found,not-found,not-found,not-found,not-given,not-given,not-found
apartment organization shoes,3,28,not-found,not-found,not-found,not-found,not-given,not-given,not-found
apartment organization small space,4,34,not-found,not-found,not-found,not-found,not-given,not-given,not-found
apartment organization storage,3,30,not-found,not-found,not-found,not-found,not-given,not-given,not-found
one room apartment organization,4,31,not-found,not-found,not-found,not-found,not-given,not-given,not-found
apartment laundry room organization ideas,5,41,not-found,not-found,not-found,not-found,not-given,not-given,not-found
apartment refrigerator organization ideas,4,41,not-found,not-found,not-found,not-found,not-given,not-given,not-found
small space eating area,4,23,not-found,not-found,not-found,not-found,not-given,not-given,not-found
apartment living room organization,4,34,not-found,not-found,not-found,not-found,not-given,not-given,not-found
apartment organization room,3,27,not-found,not-found,not-found,not-found,not-given,not-given,not-found
puppy organization apartment,3,28,not-found,not-found,not-found,not-found,not-given,not-given,not-found
plant organization indoor apartment,4,35,not-found,not-found,not-found,not-found,not-given,not-given,not-found
apartment patio organization ideas,4,34,not-found,not-found,not-found,not-found,not-given,not-given,not-found
panty organization apartment,3,28,not-found,not-found,not-found,not-found,not-given,not-given,not-found
purse organization small apartment,4,34,not-found,not-found,not-found,not-found,not-given,not-given,not-found
small pantry organization apartment,4,35,not-found,not-found,not-found,not-found,not-given,not-given,not-found
purse organization closet apartment,4,35,not-found,not-found,not-found,not-found,not-given,not-given,not-found
apartment small pantry organization ideas,5,41,not-found,not-found,not-found,not-found,not-given,not-given,not-found
apartment organization plan,3,27,not-found,not-found,not-found,not-found,not-given,not-given,not-found
apartment organization pantry,3,29,not-found,not-found,not-found,not-found,not-given,not-given,not-found
nursery organization apartment,3,30,not-found,not-found,not-found,not-found,not-given,not-given,not-found
nursery closet organization apartment,4,37,not-found,not-found,not-found,not-found,not-given,not-given,not-found
new york city apartment organization,5,36,not-found,not-found,not-found,not-found,not-given,not-given,not-found
apartment mail organization,3,27,not-found,not-found,not-found,not-found,not-given,not-given,not-found
mens apartment closet organization,4,34,not-found,not-found,not-found,not-found,not-given,not-given,not-found
closet organization ideas small walk in apartment modern,8,56,not-found,not-found,not-found,not-found,not-given,not-given,not-found
apartment bathroom organization makeup storage,5,46,not-found,not-found,not-found,not-found,not-given,not-given,not-found
minimal apartment organization,3,30,not-found,not-found,not-found,not-found,not-given,not-given,not-found
apartment organization medicine,3,31,not-found,not-found,not-found,not-found,not-given,not-given,not-found
small space gym at home,5,23,not-found,not-found,not-found,not-found,not-given,not-given,not-found
small space ganpati decoration ideas,5,36,not-found,not-found,not-found,not-found,not-given,not-given,not-found
apartment storage locker organization,4,37,not-found,not-found,not-found,not-found,not-given,not-given,not-found
apartment laundry organization small spaces,5,43,not-found,not-found,not-found,not-found,not-given,not-given,not-found
apartment organization laundry,3,30,not-found,not-found,not-found,not-found,not-given,not-given,not-found
apartment organization laundry room,4,35,not-found,not-found,not-found,not-found,not-given,not-given,not-found
apartment organization list,3,27,not-found,not-found,not-found,not-found,not-given,not-given,not-found
apartment organization living room,4,34,not-found,not-found,not-found,not-found,not-given,not-given,not-found
kids room organization apartment,4,32,not-found,not-found,not-found,not-found,not-given,not-given,not-found
apartment cabinet organization kitchen storage,5,46,not-found,not-found,not-found,not-found,not-given,not-given,not-found
small apartment organization kitchen counter space,6,50,not-found,not-found,not-found,not-found,not-given,not-given,not-found
kitchen organization ideas small apartment,5,42,not-found,not-found,not-found,not-found,not-given,not-given,not-found
studio apartment organization kitchen,4,37,not-found,not-found,not-found,not-found,not-given,not-given,not-found
kitchen organization pantry apartment,4,37,not-found,not-found,not-found,not-found,not-given,not-given,not-found
apartment organization kids,3,27,not-found,not-found,not-found,not-found,not-given,not-given,not-found
jewelry organization apartment,3,30,not-found,not-found,not-found,not-found,not-given,not-given,not-found
apartment organization ideas cheap,4,34,not-found,not-found,not-found,not-found,not-given,not-given,not-found
apartment organization ideas black,4,34,not-found,not-found,not-found,not-found,not-given,not-given,not-found
apartment organization ideas with kids,5,38,not-found,not-found,not-found,not-found,not-given,not-given,not-found
apartment organization ideas living room,5,40,not-found,not-found,not-found,not-found,not-given,not-given,not-found
small space ideas living room,5,29,not-found,not-found,not-found,not-found,not-given,not-given,not-found
apartment organization ideas closet,4,35,not-found,not-found,not-found,not-found,not-given,not-given,not-found
apartment organization ideas bathroom,4,37,not-found,not-found,not-found,not-found,not-given,not-given,not-found
apartment organization ideas aesthetic,4,38,not-found,not-found,not-found,not-found,not-given,not-given,not-found
small apartment hallway closet organization,5,43,not-found,not-found,not-found,not-found,not-given,not-given,not-found
apartment hallway closet organization,4,37,not-found,not-found,not-found,not-found,not-given,not-given,not-found
small hall closet organization apartment,5,40,not-found,not-found,not-found,not-found,not-given,not-given,not-found
apartment hall closet organization,4,34,not-found,not-found,not-found,not-found,not-given,not-given,not-found
home decor apartment living room small spaces organization ideas,9,64,not-found,not-found,not-found,not-found,not-given,not-given,not-found
tiny home organization hacks apartment,5,38,not-found,not-found,not-found,not-found,not-given,not-given,not-found
home organization ideas small apartment,5,39,not-found,not-found,not-found,not-found,not-given,not-given,not-found
cheap diy home decor apartment dollar tree organization ideas,9,61,not-found,not-found,not-found,not-found,not-given,not-given,not-found
small apartment organization closet how to organize on a budget,10,63,not-found,not-found,not-found,not-found,not-given,not-given,not-found
small space jacuzzi ideas,4,25,not-found,not-found,not-found,not-found,not-given,not-given,not-found
small garage organization apartment,4,35,not-found,not-found,not-found,not-found,not-given,not-given,not-found
girly apartment organization,3,28,not-found,not-found,not-found,not-found,not-given,not-given,not-found
boy girl apartment organization,4,31,not-found,not-found,not-found,not-found,not-given,not-given,not-found
garage organization ideas apartment,4,35,not-found,not-found,not-found,not-found,not-given,not-given,not-found
camping gear organization apartment,4,35,not-found,not-found,not-found,not-found,not-given,not-given,not-found
clean girl apartment organization,4,33,not-found,not-found,not-found,not-found,not-given,not-given,not-found
organization for a small apartment,5,34,not-found,not-found,not-found,not-found,not-given,not-given,not-found
bathroom organization for apartment,4,35,not-found,not-found,not-found,not-found,not-given,not-given,not-found
closet organization ideas for an apartment,6,42,not-found,not-found,not-found,not-found,not-given,not-given,not-found
laundry room organization for apartment,5,39,not-found,not-found,not-found,not-found,not-given,not-given,not-found
apartment file organization,3,27,not-found,not-found,not-found,not-found,not-given,not-given,not-found
organization ideas for an apartment,5,35,not-found,not-found,not-found,not-found,not-given,not-given,not-found
organization ideas for the small apartment,6,42,not-found,not-found,not-found,not-found,not-given,not-given,not-found
organization idea for small apartment,5,37,not-found,not-found,not-found,not-found,not-given,not-given,not-found
small space kids room ideas,5,27,not-found,not-found,not-found,not-found,not-given,not-given,not-found
apartment organization furniture,3,32,not-found,not-found,not-found,not-found,not-given,not-given,not-found
apartment organization fridge,3,29,not-found,not-found,not-found,not-found,not-given,not-given,not-found
easy apartment organization,3,27,not-found,not-found,not-found,not-found,not-given,not-given,not-found
apartment entry closet organization,4,35,not-found,not-found,not-found,not-found,not-given,not-given,not-found
coat closet organization front entry apartment,6,46,not-found,not-found,not-found,not-found,not-given,not-given,not-found
small space landscaping ideas,4,29,not-found,not-found,not-found,not-found,not-given,not-given,not-found
small apartment entryway organization ideas,5,43,not-found,not-found,not-found,not-found,not-given,not-given,not-found
efficiency apartment organization,3,33,not-found,not-found,not-found,not-found,not-given,not-given,not-found
european apartment organization,3,31,not-found,not-found,not-found,not-found,not-given,not-given,not-found
small space makeup vanity,4,25,not-found,not-found,not-found,not-found,not-given,not-given,not-found
small space mandir,3,18,not-found,not-found,not-found,not-found,not-given,not-given,not-found
apartment organization essentials,3,33,not-found,not-found,not-found,not-found,not-given,not-given,not-found
apartment organization ideas diy,4,32,not-found,not-found,not-found,not-found,not-given,not-given,not-found
apartment laundry closet organization washer and dryer,7,54,not-found,not-found,not-found,not-found,not-given,not-given,not-found
small space mudroom,3,19,not-found,not-found,not-found,not-found,not-given,not-given,not-found
living room designs small spaces apartment organization ideas cozy,9,66,not-found,not-found,not-found,not-found,not-given,not-given,not-found
small space mandir design,4,25,not-found,not-found,not-found,not-found,not-given,not-given,not-found
sliding door closet organization ideas apartment,6,48,not-found,not-found,not-found,not-found,not-given,not-given,not-found
small space makeup station,4,26,not-found,not-found,not-found,not-found,not-given,not-given,not-found
apartment organization decor,3,28,not-found,not-found,not-found,not-found,not-given,not-given,not-found
closet organization ideas apartment storage,5,43,not-found,not-found,not-found,not-found,not-given,not-given,not-found
apartment kitchen organization ideas countertops small spaces,7,61,not-found,not-found,not-found,not-found,not-given,not-given,not-found
small space nursery room inspiration,5,36,not-found,not-found,not-found,not-found,not-given,not-given,not-found
laundry closet apartment organization,4,37,not-found,not-found,not-found,not-found,not-given,not-given,not-found
apartment organization cheap,3,28,not-found,not-found,not-found,not-found,not-given,not-given,not-found
apartment organization couple,3,29,not-found,not-found,not-found,not-found,not-given,not-given,not-found
small space nail salon ideas,5,28,not-found,not-found,not-found,not-found,not-given,not-given,not-found
small apartment organization baby,4,33,not-found,not-found,not-found,not-found,not-given,not-given,not-found
small space nail studio,4,23,not-found,not-found,not-found,not-found,not-given,not-given,not-found
small space nook,3,16,not-found,not-found,not-found,not-found,not-given,not-given,not-found
3 bedroom apartment organization,4,32,not-found,not-found,not-found,not-found,not-given,not-given,not-found
apartment bathroom organization aesthetic,4,41,not-found,not-found,not-found,not-found,not-given,not-given,not-found
apartment organization baby,3,27,not-found,not-found,not-found,not-found,not-given,not-given,not-found
apartment organization bins,3,27,not-found,not-found,not-found,not-found,not-given,not-given,not-found
small closet organization apartment clothing storage,6,52,not-found,not-found,not-found,not-found,not-given,not-given,not-found
small space organizing ideas,4,28,not-found,not-found,not-found,not-found,not-given,not-given,not-found
apartment organization and decor,4,32,not-found,not-found,not-found,not-found,not-given,not-given,not-found
small space organization ideas bedroom,5,38,not-found,not-found,not-found,not-found,not-given,not-given,not-found
apartment organization tips and tricks,5,38,not-found,not-found,not-found,not-found,not-given,not-given,not-found
small space organizing,3,22,not-found,not-found,not-found,not-found,not-given,not-given,not-found
apartment organization inspiration,3,34,not-found,not-found,not-found,not-found,not-given,not-given,not-found
small space organizing tips,4,27,not-found,not-found,not-found,not-found,not-given,not-given,not-found
small space office design,4,25,not-found,not-found,not-found,not-found,not-given,not-given,not-found
space-saving loft bed ideas for 3 beds in one room,10,50,not-found,not-found,not-found,not-found,not-given,not-given,not-found
30 corner office designs and space saving furniture placement ideas,10,67,not-found,not-found,not-found,not-found,not-given,not-given,not-found
small space prayer corner ideas bedrooms,6,40,not-found,not-found,not-found,not-found,not-given,not-given,not-found
small space puja room ideas,5,27,not-found,not-found,not-found,not-found,not-given,not-given,not-found
small space playroom ideas,4,26,not-found,not-found,not-found,not-found,not-given,not-given,not-found
small space patio,3,17,not-found,not-found,not-found,not-found,not-given,not-given,not-found
75 space saving ideas to make your tiny living area seem much bigger,13,68,not-found,not-found,not-found,not-found,not-given,not-given,not-found
space-saving swing set ideas for small yards,7,44,not-found,not-found,not-found,not-found,not-given,not-given,not-found
yoga room space-saving ideas,4,28,not-found,not-found,not-found,not-found,not-given,not-given,not-found
space saving xmas tree ideas,5,28,not-found,not-found,not-found,not-found,not-given,not-given,not-found
space-saving single sink bathroom vanity ideas,6,46,not-found,not-found,not-found,not-found,not-given,not-given,not-found
very small kitchen ideas tiny houses space saving,8,49,not-found,not-found,not-found,not-found,not-given,not-given,not-found
space saving veggie garden ideas,5,32,not-found,not-found,not-found,not-found,not-given,not-given,not-found
small space queen bed ideas,5,27,not-found,not-found,not-found,not-found,not-given,not-given,not-found
small space quilting room,4,25,not-found,not-found,not-found,not-found,not-given,not-given,not-found
small space quotes tiny house,5,29,not-found,not-found,not-found,not-found,not-given,not-given,not-found
small space quilting,3,20,not-found,not-found,not-found,not-found,not-given,not-given,not-found
space saving ideas van,4,22,not-found,not-found,not-found,not-found,not-given,not-given,not-found
small unit ideas apartments space saving,6,40,not-found,not-found,not-found,not-found,not-given,not-given,not-found
space-saving unique toilet paper holder ideas,6,45,not-found,not-found,not-found,not-found,not-given,not-given,not-found
space-saving layout ideas for a small living room with an upright piano,12,71,not-found,not-found,not-found,not-found,not-given,not-given,not-found
small space bedroom with queen size bed,7,39,not-found,not-found,not-found,not-found,not-given,not-given,not-found
small upstairs bathroom space-saving ideas,5,42,not-found,not-found,not-found,not-found,not-given,not-given,not-found
small space room ideas,4,22,not-found,not-found,not-found,not-found,not-given,not-given,not-found
space saving tv unit ideas,5,26,not-found,not-found,not-found,not-found,not-given,not-given,not-found
space saving ideas under stairs,5,31,not-found,not-found,not-found,not-found,not-given,not-given,not-found
space-saving ideas using tension rods,5,37,not-found,not-found,not-found,not-found,not-given,not-given,not-found
space saving ideas small bathroom,5,33,not-found,not-found,not-found,not-found,not-given,not-given,not-found
space saving ideas storage,4,26,not-found,not-found,not-found,not-found,not-given,not-given,not-found
small space reading nook ideas for kids,7,39,not-found,not-found,not-found,not-found,not-given,not-given,not-found
small space record player setup ideas,6,37,not-found,not-found,not-found,not-found,not-given,not-given,not-found
space saving ideas studio,4,25,not-found,not-found,not-found,not-found,not-given,not-given,not-found
space saving ideas small kitchen,5,32,not-found,not-found,not-found,not-found,not-given,not-given,not-found
space saving ideas studio apartment,5,35,not-found,not-found,not-found,not-found,not-given,not-given,not-found
space saving ideas small bedroom,5,32,not-found,not-found,not-found,not-found,not-given,not-given,not-found
space saving ideas small apartment,5,34,not-found,not-found,not-found,not-found,not-given,not-given,not-found
space-saving wooden shoe rack ideas,5,35,not-found,not-found,not-found,not-found,not-given,not-given,not-found
space saving ideas room,4,23,not-found,not-found,not-found,not-found,not-given,not-given,not-found
space-saving queen murphy bed ideas,5,35,not-found,not-found,not-found,not-found,not-given,not-given,not-found
space-saving quilt display ideas,4,32,not-found,not-found,not-found,not-found,not-given,not-given,not-found
small bedroom ideas queen bed space saving,7,42,not-found,not-found,not-found,not-found,not-given,not-given,not-found
space saving queen bed ideas,5,28,not-found,not-found,not-found,not-found,not-given,not-given,not-found
small space storage solutions,4,29,not-found,not-found,not-found,not-found,not-given,not-given,not-found
space-saving pocket door ideas for walk-in closets,7,50,not-found,not-found,not-found,not-found,not-given,not-given,not-found
space-saving pallet bed ideas,4,29,not-found,not-found,not-found,not-found,not-given,not-given,not-found
space-saving above ground pool bar ideas,6,40,not-found,not-found,not-found,not-found,not-given,not-given,not-found
printer storage ideas space saving diy,6,38,not-found,not-found,not-found,not-found,not-given,not-given,not-found
pull out bed ideas space saving tiny house,8,42,not-found,not-found,not-found,not-found,not-given,not-given,not-found
space saving porch ideas,4,24,not-found,not-found,not-found,not-found,not-given,not-given,not-found
small boy nursery ideas space saving,6,36,not-found,not-found,not-found,not-found,not-given,not-given,not-found
small kitchen table ideas space saving breakfast nooks modern,9,61,not-found,not-found,not-found,not-found,not-given,not-given,not-found
small office ideas for men space saving,7,39,not-found,not-found,not-found,not-found,not-given,not-given,not-found
space-saving makeup storage ideas,4,33,not-found,not-found,not-found,not-found,not-given,not-given,not-found
space-saving furniture ideas for camper living,6,46,not-found,not-found,not-found,not-found,not-given,not-given,not-found
space-saving toy storage ideas for living rooms with floating shelves,10,69,not-found,not-found,not-found,not-found,not-given,not-given,not-found
small space under stairs,4,24,not-found,not-found,not-found,not-found,not-given,not-given,not-found
loft beds for small rooms space saving ideas,8,44,not-found,not-found,not-found,not-found,not-given,not-given,not-found
small space under stairs ideas closet,6,37,not-found,not-found,not-found,not-found,not-given,not-given,not-found
small living room storage ideas space saving,7,44,not-found,not-found,not-found,not-found,not-given,not-given,not-found
small space utility room ideas,5,30,not-found,not-found,not-found,not-found,not-given,not-given,not-found
space saving ideas living room,5,30,not-found,not-found,not-found,not-found,not-given,not-given,not-found
small space under the stairs,5,28,not-found,not-found,not-found,not-found,not-given,not-given,not-found
small space under the stairs ideas,6,34,not-found,not-found,not-found,not-found,not-given,not-given,not-found
small space under stairs ideas pantry,6,37,not-found,not-found,not-found,not-found,not-given,not-given,not-found
small space under open stairs ideas,6,35,not-found,not-found,not-found,not-found,not-given,not-given,not-found
space saving ideas kids,4,23,not-found,not-found,not-found,not-found,not-given,not-given,not-found
space saving ideas kids room,5,28,not-found,not-found,not-found,not-found,not-given,not-given,not-found
space saving ideas kids bedroom,5,31,not-found,not-found,not-found,not-found,not-given,not-given,not-found
space saving ideas for jeans,5,28,not-found,not-found,not-found,not-found,not-given,not-given,not-found
small space vanity and desk combo ideas,7,39,not-found,not-found,not-found,not-found,not-given,not-given,not-found
space-saving jack n jill bathroom ideas,6,39,not-found,not-found,not-found,not-found,not-given,not-given,not-found
space-saving jean storage ideas for small closets,7,49,not-found,not-found,not-found,not-found,not-given,not-given,not-found
small space vegetable garden layout,5,35,not-found,not-found,not-found,not-found,not-given,not-given,not-found
space saving ideas in home,5,26,not-found,not-found,not-found,not-found,not-given,not-given,not-found
space saving ideas ikea,4,23,not-found,not-found,not-found,not-found,not-given,not-given,not-found
space saving ideas in kids room,6,31,not-found,not-found,not-found,not-found,not-given,not-given,not-found
hall space saving ideas,4,23,not-found,not-found,not-found,not-found,not-given,not-given,not-found
pop up camper hacks storage ideas space saving,8,46,not-found,not-found,not-found,not-found,not-given,not-given,not-found
space-saving laundry basket holder ideas,5,40,not-found,not-found,not-found,not-found,not-given,not-given,not-found
space saving home bar ideas,5,27,not-found,not-found,not-found,not-found,not-given,not-given,not-found
small space wall ideas,4,22,not-found,not-found,not-found,not-found,not-given,not-given,not-found
small home office ideas space saving guest bedrooms,8,51,not-found,not-found,not-found,not-found,not-given,not-given,not-found
space-saving ideas for green bedrooms,5,37,not-found,not-found,not-found,not-found,not-given,not-given,not-found
small space washroom ideas,4,26,not-found,not-found,not-found,not-found,not-given,not-given,not-found
space-saving furniture ideas for gazebos,5,40,not-found,not-found,not-found,not-found,not-given,not-given,not-found
space saving vertical garden ideas,5,34,not-found,not-found,not-found,not-found,not-given,not-given,not-found
small space xmas decorating,4,27,not-found,not-found,not-found,not-found,not-given,not-given,not-found
small space xmas tree ideas,5,27,not-found,not-found,not-found,not-found,not-given,not-given,not-found
small space xmas tree,4,21,not-found,not-found,not-found,not-found,not-given,not-given,not-found
space-saving ideas for studio apartments,5,40,not-found,not-found,not-found,not-found,not-given,not-given,not-found
small space xmas,3,16,not-found,not-found,not-found,not-found,not-given,not-given,not-found
xmas decorations small space,4,28,not-found,not-found,not-found,not-found,not-given,not-given,not-found
xmas tree for small space,5,25,not-found,not-found,not-found,not-found,not-given,not-given,not-found
small space living tips for 16 x 40 shed house,10,46,not-found,not-found,not-found,not-found,not-given,not-given,not-found
space-saving egress window ideas,4,32,not-found,not-found,not-found,not-found,not-given,not-given,not-found
small space yarn storage solutions,5,34,not-found,not-found,not-found,not-found,not-given,not-given,not-found
space-saving entryway storage ideas,4,35,not-found,not-found,not-found,not-found,not-given,not-given,not-found
dark green laundry room space-saving ideas,6,42,not-found,not-found,not-found,not-found,not-given,not-given,not-found
small space yoga studio,4,23,not-found,not-found,not-found,not-found,not-given,not-given,not-found
small space yoga,3,16,not-found,not-found,not-found,not-found,not-given,not-given,not-found
small space youtube studio ideas,5,32,not-found,not-found,not-found,not-found,not-given,not-given,not-found
small space yard,3,16,not-found,not-found,not-found,not-found,not-given,not-given,not-found
small space yoga room,4,21,not-found,not-found,not-found,not-found,not-given,not-given,not-found
camper bedroom space-saving ideas,4,33,not-found,not-found,not-found,not-found,not-given,not-given,not-found
small space yoga corner,4,23,not-found,not-found,not-found,not-found,not-given,not-given,not-found
small couch ideas space saving,5,30,not-found,not-found,not-found,not-found,not-given,not-given,not-found
small space zen den ideas,5,25,not-found,not-found,not-found,not-found,not-given,not-given,not-found
small walking closet ideas space saving modern,7,46,not-found,not-found,not-found,not-found,not-given,not-given,not-found
small space zoning,3,18,not-found,not-found,not-found,not-found,not-given,not-given,not-found
space saving ideas closet,4,25,not-found,not-found,not-found,not-found,not-given,not-given,not-found
small bathroom organization ideas space saving,6,46,not-found,not-found,not-found,not-found,not-given,not-given,not-found
small room organization bedroom space saving storage ideas bedrooms,9,67,not-found,not-found,not-found,not-found,not-given,not-given,not-found
bedroom ideas for small rooms for teens space saving,9,52,not-found,not-found,not-found,not-found,not-given,not-given,not-found
yoga space at home small zen,6,28,not-found,not-found,not-found,not-found,not-given,not-given,not-found
space saving ideas bedroom,4,26,not-found,not-found,not-found,not-found,not-given,not-given,not-found
space-saving storage ideas for small apartments,6,47,not-found,not-found,not-found,not-found,not-given,not-given,not-found
drop zone ideas entryway small space kids,7,41,not-found,not-found,not-found,not-found,not-given,not-given,not-found
creating a zen-inspired workout space in a small home gym,10,57,not-found,not-found,not-found,not-found,not-given,not-given,not-found
small space 1 bedroom,4,21,not-found,not-found,not-found,not-found,not-given,not-given,not-found
small space 1bhk,3,16,not-found,not-found,not-found,not-found,not-given,not-given,not-found
loft small space 11 feet ceilings,6,33,not-found,not-found,not-found,not-found,not-given,not-given,not-found
small space ideas 1940's,4,24,not-found,not-found,not-found,not-found,not-given,not-given,not-found
space-saving ideas for small 2 bedroom 1 bath houses,9,52,not-found,not-found,not-found,not-found,not-given,not-given,not-found
small office space 10x10,4,24,not-found,not-found,not-found,not-found,not-given,not-given,not-found
15 ways to make your small balcony space feel like a backyard oasis,13,67,not-found,not-found,not-found,not-found,not-given,not-given,not-found
small space bedroom 1950 s,5,26,not-found,not-found,not-found,not-found,not-given,not-given,not-found
1 seater couch for small space,6,30,not-found,not-found,not-found,not-found,not-given,not-given,not-found
10 decor hacks that make a small space feel bigger,10,50,not-found,not-found,not-found,not-found,not-given,not-given,not-found
8 person dining table small space,6,33,not-found,not-found,not-found,not-found,not-given,not-given,not-found
small office space for 10 people,6,32,not-found,not-found,not-found,not-found,not-given,not-given,not-found
small space 2 kids bedroom,5,26,not-found,not-found,not-found,not-found,not-given,not-given,not-found
small space 2 bedroom ideas,5,27,not-found,not-found,not-found,not-found,not-given,not-given,not-found
small space 2 beds,4,18,not-found,not-found,not-found,not-found,not-given,not-given,not-found
small space 2 storey house,5,26,not-found,not-found,not-found,not-found,not-given,not-given,not-found
small space table for 6,5,23,not-found,not-found,not-found,not-found,not-given,not-given,not-found
small space 2 storey house design,6,33,not-found,not-found,not-found,not-found,not-given,not-given,not-found
small space 2 floor house,5,25,not-found,not-found,not-found,not-found,not-given,not-given,not-found
small space 2 desks,4,19,not-found,not-found,not-found,not-found,not-given,not-given,not-found
small space 2nd floor,4,21,not-found,not-found,not-found,not-found,not-given,not-given,not-found
6 seater dining table for small space round,8,43,not-found,not-found,not-found,not-found,not-given,not-given,not-found
small space 2 kids room,5,23,not-found,not-found,not-found,not-found,not-given,not-given,not-found
small space 2026,3,16,not-found,not-found,not-found,not-found,not-given,not-given,not-found
small space 3 bedroom house,5,27,not-found,not-found,not-found,not-found,not-given,not-given,not-found
small space 3 kids bedroom,5,26,not-found,not-found,not-found,not-found,not-given,not-given,not-found
small space 3 beds,4,18,not-found,not-found,not-found,not-found,not-given,not-given,not-found
small space 3 bedroom,4,21,not-found,not-found,not-found,not-found,not-given,not-given,not-found
3 seater couch for small space,6,30,not-found,not-found,not-found,not-found,not-given,not-given,not-found
3 kids in one room small bedrooms space saving,9,46,not-found,not-found,not-found,not-found,not-given,not-given,not-found
small office space for 5 people,6,31,not-found,not-found,not-found,not-found,not-given,not-given,not-found
small office space for 3,5,24,not-found,not-found,not-found,not-found,not-given,not-given,not-found
small house plan 3 bedrooms on 28*30 ft space,9,45,not-found,not-found,not-found,not-found,not-given,not-given,not-found
3 seater dining table for small space,7,37,not-found,not-found,not-found,not-found,not-given,not-given,not-found
small room for 3 kids space saving,7,34,not-found,not-found,not-found,not-found,not-given,not-given,not-found
3 seater sofa for small space,6,29,not-found,not-found,not-found,not-found,not-given,not-given,not-found
small space 4 seater dining table,6,33,not-found,not-found,not-found,not-found,not-given,not-given,not-found
small space 4 kids,4,18,not-found,not-found,not-found,not-found,not-given,not-given,not-found
realistic apartment organization,3,32,not-found,not-found,not-found,not-found,not-given,not-given,not-found
sims 4 small space,4,18,not-found,not-found,not-found,not-found,not-given,not-given,not-found
small office space 4 people,5,27,not-found,not-found,not-found,not-found,not-given,not-given,not-found
4 seater dining table for small space black,8,43,not-found,not-found,not-found,not-found,not-given,not-given,not-found
45 space saving hacks to make a small bedroom feel bigger,11,57,not-found,not-found,not-found,not-found,not-given,not-given,not-found
4 seater wooden dining table for small space,8,44,not-found,not-found,not-found,not-found,not-given,not-given,not-found
sims 4 small space cc,5,21,not-found,not-found,not-found,not-found,not-given,not-given,not-found
apartment organization men,3,26,not-found,not-found,not-found,not-found,not-given,not-given,not-found
apartment laundry room closet organization,5,42,not-found,not-found,not-found,not-found,not-given,not-given,not-found
table for 4 small space,5,23,not-found,not-found,not-found,not-found,not-given,not-given,not-found
apartment organization ideas kitchen,4,36,not-found,not-found,not-found,not-found,not-given,not-given,not-found
51 small kitchen design ideas that make the most of a tiny space,13,64,not-found,not-found,not-found,not-found,not-given,not-given,not-found
55+ easy small garden ideas to transform your space,9,51,not-found,not-found,not-found,not-found,not-given,not-given,not-found
5 seater dining table for small space,7,37,not-found,not-found,not-found,not-found,not-given,not-given,not-found
5 seater sofa for small space,6,29,not-found,not-found,not-found,not-found,not-given,not-given,not-found
small space dining table for 5,6,30,not-found,not-found,not-found,not-found,not-given,not-given,not-found
apartment gym organization,3,26,not-found,not-found,not-found,not-found,not-given,not-given,not-found
small space family of 5,5,23,not-found,not-found,not-found,not-found,not-given,not-given,not-found
50 people table set up small space,7,34,not-found,not-found,not-found,not-found,not-given,not-given,not-found
apartment organization food,3,27,not-found,not-found,not-found,not-found,not-given,not-given,not-found
small apartment entry organization,4,34,not-found,not-found,not-found,not-found,not-given,not-given,not-found
apartment entryway organization ideas,4,37,not-found,not-found,not-found,not-found,not-given,not-given,not-found
6 seater dining table design modern for small space,9,51,not-found,not-found,not-found,not-found,not-given,not-given,not-found
apartment entry organization,3,28,not-found,not-found,not-found,not-found,not-given,not-given,not-found
6 seater dining table for small space farmhouse,8,47,not-found,not-found,not-found,not-found,not-given,not-given,not-found
dining table design for small space 6 seater,8,44,not-found,not-found,not-found,not-found,not-given,not-given,not-found
small space kitchen table for 6,6,31,not-found,not-found,not-found,not-found,not-given,not-given,not-found
6 chair dining table for small space,7,36,not-found,not-found,not-found,not-found,not-given,not-given,not-found
small apartment decorating organization,4,39,not-found,not-found,not-found,not-found,not-given,not-given,not-found
6 seater dining in small space,6,30,not-found,not-found,not-found,not-found,not-given,not-given,not-found
6 seater dining table ideas for small space,8,43,not-found,not-found,not-found,not-found,not-given,not-given,not-found
girls room ideas 7-10 small space,6,33,not-found,not-found,not-found,not-found,not-given,not-given,not-found
8 seater dining table for small space,7,37,not-found,not-found,not-found,not-found,not-given,not-given,not-found
apartment closet organization ideas diy,5,39,not-found,not-found,not-found,not-found,not-given,not-given,not-found
small office space for 8 people,6,31,not-found,not-found,not-found,not-found,not-given,not-given,not-found
dollar tree apartment organization,4,34,not-found,not-found,not-found,not-found,not-given,not-given,not-found
small space dining table for 8,6,30,not-found,not-found,not-found,not-found,not-given,not-given,not-found
reach in closet organization apartment,5,38,not-found,not-found,not-found,not-found,not-given,not-given,not-found
apartment organization checklist,3,32,not-found,not-found,not-found,not-found,not-given,not-given,not-found
space saving ideas for bedroom,5,30,not-found,not-found,not-found,not-found,not-given,not-given,not-found
space-saving ideas for small apartments,5,39,not-found,not-found,not-found,not-found,not-given,not-given,not-found
small bathroom apartment organization,4,37,not-found,not-found,not-found,not-found,not-given,not-given,not-found
studio apartment bathroom organization,4,38,not-found,not-found,not-found,not-found,not-given,not-given,not-found
apartment organization amazon,3,29,not-found,not-found,not-found,not-found,not-given,not-given,not-found
apartment organization and storage,4,34,not-found,not-found,not-found,not-found,not-given,not-given,not-found
apartment organization closet,3,29,not-found,not-found,not-found,not-found,not-given,not-given,not-found
space saving ideas for apartment,5,32,not-found,not-found,not-found,not-found,not-given,not-given,not-found
small home decor ideas apartment living space saving,8,52,not-found,not-found,not-found,not-found,not-given,not-given,not-found
space-saving ideas for playrooms,4,32,not-found,not-found,not-found,not-found,not-given,not-given,not-found
space-saving 3 sided fireplace ideas for small rooms,8,52,not-found,not-found,not-found,not-found,not-given,not-given,not-found
small apartment organization diy space saving bathroom ideas,8,60,not-found,not-found,not-found,not-found,not-given,not-given,not-found
space saving ideas girls bedroom,5,32,not-found,not-found,not-found,not-found,not-given,not-given,not-found
compact bedroom ideas space saving small apartments,7,51,not-found,not-found,not-found,not-found,not-given,not-given,not-found
space-saving shower curtain canvas diy wall art ideas,8,53,not-found,not-found,not-found,not-found,not-given,not-given,not-found
space saving ideas for tiny apartment,6,37,not-found,not-found,not-found,not-found,not-given,not-given,not-found
30 space saving ideas for tiny houses,7,37,not-found,not-found,not-found,not-found,not-given,not-given,not-found
diy arched doorway space-saving ideas,5,37,not-found,not-found,not-found,not-found,not-given,not-given,not-found
space-saving ideas for 2 bedroom tiny houses,7,44,not-found,not-found,not-found,not-found,not-given,not-given,not-found
space-saving furniture ideas for small apartments on a budget,9,61,not-found,not-found,not-found,not-found,not-given,not-given,not-found
small bedroom ideas for 2 kids space saving,8,43,not-found,not-found,not-found,not-found,not-given,not-given,not-found
2 beds in one room ideas space saving,8,37,not-found,not-found,not-found,not-found,not-given,not-given,not-found
small yard space-saving ideas,4,29,not-found,not-found,not-found,not-found,not-given,not-given,not-found
space saving ideas bathroom,4,27,not-found,not-found,not-found,not-found,not-given,not-given,not-found
space saving camper van ideas,5,29,not-found,not-found,not-found,not-found,not-given,not-given,not-found
space-saving desk and vanity combo ideas,6,40,not-found,not-found,not-found,not-found,not-given,not-given,not-found
space-saving vinyl record storage ideas,5,39,not-found,not-found,not-found,not-found,not-given,not-given,not-found
small vanity ideas bathroom space saving,6,40,not-found,not-found,not-found,not-found,not-given,not-given,not-found
space-saving ideas with bi fold doors,6,37,not-found,not-found,not-found,not-found,not-given,not-given,not-found
unique space saving furniture ideas,5,35,not-found,not-found,not-found,not-found,not-given,not-given,not-found
space-saving ideas for basement laundry rooms,6,45,not-found,not-found,not-found,not-found,not-given,not-given,not-found
space-saving utensil storage ideas,4,34,not-found,not-found,not-found,not-found,not-given,not-given,not-found
space saving ideas shoes,4,24,not-found,not-found,not-found,not-found,not-given,not-given,not-found
space saving ideas clothes,4,26,not-found,not-found,not-found,not-found,not-given,not-given,not-found
space saving ideas small home,5,29,not-found,not-found,not-found,not-found,not-given,not-given,not-found
small camper space saving ideas,5,31,not-found,not-found,not-found,not-found,not-given,not-given,not-found
space-saving queen bunk bed ideas,5,33,not-found,not-found,not-found,not-found,not-given,not-given,not-found
built-in buffet cabinet space-saving ideas,5,42,not-found,not-found,not-found,not-found,not-given,not-given,not-found
loft bed ideas space saving,5,27,not-found,not-found,not-found,not-found,not-given,not-given,not-found
space-saving closet organization ideas,4,38,not-found,not-found,not-found,not-found,not-given,not-given,not-found
space saving ideas diy,4,22,not-found,not-found,not-found,not-found,not-given,not-given,not-found
space saving ideas dorm,4,23,not-found,not-found,not-found,not-found,not-given,not-given,not-found
space-saving ideas for small entryways,5,38,not-found,not-found,not-found,not-found,not-given,not-given,not-found
decorate small bedroom ideas space saving,6,41,not-found,not-found,not-found,not-found,not-given,not-given,not-found
space saving ideas home,4,23,not-found,not-found,not-found,not-found,not-given,not-given,not-found
space saving ideas laundry,4,26,not-found,not-found,not-found,not-found,not-given,not-given,not-found
kitchen storage ideas space saving,5,34,not-found,not-found,not-found,not-found,not-given,not-given,not-found
space-saving bed ideas for kids,5,31,not-found,not-found,not-found,not-found,not-given,not-given,not-found
space-saving open shelving ideas for small kitchens,7,51,not-found,not-found,not-found,not-found,not-given,not-given,not-found
small kids room organization space saving storage ideas,8,55,not-found,not-found,not-found,not-found,not-given,not-given,not-found
space-saving ideas for a japanese apartment,6,43,not-found,not-found,not-found,not-found,not-given,not-given,not-found
space-saving enclosed trailer shelving ideas,5,44,not-found,not-found,not-found,not-found,not-given,not-given,not-found
space saving ideas for jackets,5,30,not-found,not-found,not-found,not-found,not-given,not-given,not-found
space saving ideas girls room,5,29,not-found,not-found,not-found,not-found,not-given,not-given,not-found
black home gym space-saving ideas,5,33,not-found,not-found,not-found,not-found,not-given,not-given,not-found
space-saving floating entertainment center ideas for small rooms,8,64,not-found,not-found,not-found,not-found,not-given,not-given,not-found
small garage space-saving ideas,4,31,not-found,not-found,not-found,not-found,not-given,not-given,not-found
small esthetician room space-saving ideas,5,41,not-found,not-found,not-found,not-found,not-given,not-given,not-found
efficiency apartment ideas space saving,5,39,not-found,not-found,not-found,not-found,not-given,not-given,not-found
entryway bench long,3,19,not-found,not-found,not-found,not-found,not-given,not-given,not-found
ikea kallax entryway bench,4,26,not-found,not-found,not-found,not-found,not-given,not-given,not-found
entryway hooks and bench kids,5,29,not-found,not-found,not-found,not-found,not-given,not-given,not-found
diy entryway bench kids,4,23,not-found,not-found,not-found,not-found,not-given,not-given,not-found
dining for 8 in small space,6,27,not-found,not-found,not-found,not-found,not-given,not-given,not-found
entryway bench and coat rack for kids,7,37,not-found,not-found,not-found,not-found,not-given,not-given,not-found
kallax entryway bench ideas,4,27,not-found,not-found,not-found,not-found,not-given,not-given,not-found
entryway bench and key holder,5,29,not-found,not-found,not-found,not-found,not-given,not-given,not-found
kitchen entryway bench,3,22,not-found,not-found,not-found,not-found,not-given,not-given,not-found
space saving ideas apartment,4,28,not-found,not-found,not-found,not-found,not-given,not-given,not-found
kid entryway bench,3,18,not-found,not-found,not-found,not-found,not-given,not-given,not-found
entryway bench kids,3,19,not-found,not-found,not-found,not-found,not-given,not-given,not-found
japandi entryway with bench,4,27,not-found,not-found,not-found,not-found,not-given,not-given,not-found
japandi entryway shoe bench,4,27,not-found,not-found,not-found,not-found,not-given,not-given,not-found
kylie jenner entryway bench,4,27,not-found,not-found,not-found,not-found,not-given,not-given,not-found
black white and grey bedroom space-saving ideas,7,47,not-found,not-found,not-found,not-found,not-given,not-given,not-found
entryway bench japandi,3,22,not-found,not-found,not-found,not-found,not-given,not-given,not-found
entryway bench ideas for narrow hallways,6,40,not-found,not-found,not-found,not-found,not-given,not-given,not-found
entryway bench interior design,4,30,not-found,not-found,not-found,not-found,not-given,not-given,not-found
entryway bench ideas with mirror,5,32,not-found,not-found,not-found,not-found,not-given,not-given,not-found
entryway bench ikea hack,4,24,not-found,not-found,not-found,not-found,not-given,not-given,not-found
entryway bench in front of stairs,6,33,not-found,not-found,not-found,not-found,not-given,not-given,not-found
entryway bench ideas modern,4,27,not-found,not-found,not-found,not-found,not-given,not-given,not-found
entryway bench ideas diy,4,24,not-found,not-found,not-found,not-found,not-given,not-given,not-found
entryway bench ideas for small spaces,6,37,not-found,not-found,not-found,not-found,not-given,not-given,not-found
space saving ideas camper,4,25,not-found,not-found,not-found,not-found,not-given,not-given,not-found
entryway bench ideas with storage,5,33,not-found,not-found,not-found,not-found,not-given,not-given,not-found
entryway bench ideas entrance,4,29,not-found,not-found,not-found,not-found,not-given,not-given,not-found
entryway bench hooks mirror,4,27,not-found,not-found,not-found,not-found,not-given,not-given,not-found
entryway bench height,3,21,not-found,not-found,not-found,not-found,not-given,not-given,not-found
entryway bench hooks storage,4,28,not-found,not-found,not-found,not-found,not-given,not-given,not-found
entryway bench hall tree,4,24,not-found,not-found,not-found,not-found,not-given,not-given,not-found
entryway bench hooks and mirror,5,31,not-found,not-found,not-found,not-found,not-given,not-given,not-found
entryway bench hack,3,19,not-found,not-found,not-found,not-found,not-given,not-given,not-found
entryway bench hallway,3,22,not-found,not-found,not-found,not-found,not-given,not-given,not-found
entryway bench hidden storage,4,29,not-found,not-found,not-found,not-found,not-given,not-given,not-found
entryway bench half wall,4,24,not-found,not-found,not-found,not-found,not-given,not-given,not-found
space saving round dining table ideas,6,37,not-found,not-found,not-found,not-found,not-given,not-given,not-found
entryway bench holiday decor,4,28,not-found,not-found,not-found,not-found,not-given,not-given,not-found
space-saving elevator ideas,3,27,not-found,not-found,not-found,not-found,not-given,not-given,not-found
dark green entryway bench,4,25,not-found,not-found,not-found,not-found,not-given,not-given,not-found
garage entryway with bench,4,26,not-found,not-found,not-found,not-found,not-given,not-given,not-found
entryway with green bench,4,25,not-found,not-found,not-found,not-found,not-given,not-given,not-found
small patio extension space-saving ideas,5,40,not-found,not-found,not-found,not-found,not-given,not-given,not-found
olive green entryway bench,4,26,not-found,not-found,not-found,not-found,not-given,not-given,not-found
gray bench entryway,3,19,not-found,not-found,not-found,not-found,not-given,not-given,not-found
entryway gallery wall ideas with bench,6,38,not-found,not-found,not-found,not-found,not-given,not-given,not-found
entryway bench garage,3,21,not-found,not-found,not-found,not-found,not-given,not-given,not-found
entryway bench green velvet,4,27,not-found,not-found,not-found,not-found,not-given,not-given,not-found
entryway bench gold mirror,4,26,not-found,not-found,not-found,not-found,not-given,not-given,not-found
entryway bench gallery wall,4,27,not-found,not-found,not-found,not-found,not-given,not-given,not-found
space saving ideas garage,4,25,not-found,not-found,not-found,not-found,not-given,not-given,not-found
entryway bench furniture,3,24,not-found,not-found,not-found,not-found,not-given,not-given,not-found
entryway bench foyer,3,20,not-found,not-found,not-found,not-found,not-given,not-given,not-found
entryway bench floating,3,23,not-found,not-found,not-found,not-found,not-given,not-given,not-found
entryway bench for small drop zone,6,34,not-found,not-found,not-found,not-found,not-given,not-given,not-found
entryway bench for kids,4,23,not-found,not-found,not-found,not-found,not-given,not-given,not-found
entryway bench fall decor ideas,5,31,not-found,not-found,not-found,not-found,not-given,not-given,not-found
entryway bench fall decor,4,25,not-found,not-found,not-found,not-found,not-given,not-given,not-found
organization ideas for the home bedroom space saving,8,52,not-found,not-found,not-found,not-found,not-given,not-given,not-found
entryway bench floor lamp,4,25,not-found,not-found,not-found,not-found,not-given,not-given,not-found
entryway bench for shoes,4,24,not-found,not-found,not-found,not-found,not-given,not-given,not-found
entryway bench for small spaces ideas,6,37,not-found,not-found,not-found,not-found,not-given,not-given,not-found
entryway bench farmhouse,3,24,not-found,not-found,not-found,not-found,not-given,not-given,not-found
tiny house space saving ideas storage,6,37,not-found,not-found,not-found,not-found,not-given,not-given,not-found
space-saving double shower head ideas,5,37,not-found,not-found,not-found,not-found,not-given,not-given,not-found
space saving ideas in kitchen,5,29,not-found,not-found,not-found,not-found,not-given,not-given,not-found
space saving ideas in living room,6,33,not-found,not-found,not-found,not-found,not-given,not-given,not-found
space saving ideas in small kitchen,6,35,not-found,not-found,not-found,not-found,not-given,not-given,not-found
space saving ideas interior,4,27,not-found,not-found,not-found,not-found,not-given,not-given,not-found
entryway bench exterior,3,23,not-found,not-found,not-found,not-found,not-given,not-given,not-found
entryway bench elegant,3,22,not-found,not-found,not-found,not-found,not-given,not-given,not-found
entryway bench eclectic,3,23,not-found,not-found,not-found,not-found,not-given,not-given,not-found
entryway bench decor ideas entrance,5,35,not-found,not-found,not-found,not-found,not-given,not-given,not-found
space-saving floor jack storage ideas,5,37,not-found,not-found,not-found,not-found,not-given,not-given,not-found
space-saving ideas for hanging jeans in closet,7,46,not-found,not-found,not-found,not-found,not-given,not-given,not-found
entryway bench decor christmas,4,30,not-found,not-found,not-found,not-found,not-given,not-given,not-found
entryway bench decor inspiration,4,32,not-found,not-found,not-found,not-found,not-given,not-given,not-found
space-saving ideas for jack and jill bathrooms,7,46,not-found,not-found,not-found,not-found,not-given,not-given,not-found
entryway bench design ideas,4,27,not-found,not-found,not-found,not-found,not-given,not-given,not-found
space-saving ideas for hanging jeans in a small closet,9,54,not-found,not-found,not-found,not-found,not-given,not-given,not-found
entryway bench decor for small spaces,6,37,not-found,not-found,not-found,not-found,not-given,not-given,not-found
space-saving japandi dining table ideas,5,39,not-found,not-found,not-found,not-found,not-given,not-given,not-found
entryway bench color,3,20,not-found,not-found,not-found,not-found,not-given,not-given,not-found
entryway bench colorful,3,23,not-found,not-found,not-found,not-found,not-given,not-given,not-found
entryway bench christmas decor ideas,5,36,not-found,not-found,not-found,not-found,not-given,not-given,not-found
entryway bench corner,3,21,not-found,not-found,not-found,not-found,not-given,not-given,not-found
entryway bench color ideas,4,26,not-found,not-found,not-found,not-found,not-given,not-given,not-found
ideas small kitchen space saving,5,32,not-found,not-found,not-found,not-found,not-given,not-given,not-found
kitchen space saving ideas shelves,5,34,not-found,not-found,not-found,not-found,not-given,not-given,not-found
entryway bench cushion ideas,4,28,not-found,not-found,not-found,not-found,not-given,not-given,not-found
entryway bench closet,3,21,not-found,not-found,not-found,not-found,not-given,not-given,not-found
kitchen space saving ideas videos,5,33,not-found,not-found,not-found,not-found,not-given,not-given,not-found
entryway bench christmas decor,4,30,not-found,not-found,not-found,not-found,not-given,not-given,not-found
entryway bench cushion,3,22,not-found,not-found,not-found,not-found,not-given,not-given,not-found
entryway bench by window,4,24,not-found,not-found,not-found,not-found,not-given,not-given,not-found
entryway bench behind couch ideas,5,33,not-found,not-found,not-found,not-found,not-given,not-given,not-found
entryway bench boho,3,19,not-found,not-found,not-found,not-found,not-given,not-given,not-found
entryway bench building plans,4,29,not-found,not-found,not-found,not-found,not-given,not-given,not-found
entryway bench behind door,4,26,not-found,not-found,not-found,not-found,not-given,not-given,not-found
entryway bench behind sofa,4,26,not-found,not-found,not-found,not-found,not-given,not-given,not-found
multi use room ideas space saving,6,33,not-found,not-found,not-found,not-found,not-given,not-given,not-found
modern small bathroom ideas space saving,6,40,not-found,not-found,not-found,not-found,not-given,not-given,not-found
space-saving murphy bed with desk ideas,6,39,not-found,not-found,not-found,not-found,not-given,not-given,not-found
murphy ideas space saving,4,25,not-found,not-found,not-found,not-found,not-given,not-given,not-found
entryway bench built in,4,23,not-found,not-found,not-found,not-found,not-given,not-given,not-found
entryway bench benches,3,22,not-found,not-found,not-found,not-found,not-given,not-given,not-found
micro apartment ideas space saving,5,34,not-found,not-found,not-found,not-found,not-given,not-given,not-found
mezzanine bedroom ideas space saving,5,36,not-found,not-found,not-found,not-found,not-given,not-given,not-found
entryway bench and floating shelf,5,33,not-found,not-found,not-found,not-found,not-given,not-given,not-found
space-saving laundry room mud room ideas,6,40,not-found,not-found,not-found,not-found,not-given,not-given,not-found
space-saving ideas for mini coffee bars,6,39,not-found,not-found,not-found,not-found,not-given,not-given,not-found
space saving ideas nursery,4,26,not-found,not-found,not-found,not-found,not-given,not-given,not-found
small baby room ideas space saving nurseries,7,44,not-found,not-found,not-found,not-found,not-given,not-given,not-found
space-saving ideas for corner breakfast nooks,6,45,not-found,not-found,not-found,not-found,not-given,not-given,not-found
small nursery ideas space saving tiny homes,7,43,not-found,not-found,not-found,not-found,not-given,not-given,not-found
space-saving ideas for narrow walk-in closets,6,45,not-found,not-found,not-found,not-found,not-given,not-given,not-found
entryway bench shoe storage,4,27,not-found,not-found,not-found,not-found,not-given,not-given,not-found
space-saving ideas for narrow hallways,5,38,not-found,not-found,not-found,not-found,not-given,not-given,not-found
space-saving ideas for nursery closets,5,38,not-found,not-found,not-found,not-found,not-given,not-given,not-found
space saving nursery furniture ideas,5,36,not-found,not-found,not-found,not-found,not-given,not-given,not-found
space saving ideas for nursery,5,30,not-found,not-found,not-found,not-found,not-given,not-given,not-found
space saving ideas office,4,25,not-found,not-found,not-found,not-found,not-given,not-given,not-found
space-saving bed on floor ideas,5,31,not-found,not-found,not-found,not-found,not-given,not-given,not-found
space saving organization ideas bedroom,5,39,not-found,not-found,not-found,not-found,not-given,not-given,not-found
space-saving platform bed ideas,4,31,not-found,not-found,not-found,not-found,not-given,not-given,not-found
space-saving ideas for 2 bed 2 bath floor plan,9,46,not-found,not-found,not-found,not-found,not-given,not-given,not-found
space-saving pantry cabinet ideas,4,33,not-found,not-found,not-found,not-found,not-given,not-given,not-found
space-saving photo display ideas,4,32,not-found,not-found,not-found,not-found,not-given,not-given,not-found
shoe storage small space entryway drop zone,7,43,not-found,not-found,not-found,not-found,not-given,not-given,not-found
drop zone ideas entryway shoe storage,6,37,not-found,not-found,not-found,not-found,not-given,not-given,not-found
entryway shoe storage with sliding doors,6,40,not-found,not-found,not-found,not-found,not-given,not-given,not-found
entryway shoe storage wall,4,26,not-found,not-found,not-found,not-found,not-given,not-given,not-found
entryway shoe storage with baskets ideas,6,40,not-found,not-found,not-found,not-found,not-given,not-given,not-found
entryway shoe storage with seating ideas,6,40,not-found,not-found,not-found,not-found,not-given,not-given,not-found
entryway shoe storage white,4,27,not-found,not-found,not-found,not-found,not-given,not-given,not-found
space-saving storage ideas for quilt racks,6,42,not-found,not-found,not-found,not-found,not-given,not-given,not-found
entryway shoe storage with mirror ideas,6,39,not-found,not-found,not-found,not-found,not-given,not-given,not-found
entryway shoe storage winter,4,28,not-found,not-found,not-found,not-found,not-given,not-given,not-found
entryway shoe storage with drawers,5,34,not-found,not-found,not-found,not-found,not-given,not-given,not-found
entryway shoe storage with seating,5,34,not-found,not-found,not-found,not-found,not-given,not-given,not-found
space-saving storage ideas for living quarters horse trailers,8,61,not-found,not-found,not-found,not-found,not-given,not-given,not-found
space-saving quilt storage ideas,4,32,not-found,not-found,not-found,not-found,not-given,not-given,not-found
victorian entryway shoe storage,4,31,not-found,not-found,not-found,not-found,not-given,not-given,not-found
shoe storage cabinet entryway vintage,5,37,not-found,not-found,not-found,not-found,not-given,not-given,not-found
entryway shoe storage vertical,4,30,not-found,not-found,not-found,not-found,not-given,not-given,not-found
entryway shoe storage vintage,4,29,not-found,not-found,not-found,not-found,not-given,not-given,not-found
under stairs shoe storage entryway,5,34,not-found,not-found,not-found,not-found,not-given,not-given,not-found
upholstered entryway bench with hidden shoe storage,7,51,not-found,not-found,not-found,not-found,not-given,not-given,not-found
entryway bench with shoe storage and umbrella stand,8,51,not-found,not-found,not-found,not-found,not-given,not-given,not-found
unique shoe storage ideas entryway,5,34,not-found,not-found,not-found,not-found,not-given,not-given,not-found
shoe storage unit entryway,4,26,not-found,not-found,not-found,not-found,not-given,not-given,not-found
unique shoe storage entryway,4,28,not-found,not-found,not-found,not-found,not-given,not-given,not-found
shoe and coat storage entryway under stairs,7,43,not-found,not-found,not-found,not-found,not-given,not-given,not-found
entryway shoe storage under table,5,33,not-found,not-found,not-found,not-found,not-given,not-given,not-found
entryway shoe storage under bench,5,33,not-found,not-found,not-found,not-found,not-given,not-given,not-found
entryway shoe storage under window,5,34,not-found,not-found,not-found,not-found,not-given,not-given,not-found
under kitchen cabinet ideas space saving,6,40,not-found,not-found,not-found,not-found,not-given,not-given,not-found
small entryway table shoe storage,5,33,not-found,not-found,not-found,not-found,not-given,not-given,not-found
entryway console table and shoe storage,6,39,not-found,not-found,not-found,not-found,not-given,not-given,not-found
dresser to shoe storage entryway,5,32,not-found,not-found,not-found,not-found,not-given,not-given,not-found
shoe storage under entryway table,5,33,not-found,not-found,not-found,not-found,not-given,not-given,not-found
black entryway table with shoe storage,6,38,not-found,not-found,not-found,not-found,not-given,not-given,not-found
tall shoe storage ideas entryway,5,32,not-found,not-found,not-found,not-found,not-given,not-given,not-found
entryway shoe storage traditional,4,33,not-found,not-found,not-found,not-found,not-given,not-given,not-found
entryway shoe storage tall,4,26,not-found,not-found,not-found,not-found,not-given,not-given,not-found
entryway shoe storage seat,4,26,not-found,not-found,not-found,not-found,not-given,not-given,not-found
entryway shoe storage short,4,27,not-found,not-found,not-found,not-found,not-given,not-given,not-found
entryway shoe storage shelf,4,27,not-found,not-found,not-found,not-found,not-given,not-given,not-found
entryway shoe storage small apartment,5,37,not-found,not-found,not-found,not-found,not-given,not-given,not-found
entryway shoe storage styling,4,29,not-found,not-found,not-found,not-found,not-given,not-given,not-found
entryway shoe storage shelf ideas,5,33,not-found,not-found,not-found,not-found,not-given,not-given,not-found
entryway shoe storage staircase,4,31,not-found,not-found,not-found,not-found,not-given,not-given,not-found
entryway shoe storage slim,4,26,not-found,not-found,not-found,not-found,not-given,not-given,not-found
entryway shoe storage small space,5,33,not-found,not-found,not-found,not-found,not-given,not-given,not-found
entryway slim shoe storage rack,5,31,not-found,not-found,not-found,not-found,not-given,not-given,not-found
entryway ideas with shoe storage and coat rack,8,46,not-found,not-found,not-found,not-found,not-given,not-given,not-found
space-saving yarn storage ideas for small bedrooms,7,50,not-found,not-found,not-found,not-found,not-given,not-given,not-found
space-saving garage drop zone ideas,5,35,not-found,not-found,not-found,not-found,not-given,not-given,not-found
entryway coat rack with shoe storage,6,36,not-found,not-found,not-found,not-found,not-given,not-given,not-found
entryway shoe storage rattan,4,28,not-found,not-found,not-found,not-found,not-given,not-given,not-found
entryway shoe storage rack ideas,5,32,not-found,not-found,not-found,not-found,not-given,not-given,not-found
shoe storage for porch entryway,5,31,not-found,not-found,not-found,not-found,not-given,not-given,not-found
pony wall entryway shoe storage,5,31,not-found,not-found,not-found,not-found,not-given,not-given,not-found
pretty shoe storage entryway,4,28,not-found,not-found,not-found,not-found,not-given,not-given,not-found
entryway shoe storage ideas for busy professionals,7,50,not-found,not-found,not-found,not-found,not-given,not-given,not-found
pet-friendly shoe storage for entryway,5,38,not-found,not-found,not-found,not-found,not-given,not-given,not-found
apartment organization bathroom,3,31,not-found,not-found,not-found,not-found,not-given,not-given,not-found
pallet bench diy entryway shoe storage,6,38,not-found,not-found,not-found,not-found,not-given,not-given,not-found
entryway partition with shoe storage,5,36,not-found,not-found,not-found,not-found,not-given,not-given,not-found
entryway shoe storage partition,4,31,not-found,not-found,not-found,not-found,not-given,not-given,not-found
coat closet organization front entry entryway shoe storage,8,58,not-found,not-found,not-found,not-found,not-given,not-given,not-found
pull out shoe storage entryway,5,30,not-found,not-found,not-found,not-found,not-given,not-given,not-found
entryway open shoe storage ideas,5,32,not-found,not-found,not-found,not-found,not-given,not-given,not-found
outdoor shoe storage ideas entrance entryway,6,44,not-found,not-found,not-found,not-found,not-given,not-given,not-found
outside shoe storage ideas porches entryway,6,43,not-found,not-found,not-found,not-found,not-given,not-given,not-found
entryway shoe storage with open shelves ideas,7,45,not-found,not-found,not-found,not-found,not-given,not-given,not-found
outdoor entryway shoe storage ideas,5,35,not-found,not-found,not-found,not-found,not-given,not-given,not-found
shoe storage entryway open,4,26,not-found,not-found,not-found,not-found,not-given,not-given,not-found
entryway shoe storage ottomans,4,30,not-found,not-found,not-found,not-found,not-given,not-given,not-found
entryway shoe storage outdoor,4,29,not-found,not-found,not-found,not-found,not-given,not-given,not-found
entryway shoe storage options,4,29,not-found,not-found,not-found,not-found,not-given,not-given,not-found
narrow shoe storage entryway ideas,5,34,not-found,not-found,not-found,not-found,not-given,not-given,not-found
ikea shoe storage entryway narrow hallways,6,42,not-found,not-found,not-found,not-found,not-given,not-given,not-found
small apartment cabinet organization,4,36,not-found,not-found,not-found,not-found,not-given,not-given,not-found
shoe storage for no entryway,5,28,not-found,not-found,not-found,not-found,not-given,not-given,not-found
no entryway shoe storage ideas,5,30,not-found,not-found,not-found,not-found,not-given,not-given,not-found
entryway decor with shoe storage in niche,7,41,not-found,not-found,not-found,not-found,not-given,not-given,not-found
shoe and coat storage entryway narrow,6,37,not-found,not-found,not-found,not-found,not-given,not-given,not-found
shoe storage with no entryway,5,29,not-found,not-found,not-found,not-found,not-given,not-given,not-found
narrow entryway bench shoe storage,5,34,not-found,not-found,not-found,not-found,not-given,not-given,not-found
shoe storage no entryway,4,24,not-found,not-found,not-found,not-found,not-given,not-given,not-found
entryway shoe storage nook,4,26,not-found,not-found,not-found,not-found,not-given,not-given,not-found
entryway shoe storage narrow,4,28,not-found,not-found,not-found,not-found,not-given,not-given,not-found
entryway ideas with shoe storage and mirror,7,43,not-found,not-found,not-found,not-found,not-given,not-given,not-found
organic modern entryway shoe storage,5,36,not-found,not-found,not-found,not-found,not-given,not-given,not-found
shoe cabinet entryway modern storage,5,36,not-found,not-found,not-found,not-found,not-given,not-given,not-found
modern entryway shoe storage ideas,5,34,not-found,not-found,not-found,not-found,not-given,not-given,not-found
entryway mirror with shoe storage,5,33,not-found,not-found,not-found,not-found,not-given,not-given,not-found
entryway ideas with bench and mirror shoe storage,8,49,not-found,not-found,not-found,not-found,not-given,not-given,not-found
entryway shoe storage mcm,4,25,not-found,not-found,not-found,not-found,not-given,not-given,not-found
entryway shoe storage mirror,4,28,not-found,not-found,not-found,not-found,not-given,not-given,not-found
apartment entrance organization,3,31,not-found,not-found,not-found,not-found,not-given,not-given,not-found
small entryway shoe storage ideas modern luxury,7,47,not-found,not-found,not-found,not-found,not-given,not-given,not-found
shoe storage for living room entryway,6,37,not-found,not-found,not-found,not-found,not-given,not-given,not-found
shoe storage cabinet entryway long,5,34,not-found,not-found,not-found,not-found,not-given,not-given,not-found
shoe storage cabinet entryway luxury,5,36,not-found,not-found,not-found,not-found,not-given,not-given,not-found
large entryway ideas with shoe storage,6,38,not-found,not-found,not-found,not-found,not-given,not-given,not-found
apartment entryway organization,3,31,not-found,not-found,not-found,not-found,not-given,not-given,not-found
living room entryway ideas shoe storage,6,39,not-found,not-found,not-found,not-found,not-given,not-given,not-found
shoe storage ideas entryway luxury,5,34,not-found,not-found,not-found,not-found,not-given,not-given,not-found
entryway shoe storage large,4,27,not-found,not-found,not-found,not-found,not-given,not-given,not-found
entryway shoe storage l shape,5,29,not-found,not-found,not-found,not-found,not-given,not-given,not-found
entryway shoe storage low,4,25,not-found,not-found,not-found,not-found,not-given,not-given,not-found
entryway shoe storage luxury,4,28,not-found,not-found,not-found,not-found,not-given,not-given,not-found
kids shoe storage ideas entryway,5,32,not-found,not-found,not-found,not-found,not-given,not-given,not-found
small entryway shoe storage ideas kids,6,38,not-found,not-found,not-found,not-found,not-given,not-given,not-found
entryway shoe and key storage,5,29,not-found,not-found,not-found,not-found,not-given,not-given,not-found
kallax shoe storage entryway,4,28,not-found,not-found,not-found,not-found,not-given,not-given,not-found
kid shoe storage entryway,4,25,not-found,not-found,not-found,not-found,not-given,not-given,not-found
shoe storage kitchen entryway,4,29,not-found,not-found,not-found,not-found,not-given,not-given,not-found
kitchen entryway ideas shoe storage,5,35,not-found,not-found,not-found,not-found,not-given,not-given,not-found
entryway shoe storage with kids,5,31,not-found,not-found,not-found,not-found,not-given,not-given,not-found
shoe and coat storage entryway kids,6,35,not-found,not-found,not-found,not-found,not-given,not-given,not-found
entryway shoe storage korean,4,28,not-found,not-found,not-found,not-found,not-given,not-given,not-found
entryway shoe storage kids,4,26,not-found,not-found,not-found,not-found,not-given,not-given,not-found
japanese entryway shoe storage,4,30,not-found,not-found,not-found,not-found,not-given,not-given,not-found
small entryway shoe and jacket storage ideas,7,44,not-found,not-found,not-found,not-found,not-given,not-given,not-found
handbag organization apartment,3,30,not-found,not-found,not-found,not-found,not-given,not-given,not-found
entryway shoe and jacket storage ideas,6,38,not-found,not-found,not-found,not-found,not-given,not-given,not-found
entryway shoe jacket storage,4,28,not-found,not-found,not-found,not-found,not-given,not-given,not-found
entryway jacket and shoe storage,5,32,not-found,not-found,not-found,not-found,not-given,not-given,not-found
entryway shoe storage japan,4,27,not-found,not-found,not-found,not-found,not-given,not-given,not-found
entryway shoe storage ideas modern,5,34,not-found,not-found,not-found,not-found,not-given,not-given,not-found
entryway shoe storage ideas hidden,5,34,not-found,not-found,not-found,not-found,not-given,not-given,not-found
entryway shoe storage ideas apartment,5,37,not-found,not-found,not-found,not-found,not-given,not-given,not-found
entryway shoe storage ideas ikea,5,32,not-found,not-found,not-found,not-found,not-given,not-given,not-found
entryway shoe storage inspiration,4,33,not-found,not-found,not-found,not-found,not-given,not-given,not-found
entryway shoe storage ideas bench,5,33,not-found,not-found,not-found,not-found,not-given,not-given,not-found
entryway shoe storage ideas diy,5,31,not-found,not-found,not-found,not-found,not-given,not-given,not-found
entryway shoe storage ideas baskets,5,35,not-found,not-found,not-found,not-found,not-given,not-given,not-found
entryway ideas hooks shoe storage,5,33,not-found,not-found,not-found,not-found,not-given,not-given,not-found
entryway shoe storage ikea hack,5,31,not-found,not-found,not-found,not-found,not-given,not-given,not-found
shoe storage ideas for small spaces entryway front entrances home,10,65,not-found,not-found,not-found,not-found,not-given,not-given,not-found
hidden shoe storage entryway bench,5,34,not-found,not-found,not-found,not-found,not-given,not-given,not-found
hidden shoe and coat storage entryway,6,37,not-found,not-found,not-found,not-found,not-given,not-given,not-found
japan apartment organization,3,28,not-found,not-found,not-found,not-found,not-given,not-given,not-found
entryway ideas with shoe storage and hooks,7,42,not-found,not-found,not-found,not-found,not-given,not-given,not-found
entryway shoe storage hacks and tricks,6,38,not-found,not-found,not-found,not-found,not-given,not-given,not-found
entryway shoe storage hidden,4,28,not-found,not-found,not-found,not-found,not-given,not-given,not-found
garage entryway shoe storage,4,28,not-found,not-found,not-found,not-found,not-given,not-given,not-found
kitchen counter organization apartment,4,38,not-found,not-found,not-found,not-found,not-given,not-given,not-found
apartment kitchen cabinet organization layout,5,45,not-found,not-found,not-found,not-found,not-given,not-given,not-found
shoe storage entryway green,4,27,not-found,not-found,not-found,not-found,not-given,not-given,not-found
entryway guest shoe storage ideas,5,33,not-found,not-found,not-found,not-found,not-given,not-given,not-found
shoe storage cabinet entryway green,5,35,not-found,not-found,not-found,not-found,not-given,not-given,not-found
glam entryway shoe storage ideas,5,32,not-found,not-found,not-found,not-found,not-given,not-given,not-found
diy shoe storage for small spaces entryway,7,42,not-found,not-found,not-found,not-found,not-given,not-given,not-found
shoe storage ideas for small spaces entryway front entrances entrance,10,69,not-found,not-found,not-found,not-found,not-given,not-given,not-found
entryway decor shoe storage front doors,6,39,not-found,not-found,not-found,not-found,not-given,not-given,not-found
shoe storage entryway farmhouse,4,31,not-found,not-found,not-found,not-found,not-given,not-given,not-found
foyer shoe storage entryway front entry,6,39,not-found,not-found,not-found,not-found,not-given,not-given,not-found
little apartment organization,3,29,not-found,not-found,not-found,not-found,not-given,not-given,not-found
shoe storage bench for entryway,5,31,not-found,not-found,not-found,not-found,not-given,not-given,not-found
entryway shoe storage for kids,5,30,not-found,not-found,not-found,not-found,not-given,not-given,not-found
entryway shoe storage furniture,4,31,not-found,not-found,not-found,not-found,not-given,not-given,not-found
entryway shoe storage for guests,5,32,not-found,not-found,not-found,not-found,not-given,not-given,not-found
entryway shoe storage for small spaces,6,38,not-found,not-found,not-found,not-found,not-given,not-given,not-found
entryway with shoe storage and mirror,6,37,not-found,not-found,not-found,not-found,not-given,not-given,not-found
hidden shoe rack entryway storage ideas,6,39,not-found,not-found,not-found,not-found,not-given,not-given,not-found
micro apartment organization,3,28,not-found,not-found,not-found,not-found,not-given,not-given,not-found
mini apartment organization,3,27,not-found,not-found,not-found,not-found,not-given,not-given,not-found
shoe storage cabinet entryway with bench,6,40,not-found,not-found,not-found,not-found,not-given,not-given,not-found
small apartment hacks maximize space closet organization,7,56,not-found,not-found,not-found,not-found,not-given,not-given,not-found
property management organization apartment,4,42,not-found,not-found,not-found,not-found,not-given,not-given,not-found
nyc apartment organization small spaces,5,39,not-found,not-found,not-found,not-found,not-given,not-given,not-found
nyc apartment kitchen organization,4,34,not-found,not-found,not-found,not-found,not-given,not-given,not-found
entryway shoe storage elegant,4,29,not-found,not-found,not-found,not-found,not-given,not-given,not-found
entryway room divider with shoe storage,6,39,not-found,not-found,not-found,not-found,not-given,not-given,not-found
nyc apartment closet organization,4,33,not-found,not-found,not-found,not-found,not-given,not-given,not-found
diy entryway hall tree with shoe storage,7,40,not-found,not-found,not-found,not-found,not-given,not-given,not-found
entryway bench with shoe storage diy,6,36,not-found,not-found,not-found,not-found,not-given,not-given,not-found
entryway decor ideas with shoe storage,6,38,not-found,not-found,not-found,not-found,not-given,not-given,not-found
entryway shoe storage diy ideas,5,31,not-found,not-found,not-found,not-found,not-given,not-given,not-found
entryway shoe storage divider,4,29,not-found,not-found,not-found,not-found,not-given,not-given,not-found
entryway shoe storage design,4,28,not-found,not-found,not-found,not-found,not-given,not-given,not-found
entryway shoe storage decor ideas,5,33,not-found,not-found,not-found,not-found,not-given,not-given,not-found
entryway shoe storage chair,4,27,not-found,not-found,not-found,not-found,not-given,not-given,not-found
entryway shoe storage cute,4,26,not-found,not-found,not-found,not-found,not-given,not-given,not-found
entryway shoe storage coat rack,5,31,not-found,not-found,not-found,not-found,not-given,not-given,not-found
entryway shoe storage cubby ideas,5,33,not-found,not-found,not-found,not-found,not-given,not-given,not-found
entryway shoe storage classy,4,28,not-found,not-found,not-found,not-found,not-given,not-given,not-found
entryway shoe storage console,4,29,not-found,not-found,not-found,not-found,not-given,not-given,not-found
entryway shoe storage cabinet decor,5,35,not-found,not-found,not-found,not-found,not-given,not-given,not-found
entryway shoe storage colorful,4,30,not-found,not-found,not-found,not-found,not-given,not-given,not-found
entryway shoe storage corner,4,28,not-found,not-found,not-found,not-found,not-given,not-given,not-found
entryway shoe storage closet,4,28,not-found,not-found,not-found,not-found,not-given,not-given,not-found
entryway shoe storage cabinet ideas,5,35,not-found,not-found,not-found,not-found,not-given,not-given,not-found
entryway shoe storage big,4,25,not-found,not-found,not-found,not-found,not-given,not-given,not-found
entryway shoe storage by stairs,5,31,not-found,not-found,not-found,not-found,not-given,not-given,not-found
entryway shoe storage boots,4,27,not-found,not-found,not-found,not-found,not-given,not-given,not-found
entryway shoe storage bench diy plans,6,37,not-found,not-found,not-found,not-found,not-given,not-given,not-found
entryway shoe storage behind couch,5,34,not-found,not-found,not-found,not-found,not-given,not-given,not-found
entryway shoe storage black,4,27,not-found,not-found,not-found,not-found,not-given,not-given,not-found
entryway shoe storage basket ideas,5,34,not-found,not-found,not-found,not-found,not-given,not-given,not-found
entryway shoe storage built in,5,30,not-found,not-found,not-found,not-found,not-given,not-given,not-found
small apartment organization tips,4,33,not-found,not-found,not-found,not-found,not-given,not-given,not-found
entryway shoe storage bench ideas,5,33,not-found,not-found,not-found,not-found,not-given,not-given,not-found
entryway shoe storage amazon,4,28,not-found,not-found,not-found,not-found,not-given,not-given,not-found
entryway shoe storage and table,5,31,not-found,not-found,not-found,not-found,not-given,not-given,not-found
entryway shoe storage antique,4,29,not-found,not-found,not-found,not-found,not-given,not-given,not-found
entryway shoe storage and coat hooks,6,36,not-found,not-found,not-found,not-found,not-given,not-given,not-found
entryway shoe storage and mirror,5,32,not-found,not-found,not-found,not-found,not-given,not-given,not-found
entryway shoe storage and bench ideas,6,37,not-found,not-found,not-found,not-found,not-given,not-given,not-found
entryway shoe storage and hooks,5,31,not-found,not-found,not-found,not-found,not-given,not-given,not-found
very small apartment organization,4,33,not-found,not-found,not-found,not-found,not-given,not-given,not-found
entryway shoe storage aesthetic,4,31,not-found,not-found,not-found,not-found,not-given,not-given,not-found
apartment organization with baby,4,32,not-found,not-found,not-found,not-found,not-given,not-given,not-found
apartment wall organization,3,27,not-found,not-found,not-found,not-found,not-given,not-given,not-found
entryway shoe storage and seating,5,33,not-found,not-found,not-found,not-found,not-given,not-given,not-found
entryway shoe storage and bench,5,31,not-found,not-found,not-found,not-found,not-given,not-given,not-found
entryway shoe storage bench diy,5,31,not-found,not-found,not-found,not-found,not-given,not-given,not-found
apartment walkin closet organization,4,36,not-found,not-found,not-found,not-found,not-given,not-given,not-found
small apartment walk in closet organization,6,43,not-found,not-found,not-found,not-found,not-given,not-given,not-found
entryway shoe storage cabinet,4,29,not-found,not-found,not-found,not-found,not-given,not-given,not-found
entryway shoe storage ideas small space,6,39,not-found,not-found,not-found,not-found,not-given,not-given,not-found
entryway shoe storage decor,4,27,not-found,not-found,not-found,not-found,not-given,not-given,not-found
organization ideas for 1 bedroom apartment,6,42,not-found,not-found,not-found,not-found,not-given,not-given,not-found
1 bedroom apartment organization ideas,5,38,not-found,not-found,not-found,not-found,not-given,not-given,not-found
2 bedroom apartment organization,4,32,not-found,not-found,not-found,not-found,not-given,not-given,not-found
